{"type":"FeatureCollection","features":[{"type":"Feature","id":"10001","properties":{"modzcta":"10001"},"geometry":{"type":"MultiPolygon","coordinates":[[[[-73.9877,40.7441],[-73.989,40.7438],[-73.991,40.7454],[-73.9919,40.7442],[-73.9949,40.7451],[-73.9978,40.7459],[-73.9976,40.7466],[-74.0004,40.7478],[-74.0037,40.7484],[-74.0065,40.7496],[-74.008,40.7493],[-74.0082,40.7495],[-74.0083,40.7498],[-74.0083,40.7498],[-74.0084,40.7501],[-74.0083,40.7506],[-74.0081,40.7512],[-74.0079,40.7518],[-74.0074,40.7531],[-74.0071,40.754],[-74.0069,40.7543],[-74.0057,40.7559],[-74.0049,40.757],[-74.0035,40.759],[-74.003,40.7597],[-74.0001,40.7584],[-74.0006,40.7577],[-74.0015,40.7565],[-74.0,40.7566],[-73.9982,40.7559],[-73.9977,40.7548],[-73.9976,40.7548],[-73.9975,40.7548],[-73.997,40.7546],[-73.993,40.7529],[-73.9897,40.7523],[-73.9878,40.7507],[-73.9872,40.7504],[-73.9846,40.7484],[-73.9855,40.7472],[-73.9864,40.7459],[-73.9873,40.7447],[-73.9877,40.7441]]]]}},{"type":"Feature","id":"10002","properties":{"modzcta":"10002"},"geometry":{"type":"MultiPolygon","coordinates":[[[[-73.9975,40.7141],[-73.9968,40.715],[-73.9962,40.716],[-73.9961,40.7162],[-73.9954,40.7173],[-73.9944,40.7195],[-73.9941,40.7202],[-73.994,40.7204],[-73.9935,40.7216],[-73.9933,40.7221],[-73.9931,40.7228],[-73.9926,40.7241],[-73.9922,40.724],[-73.9913,40.7237],[-73.9903,40.7234],[-73.9888,40.723],[-73.9885,40.7229],[-73.9871,40.7225],[-73.9855,40.722],[-73.9838,40.7215],[-73.9822,40.721],[-73.9801,40.7203],[-73.9788,40.7199],[-73.9785,40.7203],[-73.9783,40.7206],[-73.9775,40.7203],[-73.9762,40.7198],[-73.975,40.7194],[-73.9751,40.7189],[-73.9749,40.7189],[-73.9747,40.7188],[-73.9746,40.7188],[-73.9737,40.7183],[-73.9741,40.7172],[-73.9745,40.7162],[-73.9749,40.7151],[-73.9752,40.7146],[-73.9752,40.7145],[-73.9752,40.7144],[-73.9758,40.7132],[-73.976,40.7128],[-73.9761,40.7125],[-73.9763,40.7121],[-73.9765,40.7118],[-73.9767,40.7115],[-73.977,40.7113],[-73.9772,40.7111],[-73.9777,40.7107],[-73.9779,40.7106],[-73.9781,40.7105],[-73.9783,40.7105],[-73.9786,40.7105],[-73.9792,40.7104],[-73.9793,40.7104],[-73.9803,40.7104],[-73.9803,40.7103],[-73.9813,40.7102],[-73.9831,40.7096],[-73.9845,40.7095],[-73.9882,40.7092],[-73.9884,40.7091],[-73.9885,40.7092],[-73.9886,40.7099],[-73.9887,40.7099],[-73.9887,40.7099],[-73.9888,40.71],[-73.9894,40.7099],[-73.9896,40.7099],[-73.9902,40.7098],[-73.9908,40.7097],[-73.9914,40.7096],[-73.9918,40.7096],[-73.9919,40.7096],[-73.992,40.7096],[-73.9921,40.7098],[-73.9919,40.7098],[-73.9918,40.7098],[-73.9919,40.7106],[-73.9921,40.7109],[-73.9924,40.7108],[-73.9926,40.7108],[-73.9928,40.7108],[-73.9941,40.7101],[-73.9961,40.7092],[-73.9961,40.7095],[-73.9962,40.7097],[-73.9964,40.7098],[-73.9964,40.7099],[-73.9967,40.7112],[-73.9968,40.7115],[-73.9969,40.7118],[-73.9969,40.7121],[-73.9973,40.7135],[-73.9975,40.7141],[-73.9975,40.7141]]]]}},{"type":"Feature","id":"10003","properties":{"modzcta":"10003"},"geometry":{"type":"MultiPolygon","coordinates":[[[[-73.9886,40.7229],[-73.9894,40.7232],[-73.991,40.7237],[-73.9914,40.7238],[-73.9925,40.7241],[-73.9926,40.7242],[-73.9922,40.7252],[-73.9918,40.7264],[-73.9936,40.7273],[-73.9943,40.7284],[-73.9958,40.7292],[-73.9974,40.7299],[-73.9984,40.7304],[-73.9996,40.731],[-73.9986,40.7322],[-73.9966,40.7319],[-73.9959,40.7328],[-73.995,40.734],[-73.9941,40.7353],[-73.9931,40.7367],[-73.9922,40.7379],[-73.9914,40.7391],[-73.9898,40.7392],[-73.9877,40.7383],[-73.9872,40.7389],[-73.9864,40.7385],[-73.9861,40.7376],[-73.985,40.7379],[-73.9845,40.737],[-73.9823,40.736],[-73.9799,40.735],[-73.9801,40.7345],[-73.9804,40.7341],[-73.9809,40.7334],[-73.9813,40.7329],[-73.9818,40.7322],[-73.9823,40.7315],[-73.9826,40.7314],[-73.9835,40.73],[-73.9844,40.7288],[-73.9853,40.7276],[-73.9862,40.7264],[-73.987,40.7252],[-73.988,40.7239],[-73.9882,40.7236],[-73.9886,40.723],[-73.9886,40.7229]]]]}},{"type":"Feature","id":"10026","properties":{"modzcta":"10026"},"geometry":{"type":"MultiPolygon","coordinates":[[[[-73.962,40.8055],[-73.9603,40.804],[-73.962,40.8055],[-73.962,40.8055]]],[[[-73.9586,40.8],[-73.9596,40.8012],[-73.9587,40.8025],[-73.9582,40.8039],[-73.9582,40.8045],[-73.9583,40.8048],[-73.9583,40.805],[-73.9583,40.8053],[-73.9582,40.8055],[-73.9577,40.8063],[-73.9568,40.8075],[-73.954,40.8064],[-73.9529,40.8067],[-73.9507,40.8058],[-73.9479,40.8046],[-73.9479,40.8044],[-73.9475,40.8042],[-73.9448,40.803],[-73.9455,40.802],[-73.9465,40.8007],[-73.9473,40.7995],[-73.9474,40.7994],[-73.9477,40.799],[-73.9478,40.7988],[-73.948,40.7985],[-73.9482,40.7983],[-73.9483,40.7981],[-73.9491,40.7971],[-73.9497,40.7971],[-73.9524,40.7982],[-73.9525,40.7983],[-73.9552,40.7994],[-73.9553,40.7994],[-73.9579,40.8005],[-73.9583,40.8004],[-73.9586,40.8]]]]}},{"type":"Feature","id":"10004","properties":{"modzcta":"10004"},"geometry":{"type":"MultiPolygon","coordinates":[[[[-74.0083,40.7077],[-74.0089,40.709],[-74.0083,40.7077],[-74.0083,40.7077]]],[[[-74.0158,40.7013],[-74.0158,40.7019],[-74.0158,40.7021],[-74.0165,40.7033],[-74.0166,40.7039],[-74.0167,40.7046],[-74.0167,40.7048],[-74.0169,40.7048],[-74.0172,40.7049],[-74.0174,40.7049],[-74.0177,40.7051],[-74.0179,40.7054],[-74.018,40.7056],[-74.018,40.7057],[-74.018,40.7059],[-74.018,40.7061],[-74.0179,40.7063],[-74.0177,40.7067],[-74.0167,40.7065],[-74.0163,40.7064],[-74.0161,40.7064],[-74.0159,40.7067],[-74.0151,40.7063],[-74.0151,40.7062],[-74.0149,40.7062],[-74.0146,40.7061],[-74.0144,40.7062],[-74.0144,40.7061],[-74.014,40.7061],[-74.0133,40.7059],[-74.0124,40.7068],[-74.0112,40.7063],[-74.0115,40.705],[-74.01,40.7051],[-74.0089,40.7049],[-74.0095,40.7045],[-74.009,40.7041],[-74.008,40.7032],[-74.0078,40.7031],[-74.0076,40.703],[-74.0076,40.7029],[-74.0077,40.7029],[-74.0077,40.7029],[-74.0084,40.7025],[-74.0092,40.702],[-74.0096,40.7019],[-74.0108,40.7016],[-74.0112,40.7015],[-74.0111,40.7013],[-74.0113,40.7012],[-74.0111,40.7011],[-74.0111,40.7009],[-74.0111,40.7009],[-74.0111,40.7009],[-74.0111,40.7008],[-74.011,40.7007],[-74.011,40.7007],[-74.011,40.7007],[-74.011,40.7007],[-74.011,40.7006],[-74.011,40.7006],[-74.0109,40.7006],[-74.0109,40.7005],[-74.0109,40.7005],[-74.0109,40.7005],[-74.0108,40.7002],[-74.0108,40.7002],[-74.011,40.7006],[-74.0111,40.7007],[-74.0111,40.7009],[-74.0114,40.7009],[-74.0113,40.7006],[-74.0113,40.7006],[-74.0114,40.7006],[-74.0114,40.7007],[-74.0115,40.7008],[-74.0117,40.7007],[-74.0117,40.7006],[-74.0116,40.7005],[-74.0116,40.7005],[-74.0117,40.7005],[-74.0117,40.7005],[-74.0118,40.7007],[-74.0119,40.7007],[-74.012,40.7007],[-74.0121,40.7007],[-74.012,40.7005],[-74.0119,40.7002],[-74.0119,40.7001],[-74.012,40.7001],[-74.0121,40.7001],[-74.0122,40.7002],[-74.0123,40.7004],[-74.0124,40.7006],[-74.0126,40.7006],[-74.0126,40.7004],[-74.0125,40.7002],[-74.0125,40.7001],[-74.0127,40.7001],[-74.0127,40.7002],[-74.0128,40.7004],[-74.0129,40.7004],[-74.0129,40.7005],[-74.0131,40.7005],[-74.0131,40.7004],[-74.0131,40.7001],[-74.013,40.6998],[-74.013,40.6998],[-74.0131,40.6998],[-74.0132,40.6999],[-74.0132,40.7001],[-74.0132,40.7003],[-74.0133,40.7005],[-74.0135,40.7004],[-74.0135,40.7002],[-74.0136,40.7001],[-74.0137,40.7001],[-74.0136,40.7002],[-74.0136,40.7002],[-74.0135,40.7003],[-74.0136,40.7003],[-74.0135,40.7004],[-74.0136,40.7004],[-74.0135,40.7004],[-74.0136,40.7005],[-74.0136,40.7005],[-74.0135,40.7006],[-74.0139,40.701],[-74.0142,40.7006],[-74.0143,40.7007],[-74.0147,40.7008],[-74.0148,40.7009],[-74.0151,40.7008],[-74.0158,40.7013],[-74.0158,40.7013]]]]}},{"type":"Feature","id":"10005","properties":{"modzcta":"10005"},"geometry":{"type":"MultiPolygon","coordinates":[[[[-74.0078,40.7031],[-74.008,40.7032],[-74.009,40.7041],[-74.0095,40.7045],[-74.0089,40.7049],[-74.01,40.7051],[-74.0115,40.705],[-74.0112,40.7063],[-74.0124,40.7068],[-74.0119,40.7075],[-74.0112,40.7083],[-74.0108,40.7088],[-74.0097,40.7088],[-74.0089,40.709],[-74.0094,40.7086],[-74.0086,40.7073],[-74.0068,40.7067],[-74.0055,40.7058],[-74.0052,40.7049],[-74.0046,40.7052],[-74.0047,40.7051],[-74.0062,40.7041],[-74.0077,40.7032],[-74.0078,40.7031]]]]}},{"type":"Feature","id":"10006","properties":{"modzcta":"10006"},"geometry":{"type":"MultiPolygon","coordinates":[[[[-74.0125,40.7068],[-74.014,40.7061],[-74.0144,40.7061],[-74.0144,40.7062],[-74.0146,40.7061],[-74.0149,40.7062],[-74.0151,40.7062],[-74.0151,40.7063],[-74.0159,40.7067],[-74.0159,40.707],[-74.0159,40.7071],[-74.0158,40.7072],[-74.0157,40.7077],[-74.0156,40.708],[-74.0153,40.7085],[-74.015,40.7095],[-74.0149,40.7098],[-74.0147,40.7105],[-74.0145,40.711],[-74.0143,40.7119],[-74.0139,40.7137],[-74.0137,40.7137],[-74.0125,40.7132],[-74.0117,40.7128],[-74.0105,40.7115],[-74.0112,40.7104],[-74.0105,40.7092],[-74.011,40.7086],[-74.0117,40.7078],[-74.0125,40.7068],[-74.0125,40.7068]]]]}},{"type":"Feature","id":"10007","properties":{"modzcta":"10007"},"geometry":{"type":"MultiPolygon","coordinates":[[[[-74.01,40.7098],[-74.0108,40.711],[-74.0101,40.7121],[-74.0118,40.7128],[-74.0131,40.7134],[-74.0138,40.7137],[-74.0134,40.7151],[-74.0133,40.7157],[-74.0131,40.7165],[-74.0127,40.7171],[-74.0116,40.7166],[-74.0092,40.7155],[-74.0075,40.7154],[-74.0067,40.7165],[-74.0045,40.7163],[-74.0021,40.7152],[-74.0007,40.7145],[-74.0009,40.7133],[-74.0009,40.713],[-74.0031,40.7123],[-74.0039,40.7118],[-74.0041,40.7118],[-74.0043,40.7118],[-74.0044,40.7118],[-74.0045,40.7119],[-74.0046,40.7119],[-74.0049,40.7121],[-74.005,40.7121],[-74.0052,40.7121],[-74.0054,40.7122],[-74.0057,40.7121],[-74.0061,40.7119],[-74.0074,40.7116],[-74.008,40.7114],[-74.0086,40.7114],[-74.0095,40.7104],[-74.01,40.7098],[-74.01,40.7098]]]]}},{"type":"Feature","id":"10009","properties":{"modzcta":"10009"},"geometry":{"type":"MultiPolygon","coordinates":[[[[-73.9886,40.7229],[-73.9884,40.7233],[-73.9881,40.7237],[-73.9875,40.7246],[-73.9866,40.7258],[-73.9857,40.727],[-73.9849,40.7282],[-73.984,40.7294],[-73.9831,40.7307],[-73.9824,40.7314],[-73.982,40.732],[-73.9815,40.7326],[-73.9811,40.7332],[-73.9806,40.7338],[-73.9802,40.7344],[-73.9798,40.735],[-73.9796,40.7348],[-73.9788,40.7344],[-73.9778,40.734],[-73.9762,40.7333],[-73.9746,40.7327],[-73.9744,40.7326],[-73.9742,40.7325],[-73.9741,40.7325],[-73.9737,40.7323],[-73.9736,40.7321],[-73.9735,40.7318],[-73.9734,40.7313],[-73.9734,40.7312],[-73.9733,40.7312],[-73.9732,40.7311],[-73.9731,40.731],[-73.9731,40.7309],[-73.9729,40.7308],[-73.9727,40.7306],[-73.9726,40.7305],[-73.9725,40.7304],[-73.9722,40.7302],[-73.9721,40.7301],[-73.972,40.73],[-73.9719,40.7299],[-73.9718,40.7298],[-73.9717,40.7297],[-73.9716,40.7296],[-73.9715,40.7294],[-73.9715,40.7293],[-73.9714,40.7291],[-73.9714,40.729],[-73.9714,40.7288],[-73.9714,40.7286],[-73.9715,40.7283],[-73.9715,40.7282],[-73.9716,40.7277],[-73.9716,40.7276],[-73.9716,40.7276],[-73.9716,40.7276],[-73.9716,40.7274],[-73.9715,40.7274],[-73.9715,40.7274],[-73.9715,40.7274],[-73.9717,40.7264],[-73.9717,40.7261],[-73.9718,40.7258],[-73.9718,40.7258],[-73.9719,40.7256],[-73.9719,40.7254],[-73.9719,40.7252],[-73.972,40.725],[-73.972,40.7247],[-73.9721,40.7245],[-73.9721,40.7245],[-73.9722,40.7242],[-73.9722,40.7239],[-73.9723,40.7237],[-73.9724,40.7233],[-73.9725,40.7227],[-73.973,40.7206],[-73.9732,40.7197],[-73.9735,40.7188],[-73.9747,40.7188],[-73.9749,40.7189],[-73.975,40.7189],[-73.9751,40.719],[-73.9757,40.7197],[-73.9765,40.7199],[-73.9782,40.7207],[-73.9784,40.7205],[-73.9787,40.72],[-73.9797,40.7202],[-73.9813,40.7207],[-73.983,40.7212],[-73.9847,40.7217],[-73.9863,40.7222],[-73.9879,40.7227],[-73.9886,40.7229],[-73.9886,40.7229]]]]}},{"type":"Feature","id":"10010","properties":{"modzcta":"10010"},"geometry":{"type":"MultiPolygon","coordinates":[[[[-73.9798,40.735],[-73.9804,40.7352],[-73.9839,40.7367],[-73.9841,40.7375],[-73.9854,40.7373],[-73.9868,40.7379],[-73.9869,40.7387],[-73.9873,40.7389],[-73.9878,40.7383],[-73.9909,40.7397],[-73.994,40.7413],[-73.9933,40.7422],[-73.9923,40.7436],[-73.9919,40.7442],[-73.991,40.7454],[-73.989,40.7438],[-73.9877,40.7441],[-73.9846,40.7427],[-73.985,40.7421],[-73.9834,40.7414],[-73.9818,40.7407],[-73.9795,40.7398],[-73.9782,40.7392],[-73.9752,40.738],[-73.9747,40.7378],[-73.9745,40.7378],[-73.9744,40.7378],[-73.9743,40.7379],[-73.9742,40.738],[-73.9742,40.7381],[-73.9741,40.7382],[-73.9735,40.739],[-73.9733,40.7397],[-73.9741,40.7399],[-73.9744,40.7401],[-73.9753,40.7413],[-73.9731,40.7403],[-73.9729,40.7417],[-73.9727,40.7422],[-73.9725,40.7427],[-73.9724,40.743],[-73.9721,40.7432],[-73.972,40.7432],[-73.9717,40.7431],[-73.9718,40.7427],[-73.9718,40.7426],[-73.972,40.7419],[-73.9721,40.7416],[-73.9722,40.7411],[-73.9723,40.7407],[-73.9722,40.7407],[-73.9722,40.7407],[-73.9722,40.7407],[-73.9722,40.7404],[-73.9722,40.7404],[-73.9722,40.7403],[-73.9723,40.7403],[-73.9722,40.7403],[-73.9723,40.74],[-73.9724,40.74],[-73.9727,40.7392],[-73.9726,40.739],[-73.9726,40.7388],[-73.9726,40.7387],[-73.9726,40.7387],[-73.9726,40.7385],[-73.9726,40.7384],[-73.9726,40.7384],[-73.9726,40.7382],[-73.9726,40.7382],[-73.9726,40.738],[-73.9726,40.7379],[-73.9726,40.7379],[-73.9726,40.7378],[-73.9726,40.7368],[-73.9726,40.7367],[-73.9726,40.7365],[-73.9725,40.7358],[-73.9729,40.7358],[-73.9745,40.7363],[-73.9745,40.7361],[-73.9745,40.7359],[-73.9745,40.7356],[-73.9744,40.7352],[-73.9744,40.7351],[-73.9744,40.7349],[-73.9743,40.7346],[-73.9742,40.7344],[-73.9742,40.7342],[-73.9741,40.734],[-73.974,40.7337],[-73.974,40.7334],[-73.9739,40.7334],[-73.9739,40.7333],[-73.9739,40.7333],[-73.9739,40.7333],[-73.9739,40.7332],[-73.9738,40.7332],[-73.9738,40.7332],[-73.9738,40.7332],[-73.9738,40.7332],[-73.9737,40.7332],[-73.9737,40.7332],[-73.9737,40.7332],[-73.9737,40.7332],[-73.9737,40.7332],[-73.9738,40.7331],[-73.9738,40.7331],[-73.9738,40.7331],[-73.9739,40.7331],[-73.9737,40.7323],[-73.9741,40.7325],[-73.9742,40.7325],[-73.9744,40.7326],[-73.9746,40.7327],[-73.9762,40.7333],[-73.9778,40.734],[-73.9788,40.7344],[-73.9796,40.7348],[-73.9798,40.735],[-73.9798,40.735]]]]}},{"type":"Feature","id":"10011","properties":{"modzcta":"10011"},"geometry":{"type":"MultiPolygon","coordinates":[[[[-74.0092,40.7424],[-74.009,40.7433],[-74.0088,40.7444],[-74.0087,40.7449],[-74.0085,40.7461],[-74.0082,40.7476],[-74.0081,40.7484],[-74.0088,40.7486],[-74.0092,40.7489],[-74.0096,40.7499],[-74.0095,40.7501],[-74.0095,40.7501],[-74.0091,40.7503],[-74.0087,40.7514],[-74.0087,40.7516],[-74.0085,40.7519],[-74.0084,40.7522],[-74.008,40.7533],[-74.0077,40.754],[-74.0077,40.7543],[-74.0075,40.7545],[-74.0073,40.7547],[-74.0073,40.755],[-74.007,40.7552],[-74.0067,40.7555],[-74.0062,40.7562],[-74.0058,40.7559],[-74.0067,40.7545],[-74.007,40.7542],[-74.0071,40.7538],[-74.0077,40.7524],[-74.008,40.7515],[-74.0082,40.7509],[-74.0084,40.7503],[-74.0084,40.75],[-74.0083,40.7498],[-74.0083,40.7496],[-74.0081,40.7493],[-74.007,40.7489],[-74.0042,40.7486],[-74.0009,40.7471],[-73.9989,40.7471],[-73.998,40.7459],[-73.9976,40.7462],[-73.9921,40.7439],[-73.9928,40.7429],[-73.9937,40.7416],[-73.9911,40.7401],[-73.9914,40.7391],[-73.9922,40.7379],[-73.9931,40.7367],[-73.9941,40.7353],[-73.995,40.734],[-73.9959,40.7328],[-73.9966,40.7319],[-73.9986,40.7322],[-73.9996,40.731],[-74.0005,40.7323],[-73.9998,40.7333],[-73.9996,40.7339],[-74.0,40.7347],[-74.0007,40.7359],[-74.0015,40.7372],[-74.002,40.7381],[-74.0031,40.7388],[-74.0031,40.7391],[-74.0025,40.7398],[-74.0028,40.7404],[-74.0049,40.7409],[-74.0054,40.7409],[-74.0051,40.7413],[-74.0049,40.7417],[-74.0077,40.7428],[-74.008,40.7425],[-74.0082,40.7422],[-74.0088,40.7424],[-74.009,40.7424],[-74.0092,40.7424]]]]}},{"type":"Feature","id":"10012","properties":{"modzcta":"10012"},"geometry":{"type":"MultiPolygon","coordinates":[[[[-74.0041,40.7254],[-74.0037,40.7263],[-74.003,40.7267],[-74.0025,40.7276],[-74.0029,40.7283],[-74.0028,40.7284],[-74.0022,40.7297],[-74.0017,40.7306],[-74.001,40.7317],[-73.9989,40.7307],[-73.9981,40.7303],[-73.9966,40.7296],[-73.9951,40.7288],[-73.9931,40.7279],[-73.9919,40.7264],[-73.9921,40.7256],[-73.9923,40.7249],[-73.9926,40.7241],[-73.9931,40.7228],[-73.9933,40.7221],[-73.9935,40.7216],[-73.994,40.7204],[-73.9941,40.7203],[-73.9953,40.7199],[-73.9968,40.7205],[-73.9977,40.7208],[-73.999,40.7214],[-74.0007,40.7222],[-74.0022,40.7229],[-74.0036,40.7237],[-74.0046,40.7242],[-74.0043,40.7249],[-74.0041,40.7254]]]]}},{"type":"Feature","id":"10013","properties":{"modzcta":"10013"},"geometry":{"type":"MultiPolygon","coordinates":[[[[-74.0129,40.7172],[-74.0124,40.7191],[-74.0127,40.7191],[-74.013,40.7192],[-74.013,40.7195],[-74.0128,40.7204],[-74.0125,40.7218],[-74.0122,40.7231],[-74.012,40.7243],[-74.0114,40.7243],[-74.0113,40.7247],[-74.0112,40.7252],[-74.011,40.7258],[-74.0109,40.7261],[-74.0099,40.7261],[-74.0088,40.7275],[-74.0055,40.7272],[-74.0037,40.7263],[-74.0041,40.7254],[-74.0043,40.7249],[-74.0046,40.7242],[-74.0036,40.7237],[-74.0022,40.7229],[-74.0007,40.7222],[-73.999,40.7214],[-73.9977,40.7208],[-73.9968,40.7205],[-73.9953,40.7199],[-73.9941,40.7203],[-73.9941,40.7202],[-73.9944,40.7195],[-73.9954,40.7173],[-73.9961,40.7162],[-73.9962,40.716],[-73.9968,40.715],[-73.9975,40.7141],[-73.9976,40.714],[-73.9976,40.7139],[-73.9977,40.7139],[-73.9979,40.7138],[-73.998,40.7137],[-73.9986,40.7135],[-73.9995,40.7139],[-73.9996,40.7145],[-74.0007,40.7145],[-74.0021,40.7152],[-74.0045,40.7163],[-74.0067,40.7165],[-74.0075,40.7154],[-74.0092,40.7155],[-74.0116,40.7166],[-74.0127,40.7171],[-74.0129,40.7172]]]]}},{"type":"Feature","id":"10014","properties":{"modzcta":"10014"},"geometry":{"type":"MultiPolygon","coordinates":[[[[-74.012,40.7243],[-74.0117,40.7259],[-74.0116,40.7261],[-74.0116,40.7262],[-74.0114,40.7282],[-74.0112,40.7305],[-74.011,40.7323],[-74.0109,40.7331],[-74.0109,40.7334],[-74.0108,40.7334],[-74.0108,40.7334],[-74.0108,40.7334],[-74.0107,40.7334],[-74.0107,40.7335],[-74.0107,40.7335],[-74.0108,40.7336],[-74.0108,40.7336],[-74.0108,40.7336],[-74.0108,40.734],[-74.0108,40.7345],[-74.0106,40.7361],[-74.0106,40.737],[-74.0105,40.7381],[-74.0104,40.7387],[-74.0105,40.7392],[-74.0107,40.7392],[-74.0115,40.7393],[-74.0116,40.7393],[-74.0116,40.7395],[-74.0116,40.7396],[-74.0115,40.74],[-74.0115,40.7407],[-74.0107,40.7407],[-74.0095,40.7407],[-74.0095,40.7408],[-74.0095,40.7408],[-74.0094,40.7412],[-74.0093,40.7419],[-74.009,40.7424],[-74.0088,40.7424],[-74.0082,40.7422],[-74.008,40.7425],[-74.0077,40.7428],[-74.0049,40.7417],[-74.0051,40.7413],[-74.0054,40.7409],[-74.0049,40.7409],[-74.0028,40.7404],[-74.0025,40.7398],[-74.0031,40.7391],[-74.0031,40.7388],[-74.002,40.7381],[-74.0015,40.7372],[-74.0007,40.7359],[-74.0,40.7347],[-73.9996,40.7339],[-73.9998,40.7333],[-74.0005,40.7323],[-74.0014,40.7311],[-74.0021,40.7298],[-74.0025,40.729],[-74.0028,40.7284],[-74.0032,40.7277],[-74.0031,40.7269],[-74.0034,40.7262],[-74.0057,40.7264],[-74.0073,40.7273],[-74.0096,40.7276],[-74.0099,40.726],[-74.011,40.7261],[-74.011,40.7257],[-74.0112,40.7248],[-74.0114,40.7243],[-74.0116,40.7243],[-74.012,40.7243]]]]}},{"type":"Feature","id":"10016","properties":{"modzcta":"10016"},"geometry":{"type":"MultiPolygon","coordinates":[[[[-73.9877,40.7441],[-73.9868,40.7453],[-73.9859,40.7465],[-73.985,40.7478],[-73.9841,40.7491],[-73.9832,40.7503],[-73.9823,40.7516],[-73.9802,40.7515],[-73.9786,40.7508],[-73.977,40.7502],[-73.9745,40.7491],[-73.974,40.7497],[-73.9731,40.7485],[-73.9714,40.7478],[-73.9704,40.7481],[-73.9703,40.7481],[-73.9699,40.748],[-73.9696,40.7479],[-73.9686,40.7474],[-73.9685,40.7474],[-73.9682,40.7474],[-73.9683,40.7473],[-73.9683,40.7473],[-73.9683,40.7472],[-73.9684,40.7472],[-73.9685,40.7471],[-73.9685,40.747],[-73.9685,40.747],[-73.9686,40.7469],[-73.9686,40.7469],[-73.9686,40.7469],[-73.9687,40.7468],[-73.9687,40.7468],[-73.9687,40.7468],[-73.9689,40.7465],[-73.969,40.7465],[-73.969,40.7465],[-73.969,40.7465],[-73.9691,40.7464],[-73.9692,40.7462],[-73.9692,40.7462],[-73.9693,40.7461],[-73.9693,40.7461],[-73.9694,40.746],[-73.9694,40.746],[-73.9695,40.7459],[-73.9695,40.7458],[-73.9696,40.7457],[-73.9697,40.7457],[-73.9699,40.7454],[-73.9699,40.7455],[-73.9699,40.7455],[-73.97,40.7454],[-73.9701,40.7453],[-73.9703,40.7451],[-73.9703,40.745],[-73.9704,40.7449],[-73.9705,40.7449],[-73.9706,40.7447],[-73.9708,40.7444],[-73.9709,40.7444],[-73.9709,40.7445],[-73.9709,40.7445],[-73.9709,40.7445],[-73.971,40.7444],[-73.9712,40.7442],[-73.9712,40.7441],[-73.9713,40.744],[-73.9712,40.7438],[-73.9713,40.7437],[-73.9715,40.7433],[-73.9717,40.7431],[-73.972,40.7432],[-73.9721,40.7432],[-73.9724,40.743],[-73.9725,40.7427],[-73.9727,40.7422],[-73.9729,40.7417],[-73.9731,40.7403],[-73.9753,40.7413],[-73.9744,40.7401],[-73.9741,40.7399],[-73.9733,40.7397],[-73.9735,40.739],[-73.9741,40.7382],[-73.9742,40.7381],[-73.9742,40.738],[-73.9743,40.7379],[-73.9744,40.7378],[-73.9745,40.7378],[-73.9747,40.7378],[-73.9752,40.738],[-73.9782,40.7392],[-73.9795,40.7398],[-73.9818,40.7407],[-73.9834,40.7414],[-73.985,40.7421],[-73.9846,40.7427],[-73.9877,40.7441],[-73.9877,40.7441]]]]}},{"type":"Feature","id":"10017","properties":{"modzcta":"10017"},"geometry":{"type":"MultiPolygon","coordinates":[[[[-73.9818,40.7522],[-73.9809,40.7534],[-73.9806,40.7539],[-73.9802,40.7545],[-73.9795,40.7554],[-73.979,40.756],[-73.9781,40.7573],[-73.976,40.7572],[-73.9744,40.7566],[-73.9737,40.7562],[-73.9724,40.7565],[-73.9685,40.7549],[-73.9665,40.7533],[-73.9651,40.7526],[-73.9648,40.7525],[-73.9646,40.7525],[-73.9647,40.7523],[-73.9652,40.7519],[-73.9651,40.7518],[-73.9649,40.7517],[-73.9653,40.751],[-73.9681,40.7477],[-73.9682,40.7476],[-73.9685,40.7474],[-73.9686,40.7474],[-73.9696,40.7479],[-73.9699,40.748],[-73.9703,40.7481],[-73.9704,40.7481],[-73.9714,40.7478],[-73.9731,40.7485],[-73.974,40.7497],[-73.9745,40.7491],[-73.977,40.7502],[-73.9786,40.7508],[-73.9802,40.7515],[-73.9818,40.7522]]]]}},{"type":"Feature","id":"10018","properties":{"modzcta":"10018"},"geometry":{"type":"MultiPolygon","coordinates":[[[[-74.0057,40.7559],[-74.0059,40.756],[-74.0061,40.7564],[-74.0059,40.7566],[-74.0054,40.7573],[-74.0048,40.7578],[-74.0039,40.7594],[-74.0037,40.7597],[-74.0035,40.76],[-74.003,40.7606],[-74.0023,40.7615],[-74.0018,40.7623],[-74.0013,40.7622],[-74.0011,40.762],[-74.0014,40.7618],[-74.0016,40.7615],[-74.0016,40.7613],[-73.9988,40.7602],[-73.9975,40.7588],[-73.9981,40.759],[-73.9981,40.7589],[-73.9981,40.7588],[-73.9983,40.7587],[-73.9986,40.7587],[-73.9978,40.7584],[-73.9968,40.7578],[-73.9964,40.7583],[-73.9953,40.7579],[-73.995,40.7577],[-73.9947,40.7578],[-73.9946,40.758],[-73.9931,40.7578],[-73.9924,40.7575],[-73.9874,40.7554],[-73.9846,40.7542],[-73.9836,40.7529],[-73.9818,40.7522],[-73.9827,40.751],[-73.9836,40.7497],[-73.9872,40.7504],[-73.9878,40.7507],[-73.9897,40.7523],[-73.993,40.7529],[-73.997,40.7546],[-73.9975,40.7548],[-73.9976,40.7548],[-73.9977,40.7548],[-73.9982,40.7559],[-74.0,40.7566],[-74.0015,40.7565],[-74.0006,40.7577],[-74.0001,40.7584],[-74.003,40.7597],[-74.0035,40.759],[-74.0049,40.757],[-74.0057,40.7559],[-74.0057,40.7559]]]]}},{"type":"Feature","id":"10030","properties":{"modzcta":"10030"},"geometry":{"type":"MultiPolygon","coordinates":[[[[-73.9418,40.8128],[-73.9427,40.8132],[-73.9444,40.8135],[-73.945,40.8133],[-73.9446,40.814],[-73.9455,40.814],[-73.947,40.815],[-73.9487,40.8157],[-73.948,40.8171],[-73.9473,40.8185],[-73.9467,40.8199],[-73.9461,40.8213],[-73.9438,40.8236],[-73.9435,40.8226],[-73.9419,40.8228],[-73.9391,40.8216],[-73.9362,40.8204],[-73.9363,40.8204],[-73.937,40.8194],[-73.9372,40.8191],[-73.9374,40.8188],[-73.9375,40.8187],[-73.9381,40.8179],[-73.9385,40.8173],[-73.9395,40.816],[-73.9404,40.8148],[-73.9409,40.8141],[-73.9428,40.8142],[-73.9414,40.8135],[-73.9415,40.8132],[-73.9418,40.8128]]]]}},{"type":"Feature","id":"10019","properties":{"modzcta":"10019"},"geometry":{"type":"MultiPolygon","coordinates":[[[[-74.0011,40.762],[-74.0013,40.7622],[-74.0014,40.7629],[-74.0007,40.7638],[-73.9996,40.7636],[-73.9995,40.7637],[-73.9994,40.7638],[-73.9991,40.7642],[-73.9986,40.765],[-73.9986,40.7651],[-73.9987,40.7651],[-73.9987,40.7652],[-73.9986,40.7653],[-73.9985,40.7653],[-73.9984,40.7653],[-73.9983,40.7655],[-73.9983,40.7656],[-73.9977,40.7663],[-73.9972,40.7671],[-73.9965,40.7681],[-73.9971,40.7687],[-73.9969,40.769],[-73.9963,40.7698],[-73.9958,40.7706],[-73.9953,40.7712],[-73.995,40.7714],[-73.9949,40.7715],[-73.9949,40.7715],[-73.995,40.7716],[-73.9948,40.7719],[-73.9943,40.7725],[-73.9942,40.7725],[-73.9938,40.7729],[-73.9936,40.7728],[-73.9934,40.7729],[-73.9932,40.7728],[-73.99,40.7722],[-73.9871,40.7711],[-73.9848,40.7692],[-73.9822,40.769],[-73.9821,40.7685],[-73.9821,40.7684],[-73.9822,40.7683],[-73.9823,40.7683],[-73.9824,40.7682],[-73.9824,40.7681],[-73.9824,40.768],[-73.9823,40.7679],[-73.9823,40.7678],[-73.9822,40.7678],[-73.9821,40.7677],[-73.982,40.7677],[-73.9818,40.7677],[-73.9817,40.7677],[-73.9816,40.7678],[-73.9815,40.7678],[-73.9791,40.7669],[-73.9762,40.7657],[-73.9736,40.7646],[-73.9735,40.7637],[-73.974,40.763],[-73.9749,40.7617],[-73.9758,40.7604],[-73.9767,40.7592],[-73.9777,40.7579],[-73.9794,40.7578],[-73.9842,40.7598],[-73.9845,40.7608],[-73.987,40.761],[-73.9927,40.7634],[-73.993,40.7644],[-73.9955,40.7646],[-73.9977,40.7655],[-73.9979,40.7652],[-73.9981,40.7649],[-73.9987,40.7641],[-73.9992,40.7635],[-73.9995,40.7632],[-74.0004,40.7626],[-74.0011,40.762]]]]}},{"type":"Feature","id":"10021","properties":{"modzcta":"10021"},"geometry":{"type":"MultiPolygon","coordinates":[[[[-73.9588,40.7583],[-73.959,40.7584],[-73.9595,40.7589],[-73.9595,40.759],[-73.9594,40.7591],[-73.9588,40.7599],[-73.9581,40.7596],[-73.9579,40.7597],[-73.9573,40.7602],[-73.9567,40.7606],[-73.9566,40.7606],[-73.9563,40.7605],[-73.9563,40.7605],[-73.9573,40.7596],[-73.9576,40.7593],[-73.9583,40.7587],[-73.9584,40.7586],[-73.9585,40.7586],[-73.9585,40.7585],[-73.9588,40.7583]]],[[[-73.9684,40.7705],[-73.9675,40.7718],[-73.9665,40.7731],[-73.9656,40.7744],[-73.9647,40.7748],[-73.962,40.7737],[-73.9615,40.7743],[-73.9599,40.7736],[-73.9587,40.7723],[-73.956,40.772],[-73.9541,40.7704],[-73.9495,40.7685],[-73.9493,40.7684],[-73.9483,40.7695],[-73.9482,40.7695],[-73.9481,40.7695],[-73.9491,40.7683],[-73.9496,40.7676],[-73.9507,40.7664],[-73.9518,40.7652],[-73.9524,40.7646],[-73.9525,40.7646],[-73.9534,40.7636],[-73.9536,40.7635],[-73.9556,40.7643],[-73.9574,40.7659],[-73.959,40.7665],[-73.9612,40.7675],[-73.9625,40.7672],[-73.9636,40.7685],[-73.9652,40.7692],[-73.9668,40.7698],[-73.9684,40.7705]]]]}},{"type":"Feature","id":"10022","properties":{"modzcta":"10022"},"geometry":{"type":"MultiPolygon","coordinates":[[[[-73.9777,40.7579],[-73.9767,40.7592],[-73.9758,40.7604],[-73.9749,40.7617],[-73.974,40.763],[-73.9735,40.7637],[-73.9726,40.7649],[-73.9694,40.7636],[-73.9692,40.7635],[-73.9661,40.7622],[-73.9634,40.7619],[-73.9627,40.7611],[-73.9627,40.7609],[-73.9627,40.7607],[-73.9593,40.7593],[-73.9594,40.759],[-73.9595,40.759],[-73.9597,40.7587],[-73.9589,40.7583],[-73.9591,40.7579],[-73.9592,40.7579],[-73.9597,40.7572],[-73.9604,40.7563],[-73.9608,40.7558],[-73.9616,40.7552],[-73.9622,40.7545],[-73.9627,40.754],[-73.9629,40.7537],[-73.9637,40.7528],[-73.9648,40.7516],[-73.965,40.7517],[-73.9652,40.7518],[-73.9651,40.7519],[-73.9645,40.7525],[-73.9647,40.7525],[-73.9648,40.7525],[-73.9652,40.7528],[-73.9662,40.7539],[-73.9708,40.7558],[-73.9728,40.7559],[-73.9743,40.7565],[-73.9745,40.7566],[-73.9777,40.7579],[-73.9777,40.7579]]]]}},{"type":"Feature","id":"10023","properties":{"modzcta":"10023"},"geometry":{"type":"MultiPolygon","coordinates":[[[[-73.99,40.7722],[-73.99,40.773],[-73.9898,40.7743],[-73.9898,40.7747],[-73.9896,40.7753],[-73.9892,40.776],[-73.9884,40.7765],[-73.9877,40.7778],[-73.9871,40.7792],[-73.9869,40.7799],[-73.9857,40.7803],[-73.9851,40.7818],[-73.9845,40.7832],[-73.9834,40.7827],[-73.9826,40.7824],[-73.9809,40.7825],[-73.9811,40.7817],[-73.9798,40.7812],[-73.9767,40.7803],[-73.9741,40.7788],[-73.9745,40.7782],[-73.975,40.7775],[-73.976,40.7762],[-73.9769,40.7749],[-73.9778,40.7737],[-73.9787,40.7724],[-73.9797,40.7712],[-73.9806,40.7699],[-73.9817,40.7684],[-73.9818,40.7684],[-73.9819,40.7684],[-73.982,40.7684],[-73.9821,40.7689],[-73.9843,40.7698],[-73.9876,40.7704],[-73.9886,40.7716],[-73.99,40.7722]]]]}},{"type":"Feature","id":"10024","properties":{"modzcta":"10024"},"geometry":{"type":"MultiPolygon","coordinates":[[[[-73.9741,40.7788],[-73.9767,40.7803],[-73.9798,40.7812],[-73.9811,40.7817],[-73.9809,40.7825],[-73.9826,40.7824],[-73.9834,40.7827],[-73.9845,40.7832],[-73.9851,40.7818],[-73.9857,40.7803],[-73.9871,40.7809],[-73.9874,40.7811],[-73.9875,40.7811],[-73.9881,40.7814],[-73.988,40.7816],[-73.9879,40.7818],[-73.9865,40.7839],[-73.9861,40.7844],[-73.9855,40.7854],[-73.9851,40.7859],[-73.9849,40.7861],[-73.9846,40.7866],[-73.9823,40.7899],[-73.9814,40.7912],[-73.9809,40.7919],[-73.9804,40.7926],[-73.9801,40.7931],[-73.9783,40.7956],[-73.9768,40.7976],[-73.9763,40.7984],[-73.9758,40.7992],[-73.9758,40.7993],[-73.9753,40.7999],[-73.975,40.8004],[-73.9747,40.8008],[-73.9741,40.8015],[-73.9739,40.8019],[-73.9737,40.8022],[-73.9735,40.8024],[-73.9732,40.8028],[-73.9731,40.8031],[-73.9729,40.8033],[-73.9729,40.8034],[-73.9722,40.8043],[-73.972,40.8046],[-73.9718,40.8048],[-73.9716,40.805],[-73.9714,40.8053],[-73.9711,40.8058],[-73.9702,40.8069],[-73.9698,40.8075],[-73.9691,40.8084],[-73.9689,40.8086],[-73.9687,40.809],[-73.9685,40.8091],[-73.9684,40.8094],[-73.9682,40.8098],[-73.9681,40.8098],[-73.9679,40.8102],[-73.9678,40.8104],[-73.9677,40.8105],[-73.9676,40.8106],[-73.9675,40.8108],[-73.9671,40.8114],[-73.967,40.8115],[-73.9669,40.8118],[-73.9666,40.8122],[-73.9664,40.8125],[-73.9662,40.8128],[-73.9659,40.8132],[-73.9657,40.8135],[-73.9655,40.8137],[-73.9651,40.8143],[-73.9643,40.8155],[-73.9634,40.8167],[-73.9631,40.817],[-73.962,40.8181],[-73.9618,40.818],[-73.9616,40.8179],[-73.9614,40.8178],[-73.9607,40.8175],[-73.9613,40.8164],[-73.9613,40.8163],[-73.9612,40.8162],[-73.9612,40.8161],[-73.9612,40.816],[-73.9613,40.8157],[-73.9614,40.8154],[-73.9615,40.8151],[-73.9616,40.8148],[-73.9618,40.8146],[-73.9619,40.8144],[-73.9621,40.8142],[-73.9622,40.8139],[-73.9622,40.8137],[-73.9633,40.8123],[-73.964,40.8113],[-73.9644,40.8108],[-73.965,40.81],[-73.9658,40.8088],[-73.9667,40.808],[-73.967,40.8076],[-73.9676,40.8067],[-73.9678,40.8063],[-73.9681,40.8058],[-73.9693,40.8036],[-73.9712,40.8011],[-73.9714,40.8008],[-73.9716,40.8006],[-73.9726,40.8],[-73.973,40.7995],[-73.9737,40.7986],[-73.974,40.7982],[-73.9741,40.7978],[-73.9741,40.7973],[-73.9741,40.7972],[-73.9741,40.797],[-73.9741,40.7968],[-73.9742,40.7967],[-73.975,40.796],[-73.9761,40.7955],[-73.9763,40.7952],[-73.9765,40.7949],[-73.9766,40.7948],[-73.9767,40.7946],[-73.9768,40.7944],[-73.9768,40.7942],[-73.9769,40.7939],[-73.9769,40.7934],[-73.9769,40.7929],[-73.9768,40.7926],[-73.9755,40.7921],[-73.9741,40.7915],[-73.9734,40.7912],[-73.9725,40.7908],[-73.9696,40.79],[-73.9697,40.7899],[-73.9698,40.7898],[-73.9693,40.7894],[-73.9691,40.7894],[-73.9684,40.7891],[-73.967,40.7885],[-73.9679,40.7872],[-73.9688,40.786],[-73.9698,40.7846],[-73.9708,40.7833],[-73.9717,40.782],[-73.9741,40.7788],[-73.9741,40.7788]]]]}},{"type":"Feature","id":"10025","properties":{"modzcta":"10025"},"geometry":{"type":"MultiPolygon","coordinates":[[[[-73.967,40.7885],[-73.9684,40.7891],[-73.9691,40.7894],[-73.9693,40.7894],[-73.9698,40.7898],[-73.9697,40.7899],[-73.9696,40.79],[-73.9725,40.7908],[-73.9734,40.7912],[-73.9741,40.7915],[-73.9755,40.7921],[-73.9768,40.7926],[-73.9769,40.7929],[-73.9769,40.7934],[-73.9769,40.7939],[-73.9768,40.7942],[-73.9768,40.7944],[-73.9767,40.7946],[-73.9766,40.7948],[-73.9765,40.7949],[-73.9763,40.7952],[-73.9761,40.7955],[-73.975,40.796],[-73.9742,40.7967],[-73.9741,40.7968],[-73.9741,40.797],[-73.9741,40.7972],[-73.9741,40.7973],[-73.9741,40.7978],[-73.974,40.7982],[-73.9737,40.7986],[-73.973,40.7995],[-73.9726,40.8],[-73.9716,40.8006],[-73.9714,40.8008],[-73.9712,40.8011],[-73.9693,40.8036],[-73.9681,40.8058],[-73.9678,40.8063],[-73.9676,40.8067],[-73.967,40.8076],[-73.9667,40.808],[-73.9658,40.8088],[-73.9654,40.8087],[-73.964,40.808],[-73.9644,40.8073],[-73.9648,40.8067],[-73.9642,40.8064],[-73.962,40.8055],[-73.9598,40.8054],[-73.9594,40.8061],[-73.9579,40.8081],[-73.9572,40.8094],[-73.9572,40.8096],[-73.9571,40.8097],[-73.9571,40.8099],[-73.9571,40.81],[-73.9572,40.81],[-73.9573,40.8101],[-73.9574,40.8102],[-73.9578,40.8113],[-73.9564,40.8107],[-73.9554,40.8094],[-73.9563,40.8082],[-73.9573,40.8069],[-73.9582,40.8056],[-73.9582,40.8054],[-73.9583,40.8052],[-73.9583,40.8049],[-73.9583,40.8047],[-73.9582,40.8044],[-73.9583,40.8031],[-73.9591,40.8018],[-73.9601,40.8006],[-73.9591,40.7994],[-73.96,40.798],[-73.9607,40.7971],[-73.9614,40.7961],[-73.9624,40.7949],[-73.963,40.794],[-73.9632,40.7937],[-73.9638,40.7929],[-73.9647,40.7917],[-73.9656,40.7904],[-73.9666,40.7891],[-73.967,40.7885]],[[-73.962,40.8055],[-73.9603,40.804],[-73.962,40.8055],[-73.962,40.8055]]]]}},{"type":"Feature","id":"10027","properties":{"modzcta":"10027"},"geometry":{"type":"MultiPolygon","coordinates":[[[[-73.9658,40.8088],[-73.965,40.81],[-73.9644,40.8108],[-73.964,40.8113],[-73.9633,40.8123],[-73.9622,40.8137],[-73.9622,40.8139],[-73.9621,40.8142],[-73.9619,40.8144],[-73.9618,40.8146],[-73.9616,40.8148],[-73.9615,40.8151],[-73.9614,40.8154],[-73.9613,40.8157],[-73.9612,40.816],[-73.9612,40.8161],[-73.9612,40.8162],[-73.9613,40.8163],[-73.9613,40.8164],[-73.9607,40.8175],[-73.9614,40.8178],[-73.9616,40.8179],[-73.9618,40.818],[-73.962,40.8181],[-73.961,40.8193],[-73.96,40.8204],[-73.9598,40.8203],[-73.9595,40.8203],[-73.9594,40.8202],[-73.9589,40.82],[-73.9573,40.8194],[-73.956,40.8188],[-73.9555,40.8194],[-73.9553,40.8189],[-73.9536,40.8178],[-73.9523,40.8172],[-73.9509,40.8184],[-73.9496,40.8181],[-73.9494,40.8183],[-73.949,40.8186],[-73.9487,40.8187],[-73.9485,40.8189],[-73.9483,40.8192],[-73.9476,40.8201],[-73.9476,40.8203],[-73.9476,40.8205],[-73.9485,40.8215],[-73.9472,40.8218],[-73.9464,40.8206],[-73.947,40.8192],[-73.9477,40.8179],[-73.9484,40.8164],[-73.9475,40.8152],[-73.9472,40.8147],[-73.9447,40.814],[-73.9451,40.8134],[-73.9447,40.8134],[-73.943,40.8129],[-73.9419,40.8128],[-73.9423,40.8122],[-73.9432,40.8109],[-73.9432,40.8107],[-73.9429,40.8104],[-73.9411,40.8093],[-73.9409,40.8083],[-73.9418,40.8071],[-73.9428,40.8057],[-73.9448,40.8058],[-73.9457,40.8045],[-73.9446,40.8032],[-73.9476,40.8041],[-73.9478,40.8044],[-73.9478,40.8046],[-73.9506,40.8057],[-73.9507,40.8058],[-73.9535,40.807],[-73.9554,40.807],[-73.9563,40.8082],[-73.9554,40.8094],[-73.9564,40.8107],[-73.9578,40.8113],[-73.9574,40.8102],[-73.9573,40.8101],[-73.9572,40.81],[-73.9571,40.81],[-73.9571,40.8099],[-73.9571,40.8097],[-73.9572,40.8096],[-73.9572,40.8094],[-73.9579,40.8081],[-73.9594,40.8061],[-73.9598,40.8054],[-73.962,40.8055],[-73.9642,40.8064],[-73.9648,40.8067],[-73.9646,40.8071],[-73.9639,40.808],[-73.9649,40.8084],[-73.9658,40.8088],[-73.9658,40.8088]]]]}},{"type":"Feature","id":"10028","properties":{"modzcta":"10028"},"geometry":{"type":"MultiPolygon","coordinates":[[[[-73.9632,40.7777],[-73.9623,40.7789],[-73.9614,40.7802],[-73.9604,40.7815],[-73.9583,40.7815],[-73.9577,40.7813],[-73.9567,40.7809],[-73.9571,40.7801],[-73.954,40.7788],[-73.9512,40.7786],[-73.9466,40.7766],[-73.945,40.7756],[-73.9448,40.7749],[-73.9457,40.7736],[-73.9445,40.7731],[-73.9445,40.7731],[-73.9449,40.7726],[-73.9464,40.7713],[-73.9475,40.7701],[-73.9476,40.7702],[-73.9471,40.7708],[-73.9472,40.7709],[-73.9476,40.7711],[-73.9502,40.7726],[-73.9514,40.7733],[-73.9523,40.7737],[-73.9536,40.774],[-73.9546,40.774],[-73.9563,40.7756],[-73.9584,40.7756],[-73.96,40.7763],[-73.9616,40.777],[-73.9632,40.7777]]]]}},{"type":"Feature","id":"10029","properties":{"modzcta":"10029"},"geometry":{"type":"MultiPolygon","coordinates":[[[[-73.9558,40.7879],[-73.9551,40.7888],[-73.9544,40.7898],[-73.9534,40.7911],[-73.9531,40.7916],[-73.9525,40.7923],[-73.9516,40.7936],[-73.9506,40.795],[-73.9497,40.7962],[-73.9492,40.7969],[-73.9488,40.7975],[-73.9482,40.7983],[-73.9481,40.7984],[-73.9478,40.7988],[-73.9478,40.7989],[-73.9474,40.7993],[-73.9473,40.7995],[-73.947,40.8],[-73.9448,40.8],[-73.9432,40.7993],[-73.9416,40.7986],[-73.9378,40.797],[-73.9376,40.7969],[-73.9349,40.7967],[-73.9332,40.7951],[-73.9316,40.7944],[-73.9313,40.7942],[-73.9312,40.7941],[-73.9314,40.7939],[-73.9318,40.7937],[-73.932,40.7936],[-73.9323,40.7934],[-73.9325,40.7933],[-73.9329,40.7931],[-73.9332,40.7929],[-73.9335,40.7928],[-73.9339,40.7925],[-73.9343,40.7922],[-73.9345,40.7921],[-73.9351,40.7917],[-73.9352,40.7916],[-73.9353,40.7915],[-73.9355,40.7913],[-73.9358,40.7911],[-73.9363,40.7904],[-73.9371,40.7894],[-73.9371,40.7894],[-73.9372,40.789],[-73.9374,40.7886],[-73.9376,40.7881],[-73.9377,40.788],[-73.9378,40.7878],[-73.9379,40.7875],[-73.938,40.7875],[-73.9381,40.7872],[-73.9382,40.7871],[-73.9385,40.7867],[-73.9398,40.7853],[-73.9398,40.7852],[-73.9399,40.7852],[-73.9399,40.7852],[-73.94,40.7852],[-73.94,40.7852],[-73.94,40.7851],[-73.9401,40.7851],[-73.9402,40.7851],[-73.9402,40.785],[-73.9403,40.785],[-73.9405,40.7849],[-73.9405,40.7849],[-73.9406,40.7848],[-73.9407,40.7848],[-73.9407,40.7848],[-73.9408,40.7848],[-73.9408,40.7847],[-73.9411,40.7846],[-73.9411,40.7846],[-73.9414,40.7844],[-73.9417,40.7843],[-73.942,40.7841],[-73.9423,40.784],[-73.9424,40.7839],[-73.9426,40.7838],[-73.9427,40.7838],[-73.9429,40.7836],[-73.943,40.7835],[-73.9432,40.7834],[-73.9432,40.7833],[-73.9433,40.7832],[-73.9434,40.7831],[-73.9436,40.7829],[-73.9436,40.7829],[-73.9438,40.7828],[-73.9439,40.7829],[-73.9441,40.783],[-73.9447,40.7832],[-73.9466,40.7849],[-73.9483,40.7857],[-73.9488,40.7859],[-73.9509,40.7859],[-73.9525,40.7865],[-73.9527,40.7866],[-73.9537,40.787],[-73.9558,40.7879],[-73.9558,40.7879]]]]}},{"type":"Feature","id":"10031","properties":{"modzcta":"10031"},"geometry":{"type":"MultiPolygon","coordinates":[[[[-73.96,40.8204],[-73.9594,40.8209],[-73.9593,40.821],[-73.9591,40.8212],[-73.9588,40.8216],[-73.9585,40.8218],[-73.9582,40.8225],[-73.9581,40.8226],[-73.9582,40.8229],[-73.9581,40.823],[-73.9592,40.8235],[-73.9595,40.8236],[-73.9595,40.8236],[-73.9595,40.8236],[-73.9595,40.8236],[-73.9595,40.8236],[-73.9596,40.8237],[-73.959,40.8245],[-73.957,40.827],[-73.9562,40.8279],[-73.9562,40.8279],[-73.9547,40.8279],[-73.9545,40.828],[-73.9543,40.8282],[-73.9542,40.8284],[-73.9541,40.8285],[-73.954,40.8285],[-73.954,40.8286],[-73.953,40.8301],[-73.9522,40.8312],[-73.9517,40.8319],[-73.9514,40.8323],[-73.9512,40.8326],[-73.9511,40.8329],[-73.951,40.8331],[-73.9509,40.8333],[-73.9504,40.834],[-73.9502,40.8344],[-73.9499,40.8345],[-73.9497,40.8345],[-73.9496,40.8344],[-73.9494,40.8344],[-73.9493,40.834],[-73.9469,40.8315],[-73.9467,40.8314],[-73.942,40.8294],[-73.9408,40.8295],[-73.9401,40.8304],[-73.9394,40.8301],[-73.9386,40.8297],[-73.9393,40.8283],[-73.9401,40.827],[-73.941,40.8258],[-73.942,40.8246],[-73.9429,40.8233],[-73.9448,40.824],[-73.9472,40.8218],[-73.9485,40.8215],[-73.9476,40.8205],[-73.9476,40.8203],[-73.9476,40.8201],[-73.9483,40.8192],[-73.9485,40.8189],[-73.9487,40.8187],[-73.949,40.8186],[-73.9494,40.8183],[-73.9496,40.8181],[-73.9509,40.8184],[-73.9523,40.8172],[-73.9536,40.8178],[-73.9553,40.8189],[-73.9555,40.8194],[-73.956,40.8188],[-73.9573,40.8194],[-73.9589,40.82],[-73.9594,40.8202],[-73.9595,40.8203],[-73.9598,40.8203],[-73.96,40.8204],[-73.96,40.8204]]]]}},{"type":"Feature","id":"10032","properties":{"modzcta":"10032"},"geometry":{"type":"MultiPolygon","coordinates":[[[[-73.9389,40.8447],[-73.9405,40.8454],[-73.94,40.846],[-73.9389,40.8447],[-73.9389,40.8447]]],[[[-73.9502,40.8344],[-73.9499,40.8353],[-73.9498,40.8355],[-73.9497,40.8357],[-73.9497,40.8359],[-73.9497,40.836],[-73.9497,40.8361],[-73.9496,40.8362],[-73.9496,40.8363],[-73.9495,40.8366],[-73.9495,40.8367],[-73.9493,40.8367],[-73.9493,40.8367],[-73.9493,40.8367],[-73.9493,40.8368],[-73.9493,40.8368],[-73.9493,40.8368],[-73.9494,40.8368],[-73.9495,40.8369],[-73.9492,40.8379],[-73.9489,40.8386],[-73.9488,40.839],[-73.9486,40.8396],[-73.9484,40.8399],[-73.9483,40.8401],[-73.9481,40.8405],[-73.9479,40.8409],[-73.9477,40.8413],[-73.9476,40.8415],[-73.9474,40.8419],[-73.9472,40.8421],[-73.9471,40.8423],[-73.9471,40.8423],[-73.9469,40.8426],[-73.9468,40.8428],[-73.9467,40.8429],[-73.9465,40.8431],[-73.9464,40.8435],[-73.9462,40.8437],[-73.9461,40.8439],[-73.9461,40.8441],[-73.9461,40.8442],[-73.9461,40.8443],[-73.9461,40.8445],[-73.9461,40.8446],[-73.9461,40.8449],[-73.9461,40.8449],[-73.9462,40.8451],[-73.9462,40.8452],[-73.9462,40.8453],[-73.9462,40.8454],[-73.9462,40.8456],[-73.9463,40.8457],[-73.9465,40.8459],[-73.9464,40.8459],[-73.9465,40.846],[-73.9465,40.8461],[-73.9463,40.8462],[-73.9464,40.8464],[-73.9465,40.8465],[-73.9466,40.8467],[-73.9468,40.847],[-73.9468,40.8473],[-73.9468,40.8474],[-73.9467,40.8477],[-73.9466,40.8479],[-73.9466,40.8482],[-73.9466,40.8484],[-73.9467,40.8488],[-73.9466,40.849],[-73.9467,40.8491],[-73.9467,40.8493],[-73.9468,40.8494],[-73.9469,40.8494],[-73.9469,40.8496],[-73.9469,40.8497],[-73.947,40.8498],[-73.947,40.8499],[-73.947,40.85],[-73.947,40.85],[-73.947,40.8501],[-73.947,40.8501],[-73.947,40.8501],[-73.947,40.8501],[-73.947,40.8502],[-73.947,40.8503],[-73.947,40.8503],[-73.947,40.8504],[-73.947,40.8505],[-73.9459,40.8503],[-73.9448,40.8501],[-73.9441,40.85],[-73.9438,40.8499],[-73.9432,40.8498],[-73.9432,40.8496],[-73.9433,40.8492],[-73.9436,40.8486],[-73.9439,40.8479],[-73.9443,40.847],[-73.9445,40.8464],[-73.9446,40.846],[-73.9446,40.8456],[-73.9445,40.8458],[-73.9443,40.8458],[-73.9441,40.8458],[-73.944,40.8457],[-73.9439,40.8456],[-73.9438,40.8454],[-73.9438,40.8453],[-73.9437,40.845],[-73.9436,40.8451],[-73.9434,40.8451],[-73.9433,40.8453],[-73.9433,40.8455],[-73.943,40.8455],[-73.9426,40.8461],[-73.9405,40.8454],[-73.9387,40.8446],[-73.9361,40.8436],[-73.9351,40.8423],[-73.9356,40.8416],[-73.9356,40.8414],[-73.9356,40.8412],[-73.9353,40.8405],[-73.9351,40.8402],[-73.935,40.8398],[-73.935,40.8395],[-73.9351,40.8392],[-73.9353,40.8389],[-73.9356,40.8386],[-73.936,40.8384],[-73.9362,40.8381],[-73.9367,40.8372],[-73.9374,40.8357],[-73.9379,40.8346],[-73.938,40.8345],[-73.938,40.8343],[-73.9382,40.8341],[-73.9383,40.834],[-73.9385,40.8338],[-73.9392,40.8332],[-73.9394,40.8331],[-73.9395,40.833],[-73.9396,40.8329],[-73.9396,40.8328],[-73.9397,40.8326],[-73.9399,40.8324],[-73.94,40.8321],[-73.9402,40.832],[-73.9403,40.8318],[-73.9403,40.8317],[-73.9404,40.8316],[-73.9404,40.8314],[-73.9403,40.8305],[-73.9402,40.8303],[-73.9411,40.8291],[-73.9439,40.8303],[-73.9468,40.8315],[-73.9497,40.8327],[-73.9492,40.8342],[-73.9496,40.8344],[-73.9496,40.8344],[-73.9498,40.8345],[-73.95,40.8344],[-73.9502,40.8344]]]]}},{"type":"Feature","id":"10033","properties":{"modzcta":"10033"},"geometry":{"type":"MultiPolygon","coordinates":[[[[-73.9294,40.8457],[-73.9294,40.8457],[-73.9295,40.8458],[-73.9302,40.8459],[-73.9305,40.846],[-73.9307,40.846],[-73.9312,40.8462],[-73.9318,40.8465],[-73.9321,40.8465],[-73.9322,40.8463],[-73.9323,40.8462],[-73.9331,40.845],[-73.9337,40.8442],[-73.9347,40.843],[-73.9375,40.8441],[-73.9389,40.8447],[-73.94,40.846],[-73.9405,40.8454],[-73.9426,40.8461],[-73.943,40.8455],[-73.9433,40.8455],[-73.9433,40.8453],[-73.9434,40.8451],[-73.9436,40.8451],[-73.9437,40.845],[-73.9438,40.8453],[-73.9438,40.8454],[-73.9439,40.8456],[-73.944,40.8457],[-73.9441,40.8458],[-73.9443,40.8458],[-73.9445,40.8458],[-73.9446,40.8456],[-73.9446,40.846],[-73.9445,40.8464],[-73.9443,40.847],[-73.9439,40.8479],[-73.9436,40.8486],[-73.9433,40.8492],[-73.9432,40.8496],[-73.9432,40.8498],[-73.9432,40.8498],[-73.9431,40.85],[-73.9431,40.8504],[-73.9429,40.851],[-73.9427,40.8513],[-73.9425,40.8516],[-73.9422,40.8518],[-73.9416,40.8524],[-73.9413,40.8527],[-73.9404,40.854],[-73.9401,40.8546],[-73.9398,40.8552],[-73.939,40.8561],[-73.9379,40.8556],[-73.9369,40.8551],[-73.9358,40.8549],[-73.9352,40.8547],[-73.9337,40.8542],[-73.931,40.8531],[-73.9282,40.8519],[-73.9272,40.8531],[-73.9247,40.8566],[-73.9247,40.857],[-73.9247,40.8573],[-73.9249,40.8577],[-73.9251,40.858],[-73.9253,40.8581],[-73.9256,40.8582],[-73.926,40.8582],[-73.9263,40.8581],[-73.9266,40.8579],[-73.9268,40.8577],[-73.9269,40.8575],[-73.9271,40.8583],[-73.927,40.8586],[-73.9268,40.8589],[-73.9265,40.8592],[-73.9261,40.8594],[-73.9257,40.8596],[-73.9254,40.86],[-73.9252,40.8603],[-73.925,40.8607],[-73.925,40.8609],[-73.9249,40.8613],[-73.9251,40.8614],[-73.9248,40.8616],[-73.9247,40.8616],[-73.9246,40.8614],[-73.923,40.8589],[-73.9228,40.8569],[-73.9226,40.8568],[-73.9221,40.8568],[-73.9222,40.8567],[-73.9221,40.8567],[-73.9222,40.8566],[-73.9223,40.8566],[-73.9224,40.8566],[-73.9223,40.8563],[-73.9224,40.856],[-73.9223,40.8557],[-73.9224,40.8555],[-73.9228,40.855],[-73.9231,40.8546],[-73.9236,40.854],[-73.9244,40.8528],[-73.925,40.8521],[-73.925,40.852],[-73.9251,40.8519],[-73.9252,40.8518],[-73.9252,40.8517],[-73.9253,40.8516],[-73.9254,40.8514],[-73.9255,40.8513],[-73.9256,40.8511],[-73.9257,40.851],[-73.9259,40.8508],[-73.9259,40.8507],[-73.9262,40.8502],[-73.9265,40.8498],[-73.9269,40.8492],[-73.9273,40.8488],[-73.9275,40.8484],[-73.928,40.8477],[-73.9282,40.8474],[-73.9284,40.8471],[-73.9285,40.847],[-73.9293,40.8458],[-73.9294,40.8457]]]]}},{"type":"Feature","id":"10034","properties":{"modzcta":"10034"},"geometry":{"type":"MultiPolygon","coordinates":[[[[-73.9432,40.8498],[-73.944,40.8499],[-73.9447,40.8501],[-73.9449,40.8501],[-73.9469,40.8505],[-73.9468,40.8506],[-73.9465,40.851],[-73.9465,40.851],[-73.9465,40.851],[-73.9464,40.851],[-73.9464,40.851],[-73.9464,40.851],[-73.9463,40.8509],[-73.9464,40.8509],[-73.9463,40.8509],[-73.9463,40.8508],[-73.9463,40.8508],[-73.9462,40.8509],[-73.9462,40.851],[-73.9462,40.851],[-73.9462,40.851],[-73.9461,40.851],[-73.9461,40.851],[-73.9461,40.851],[-73.9461,40.851],[-73.9461,40.8512],[-73.946,40.8512],[-73.9459,40.8512],[-73.9458,40.8512],[-73.9457,40.8512],[-73.9457,40.8512],[-73.9456,40.8512],[-73.9455,40.8513],[-73.9455,40.8514],[-73.9454,40.8514],[-73.9454,40.8514],[-73.9453,40.8515],[-73.9453,40.8515],[-73.9452,40.8515],[-73.9453,40.8516],[-73.9452,40.8516],[-73.945,40.8517],[-73.945,40.8517],[-73.9449,40.8518],[-73.9448,40.8518],[-73.9447,40.8518],[-73.9447,40.8519],[-73.9447,40.8519],[-73.9446,40.8519],[-73.9446,40.8519],[-73.9445,40.8519],[-73.9445,40.8519],[-73.9445,40.8519],[-73.9444,40.8519],[-73.9444,40.8519],[-73.9443,40.8518],[-73.9443,40.8519],[-73.9442,40.8519],[-73.9442,40.852],[-73.9441,40.852],[-73.944,40.852],[-73.9439,40.8522],[-73.9436,40.8522],[-73.9431,40.8526],[-73.9428,40.8529],[-73.9425,40.8532],[-73.9419,40.8539],[-73.9417,40.8541],[-73.9415,40.8544],[-73.9415,40.8545],[-73.9413,40.8548],[-73.9412,40.855],[-73.941,40.8554],[-73.941,40.8555],[-73.9408,40.8558],[-73.9407,40.8559],[-73.9405,40.8562],[-73.9404,40.8565],[-73.9402,40.8568],[-73.94,40.857],[-73.9398,40.8572],[-73.9396,40.8574],[-73.9394,40.8577],[-73.9392,40.8579],[-73.939,40.8582],[-73.9387,40.8587],[-73.9385,40.859],[-73.9384,40.8592],[-73.9379,40.8598],[-73.9376,40.8601],[-73.9375,40.8601],[-73.9376,40.8602],[-73.9374,40.8605],[-73.9371,40.8609],[-73.937,40.8611],[-73.9368,40.8613],[-73.9368,40.8614],[-73.936,40.8625],[-73.9349,40.864],[-73.9346,40.8643],[-73.9344,40.8647],[-73.9342,40.8649],[-73.934,40.865],[-73.934,40.8653],[-73.9338,40.8654],[-73.9336,40.8658],[-73.9335,40.8659],[-73.9334,40.866],[-73.9333,40.8662],[-73.9331,40.8664],[-73.9328,40.867],[-73.9326,40.8673],[-73.9325,40.8674],[-73.9324,40.8677],[-73.9324,40.868],[-73.9324,40.868],[-73.9323,40.8685],[-73.9323,40.8686],[-73.9323,40.8686],[-73.9323,40.8686],[-73.9323,40.8687],[-73.9323,40.8689],[-73.9324,40.8689],[-73.9325,40.869],[-73.9326,40.869],[-73.9324,40.8692],[-73.9322,40.8694],[-73.9321,40.8695],[-73.9321,40.8696],[-73.932,40.8696],[-73.9321,40.8698],[-73.9322,40.8698],[-73.9321,40.8704],[-73.932,40.8708],[-73.9318,40.8713],[-73.9315,40.8718],[-73.9312,40.8723],[-73.9308,40.8729],[-73.93,40.8743],[-73.9293,40.8753],[-73.929,40.8757],[-73.9283,40.8764],[-73.928,40.8766],[-73.9275,40.8767],[-73.9266,40.8775],[-73.9265,40.8776],[-73.9264,40.8776],[-73.9263,40.8776],[-73.9263,40.8775],[-73.9263,40.8775],[-73.9263,40.8775],[-73.9263,40.8774],[-73.9264,40.8774],[-73.9264,40.8774],[-73.9264,40.8773],[-73.9265,40.8773],[-73.9264,40.8772],[-73.9263,40.8771],[-73.9262,40.8771],[-73.9261,40.8771],[-73.926,40.8771],[-73.9258,40.8771],[-73.9256,40.8771],[-73.9254,40.8772],[-73.9252,40.8773],[-73.9252,40.8773],[-73.9251,40.8774],[-73.9251,40.8774],[-73.925,40.8774],[-73.9248,40.8774],[-73.9247,40.8774],[-73.9245,40.8774],[-73.924,40.8773],[-73.9238,40.8773],[-73.9237,40.8773],[-73.9237,40.8773],[-73.9235,40.8773],[-73.9232,40.8772],[-73.9231,40.8772],[-73.9231,40.8771],[-73.923,40.8771],[-73.9229,40.877],[-73.9229,40.877],[-73.9228,40.877],[-73.9228,40.877],[-73.9228,40.877],[-73.9228,40.877],[-73.9227,40.8769],[-73.9226,40.8769],[-73.9226,40.8769],[-73.9226,40.8769],[-73.9226,40.8769],[-73.9226,40.8769],[-73.9226,40.8769],[-73.9225,40.8768],[-73.9224,40.8768],[-73.9224,40.8768],[-73.9224,40.8768],[-73.9224,40.8766],[-73.9224,40.8762],[-73.9224,40.8758],[-73.9224,40.8757],[-73.9225,40.8756],[-73.9226,40.8754],[-73.9226,40.8752],[-73.9227,40.875],[-73.9227,40.8747],[-73.9226,40.8745],[-73.9226,40.8743],[-73.9225,40.8741],[-73.9223,40.8739],[-73.9222,40.8737],[-73.922,40.8735],[-73.9218,40.8733],[-73.9215,40.8732],[-73.9213,40.8731],[-73.9211,40.873],[-73.921,40.873],[-73.9209,40.873],[-73.9208,40.873],[-73.9207,40.873],[-73.9207,40.873],[-73.9207,40.873],[-73.9207,40.873],[-73.9206,40.873],[-73.9206,40.873],[-73.9205,40.873],[-73.9205,40.873],[-73.9204,40.8731],[-73.9203,40.8731],[-73.9203,40.8731],[-73.9203,40.8731],[-73.9202,40.8732],[-73.9201,40.8732],[-73.9201,40.8732],[-73.9201,40.8732],[-73.9201,40.8733],[-73.92,40.8734],[-73.92,40.8734],[-73.92,40.8735],[-73.92,40.8735],[-73.92,40.8735],[-73.92,40.8736],[-73.9199,40.8736],[-73.9199,40.8736],[-73.9199,40.8736],[-73.9198,40.8736],[-73.9198,40.8737],[-73.9199,40.8736],[-73.9199,40.8737],[-73.92,40.8737],[-73.92,40.8737],[-73.92,40.8738],[-73.92,40.8738],[-73.92,40.8738],[-73.92,40.8738],[-73.9201,40.8739],[-73.9202,40.8739],[-73.9202,40.8739],[-73.9202,40.874],[-73.9203,40.8741],[-73.9204,40.8741],[-73.9205,40.8742],[-73.9206,40.8742],[-73.9206,40.8742],[-73.9207,40.8743],[-73.9207,40.8743],[-73.9207,40.8744],[-73.9207,40.8744],[-73.9208,40.8745],[-73.9208,40.8745],[-73.9208,40.8745],[-73.9208,40.8746],[-73.9208,40.8746],[-73.9208,40.8746],[-73.9208,40.8746],[-73.9208,40.8747],[-73.9209,40.8747],[-73.9209,40.8747],[-73.9209,40.8747],[-73.9209,40.8748],[-73.9209,40.8748],[-73.9209,40.8748],[-73.9209,40.8748],[-73.921,40.8748],[-73.921,40.8749],[-73.921,40.8749],[-73.9211,40.875],[-73.9211,40.875],[-73.9212,40.8751],[-73.9212,40.8751],[-73.9212,40.8751],[-73.9212,40.8752],[-73.9212,40.8752],[-73.9212,40.8752],[-73.9211,40.8752],[-73.9211,40.8752],[-73.9211,40.8752],[-73.9211,40.8753],[-73.9211,40.8753],[-73.9211,40.8753],[-73.921,40.8753],[-73.921,40.8754],[-73.921,40.8754],[-73.921,40.8754],[-73.9209,40.8754],[-73.9209,40.8755],[-73.9209,40.8755],[-73.9208,40.8755],[-73.9206,40.8754],[-73.9205,40.8754],[-73.9197,40.875],[-73.9194,40.8749],[-73.9191,40.8748],[-73.9189,40.8747],[-73.9189,40.8746],[-73.9189,40.8746],[-73.9189,40.8746],[-73.9189,40.8746],[-73.9189,40.8746],[-73.9189,40.8746],[-73.919,40.8745],[-73.9191,40.8743],[-73.9192,40.8742],[-73.9192,40.874],[-73.9193,40.8738],[-73.9193,40.8737],[-73.9193,40.8737],[-73.9193,40.8737],[-73.9193,40.8736],[-73.9193,40.8736],[-73.9193,40.8736],[-73.9192,40.8736],[-73.9192,40.8736],[-73.9192,40.8736],[-73.9191,40.8736],[-73.9191,40.8736],[-73.9191,40.8735],[-73.9191,40.8735],[-73.9191,40.8735],[-73.9191,40.8735],[-73.9191,40.8735],[-73.9191,40.8735],[-73.9191,40.8735],[-73.9191,40.8735],[-73.919,40.8735],[-73.919,40.8735],[-73.919,40.8735],[-73.919,40.8734],[-73.919,40.8734],[-73.919,40.8734],[-73.919,40.8734],[-73.9189,40.8734],[-73.9189,40.8734],[-73.9189,40.8734],[-73.9189,40.8734],[-73.9189,40.8734],[-73.9189,40.8734],[-73.9189,40.8734],[-73.919,40.8733],[-73.9189,40.8733],[-73.9189,40.8733],[-73.9189,40.8733],[-73.9189,40.8733],[-73.9189,40.8733],[-73.9189,40.8733],[-73.9188,40.8733],[-73.9188,40.8733],[-73.9188,40.8733],[-73.9188,40.8733],[-73.9188,40.8733],[-73.9187,40.8733],[-73.9187,40.8733],[-73.9187,40.8733],[-73.9187,40.8733],[-73.9187,40.8733],[-73.9187,40.8733],[-73.9187,40.8733],[-73.9187,40.8732],[-73.9187,40.8733],[-73.9187,40.8733],[-73.9187,40.8733],[-73.9186,40.8733],[-73.9186,40.8733],[-73.9186,40.8733],[-73.9186,40.8732],[-73.9185,40.8732],[-73.9185,40.8732],[-73.9185,40.8732],[-73.9185,40.8732],[-73.9184,40.8732],[-73.9184,40.8732],[-73.9184,40.8733],[-73.9185,40.8733],[-73.9186,40.8734],[-73.9186,40.8734],[-73.9186,40.8735],[-73.9186,40.8735],[-73.9185,40.8735],[-73.9185,40.8736],[-73.9184,40.8735],[-73.9184,40.8736],[-73.9184,40.8736],[-73.9184,40.8736],[-73.9184,40.8737],[-73.9183,40.8737],[-73.9182,40.8738],[-73.9182,40.8738],[-73.9181,40.8738],[-73.9181,40.8739],[-73.9179,40.8739],[-73.9178,40.8739],[-73.9178,40.874],[-73.9178,40.874],[-73.9177,40.874],[-73.9176,40.874],[-73.9176,40.8741],[-73.9174,40.8741],[-73.9173,40.8742],[-73.9171,40.8743],[-73.917,40.8743],[-73.9167,40.8744],[-73.9166,40.8744],[-73.9163,40.8745],[-73.9161,40.8745],[-73.9159,40.8745],[-73.9157,40.8745],[-73.9154,40.8745],[-73.9151,40.8744],[-73.9146,40.8743],[-73.9142,40.8742],[-73.9139,40.8741],[-73.9135,40.874],[-73.9133,40.8739],[-73.9132,40.8739],[-73.9131,40.8738],[-73.913,40.8738],[-73.9127,40.8738],[-73.9125,40.8737],[-73.9121,40.8735],[-73.9116,40.8733],[-73.9114,40.8732],[-73.9113,40.8731],[-73.9112,40.873],[-73.9112,40.873],[-73.9112,40.873],[-73.9112,40.8729],[-73.9111,40.8729],[-73.9111,40.8728],[-73.911,40.8728],[-73.911,40.8727],[-73.911,40.8727],[-73.911,40.8726],[-73.9109,40.8726],[-73.9108,40.8725],[-73.9107,40.8723],[-73.9106,40.8723],[-73.9106,40.8721],[-73.9105,40.872],[-73.9105,40.872],[-73.9105,40.8718],[-73.9105,40.8717],[-73.9105,40.8716],[-73.9104,40.8715],[-73.9104,40.8715],[-73.9104,40.8715],[-73.9105,40.8714],[-73.9104,40.8714],[-73.9105,40.8714],[-73.9105,40.8713],[-73.9105,40.8713],[-73.9106,40.8713],[-73.9106,40.8712],[-73.9106,40.8712],[-73.9106,40.8711],[-73.9107,40.8711],[-73.9107,40.871],[-73.9107,40.871],[-73.9107,40.8709],[-73.9107,40.8709],[-73.9107,40.8708],[-73.9107,40.8708],[-73.9107,40.8708],[-73.9107,40.8707],[-73.9107,40.8706],[-73.9107,40.8706],[-73.9107,40.8706],[-73.9108,40.8705],[-73.9108,40.8704],[-73.9108,40.8704],[-73.9108,40.8703],[-73.9108,40.8703],[-73.9108,40.8702],[-73.9108,40.8702],[-73.9108,40.8701],[-73.9108,40.87],[-73.9108,40.87],[-73.9108,40.8699],[-73.9108,40.8699],[-73.9109,40.8699],[-73.9108,40.8698],[-73.9109,40.8698],[-73.9109,40.8697],[-73.9109,40.8697],[-73.9109,40.8697],[-73.9109,40.8696],[-73.9109,40.8696],[-73.9109,40.8696],[-73.9109,40.8695],[-73.9109,40.8695],[-73.9109,40.8694],[-73.911,40.8694],[-73.911,40.8694],[-73.9111,40.8694],[-73.9113,40.8695],[-73.9113,40.8695],[-73.9114,40.8695],[-73.9115,40.8695],[-73.9115,40.8694],[-73.9114,40.8694],[-73.9114,40.8693],[-73.9114,40.8693],[-73.9111,40.8692],[-73.9111,40.8692],[-73.9111,40.8691],[-73.9111,40.8691],[-73.9111,40.869],[-73.9111,40.869],[-73.9111,40.8689],[-73.9111,40.8689],[-73.9111,40.8689],[-73.9112,40.8689],[-73.9113,40.8688],[-73.9113,40.8688],[-73.9113,40.8688],[-73.9113,40.8687],[-73.9113,40.8687],[-73.9113,40.8687],[-73.9113,40.8686],[-73.9114,40.8686],[-73.9114,40.8685],[-73.9114,40.8685],[-73.9115,40.8684],[-73.9115,40.8683],[-73.9115,40.8683],[-73.9115,40.8682],[-73.9116,40.8682],[-73.9116,40.8682],[-73.9117,40.8681],[-73.9117,40.8681],[-73.9117,40.868],[-73.9117,40.868],[-73.9117,40.868],[-73.9118,40.868],[-73.9118,40.8679],[-73.9118,40.8679],[-73.9118,40.8679],[-73.9118,40.8678],[-73.9118,40.8678],[-73.9119,40.8677],[-73.9119,40.8677],[-73.912,40.8675],[-73.9122,40.8672],[-73.9126,40.8667],[-73.9125,40.8665],[-73.9128,40.8662],[-73.9135,40.8653],[-73.9139,40.8647],[-73.914,40.8647],[-73.9143,40.8646],[-73.9144,40.8646],[-73.9149,40.8646],[-73.9145,40.8643],[-73.915,40.8644],[-73.9151,40.8644],[-73.9153,40.8644],[-73.9154,40.8644],[-73.9155,40.8644],[-73.9156,40.8643],[-73.9157,40.8643],[-73.9158,40.8643],[-73.9159,40.8643],[-73.9159,40.8643],[-73.9159,40.8642],[-73.9159,40.8641],[-73.9159,40.8641],[-73.9158,40.8641],[-73.9157,40.8641],[-73.9156,40.8641],[-73.9155,40.8641],[-73.9154,40.8641],[-73.9154,40.8641],[-73.9154,40.8641],[-73.9153,40.8641],[-73.9153,40.8641],[-73.9153,40.864],[-73.9153,40.864],[-73.9152,40.864],[-73.9152,40.8639],[-73.9152,40.8639],[-73.9152,40.8638],[-73.9152,40.8637],[-73.9152,40.8637],[-73.9152,40.8637],[-73.9153,40.8636],[-73.9153,40.8636],[-73.9154,40.8635],[-73.9154,40.8634],[-73.9155,40.8634],[-73.9155,40.8633],[-73.9155,40.8633],[-73.9155,40.8632],[-73.9154,40.8632],[-73.9154,40.8631],[-73.9155,40.863],[-73.9155,40.8629],[-73.9156,40.8629],[-73.9156,40.8629],[-73.9156,40.8629],[-73.9156,40.8629],[-73.9157,40.8629],[-73.9157,40.8629],[-73.9158,40.8628],[-73.9158,40.8627],[-73.9159,40.8627],[-73.9159,40.8626],[-73.9161,40.8625],[-73.9162,40.8624],[-73.9163,40.8624],[-73.9164,40.8623],[-73.9165,40.8622],[-73.9165,40.8622],[-73.9166,40.8621],[-73.9166,40.8621],[-73.9166,40.8621],[-73.9167,40.862],[-73.9167,40.862],[-73.9168,40.862],[-73.9168,40.862],[-73.9169,40.862],[-73.917,40.8619],[-73.917,40.8619],[-73.9171,40.8619],[-73.9171,40.8619],[-73.9172,40.8617],[-73.9173,40.8617],[-73.9174,40.8616],[-73.9174,40.8615],[-73.9175,40.8614],[-73.9175,40.8614],[-73.9175,40.8613],[-73.9176,40.8613],[-73.9176,40.8613],[-73.9177,40.8612],[-73.9178,40.8611],[-73.9178,40.861],[-73.9178,40.861],[-73.9178,40.861],[-73.9179,40.8609],[-73.9179,40.8609],[-73.9179,40.8609],[-73.9179,40.8608],[-73.9179,40.8608],[-73.918,40.8607],[-73.9183,40.8604],[-73.9184,40.8602],[-73.9184,40.8601],[-73.9184,40.8601],[-73.9184,40.8601],[-73.9184,40.86],[-73.9185,40.86],[-73.9185,40.86],[-73.9186,40.8599],[-73.9186,40.8599],[-73.9186,40.8598],[-73.9186,40.8598],[-73.9187,40.8597],[-73.9187,40.8597],[-73.9187,40.8597],[-73.9187,40.8596],[-73.9188,40.8595],[-73.9189,40.8594],[-73.9191,40.8592],[-73.9193,40.859],[-73.9194,40.8589],[-73.9195,40.8588],[-73.9195,40.8588],[-73.9198,40.8589],[-73.9203,40.8591],[-73.9203,40.8591],[-73.9204,40.8591],[-73.9204,40.8591],[-73.9203,40.859],[-73.9202,40.859],[-73.9202,40.859],[-73.9201,40.8589],[-73.9199,40.8589],[-73.9198,40.8588],[-73.9198,40.8588],[-73.9199,40.8589],[-73.9201,40.8589],[-73.9204,40.8592],[-73.9204,40.8592],[-73.9205,40.8592],[-73.9207,40.8593],[-73.9207,40.8593],[-73.9207,40.8594],[-73.9208,40.8595],[-73.9211,40.8599],[-73.9213,40.8602],[-73.9213,40.8602],[-73.9214,40.8602],[-73.9214,40.8602],[-73.9215,40.8601],[-73.9215,40.8601],[-73.9216,40.8601],[-73.9217,40.8599],[-73.9217,40.8598],[-73.9217,40.8597],[-73.9217,40.8597],[-73.9217,40.8596],[-73.9217,40.8596],[-73.9217,40.8596],[-73.9217,40.8596],[-73.9216,40.8596],[-73.9217,40.8595],[-73.9217,40.8596],[-73.9217,40.8596],[-73.9218,40.8596],[-73.9218,40.8595],[-73.9218,40.8596],[-73.9218,40.8595],[-73.9218,40.8595],[-73.9218,40.8595],[-73.9218,40.8595],[-73.9218,40.8595],[-73.9218,40.8594],[-73.9217,40.8594],[-73.9217,40.8594],[-73.9218,40.8594],[-73.9218,40.8594],[-73.9218,40.8594],[-73.9218,40.8593],[-73.9219,40.8593],[-73.9219,40.8592],[-73.9219,40.8592],[-73.9218,40.8591],[-73.9218,40.8591],[-73.9218,40.8591],[-73.9217,40.8591],[-73.9217,40.8591],[-73.9216,40.8591],[-73.9216,40.8591],[-73.9215,40.859],[-73.9215,40.859],[-73.9215,40.859],[-73.9214,40.859],[-73.9214,40.8589],[-73.9214,40.8589],[-73.9213,40.8589],[-73.9213,40.8589],[-73.9213,40.8589],[-73.9214,40.8589],[-73.9213,40.8589],[-73.9213,40.8589],[-73.9212,40.8588],[-73.9212,40.8588],[-73.9213,40.8587],[-73.9212,40.8587],[-73.9212,40.8587],[-73.9211,40.8586],[-73.9211,40.8586],[-73.9211,40.8586],[-73.9211,40.8586],[-73.9211,40.8585],[-73.9211,40.8584],[-73.9211,40.8584],[-73.9211,40.8584],[-73.9211,40.8583],[-73.9211,40.8583],[-73.9211,40.8583],[-73.921,40.8583],[-73.9209,40.8583],[-73.9209,40.8582],[-73.9211,40.8576],[-73.9213,40.8574],[-73.9214,40.8574],[-73.9215,40.8573],[-73.9216,40.8573],[-73.9216,40.8572],[-73.9216,40.8572],[-73.9216,40.8571],[-73.9216,40.857],[-73.9217,40.857],[-73.9218,40.857],[-73.9219,40.857],[-73.9219,40.857],[-73.9219,40.8569],[-73.922,40.8569],[-73.9228,40.8568],[-73.923,40.8589],[-73.9241,40.8606],[-73.9247,40.8615],[-73.9247,40.8616],[-73.9254,40.8626],[-73.9266,40.8645],[-73.925,40.8663],[-73.9273,40.8655],[-73.9281,40.8651],[-73.929,40.8646],[-73.9293,40.8643],[-73.9295,40.8641],[-73.9298,40.8638],[-73.9299,40.8636],[-73.9301,40.8633],[-73.93,40.8621],[-73.9301,40.8619],[-73.9302,40.8616],[-73.9312,40.8597],[-73.932,40.8595],[-73.9321,40.8595],[-73.9322,40.8595],[-73.9322,40.8595],[-73.9323,40.8594],[-73.9338,40.8595],[-73.9336,40.8596],[-73.9333,40.8597],[-73.933,40.8598],[-73.9329,40.86],[-73.9327,40.8601],[-73.9326,40.8603],[-73.9325,40.8605],[-73.9325,40.8608],[-73.9324,40.8611],[-73.9324,40.8614],[-73.9325,40.8617],[-73.9325,40.8619],[-73.9326,40.8622],[-73.9328,40.8627],[-73.9328,40.8628],[-73.9327,40.8629],[-73.9336,40.863],[-73.9338,40.863],[-73.9339,40.8628],[-73.9342,40.8625],[-73.9348,40.8615],[-73.9349,40.8613],[-73.935,40.8608],[-73.9351,40.8604],[-73.9353,40.8601],[-73.9354,40.8599],[-73.9357,40.8596],[-73.9361,40.8594],[-73.9365,40.8591],[-73.9367,40.8589],[-73.9369,40.8587],[-73.9371,40.8584],[-73.9387,40.8565],[-73.939,40.8561],[-73.9398,40.8552],[-73.9401,40.8546],[-73.9404,40.854],[-73.9413,40.8527],[-73.9416,40.8524],[-73.9422,40.8518],[-73.9425,40.8516],[-73.9427,40.8513],[-73.9429,40.851],[-73.9431,40.8504],[-73.9431,40.85],[-73.9432,40.8498],[-73.9432,40.8498]]]]}},{"type":"Feature","id":"10037","properties":{"modzcta":"10037"},"geometry":{"type":"MultiPolygon","coordinates":[[[[-73.9432,40.8107],[-73.9432,40.8109],[-73.9423,40.8122],[-73.9415,40.8132],[-73.9414,40.8135],[-73.9428,40.8142],[-73.9409,40.8141],[-73.9404,40.8148],[-73.9395,40.816],[-73.9385,40.8173],[-73.9381,40.8179],[-73.9375,40.8187],[-73.9374,40.8188],[-73.9372,40.8191],[-73.9368,40.819],[-73.9344,40.8185],[-73.9343,40.8189],[-73.9344,40.8196],[-73.9343,40.8196],[-73.9338,40.8195],[-73.9338,40.8194],[-73.9338,40.8178],[-73.9338,40.8165],[-73.9339,40.8156],[-73.9339,40.8156],[-73.934,40.8155],[-73.9339,40.8155],[-73.934,40.8155],[-73.9339,40.8154],[-73.934,40.8154],[-73.934,40.8154],[-73.9339,40.8153],[-73.934,40.8153],[-73.9339,40.8152],[-73.9339,40.8152],[-73.934,40.8151],[-73.934,40.815],[-73.934,40.8149],[-73.934,40.8149],[-73.934,40.8148],[-73.934,40.8148],[-73.934,40.8147],[-73.934,40.8147],[-73.934,40.8146],[-73.934,40.8146],[-73.934,40.8145],[-73.9339,40.8142],[-73.9339,40.8142],[-73.9339,40.8141],[-73.934,40.8128],[-73.934,40.8123],[-73.9341,40.8117],[-73.9343,40.8108],[-73.9343,40.8103],[-73.9343,40.8096],[-73.9342,40.809],[-73.9341,40.8087],[-73.9333,40.8073],[-73.9336,40.8071],[-73.9338,40.807],[-73.9339,40.807],[-73.9347,40.8067],[-73.9349,40.8067],[-73.9351,40.8075],[-73.9367,40.8082],[-73.9383,40.8089],[-73.9404,40.809],[-73.9409,40.8096],[-73.9428,40.8105],[-73.9432,40.8107]]]]}},{"type":"Feature","id":"10035","properties":{"modzcta":"10035"},"geometry":{"type":"MultiPolygon","coordinates":[[[[-73.9465,40.8007],[-73.9455,40.802],[-73.9448,40.803],[-73.9461,40.8039],[-73.9452,40.8051],[-73.9443,40.8064],[-73.9423,40.8064],[-73.9413,40.8077],[-73.9404,40.809],[-73.9383,40.8089],[-73.9367,40.8082],[-73.9351,40.8075],[-73.9349,40.8067],[-73.9347,40.8067],[-73.9339,40.807],[-73.9338,40.807],[-73.9336,40.8071],[-73.9332,40.8072],[-73.9331,40.807],[-73.9326,40.8066],[-73.9315,40.8054],[-73.9315,40.8053],[-73.9314,40.8053],[-73.9314,40.8052],[-73.9313,40.8051],[-73.9312,40.805],[-73.9311,40.8049],[-73.9311,40.8048],[-73.931,40.8048],[-73.931,40.8047],[-73.9309,40.8047],[-73.9308,40.8045],[-73.9307,40.8044],[-73.9307,40.8043],[-73.9306,40.8042],[-73.9306,40.8042],[-73.9306,40.8041],[-73.9304,40.804],[-73.9304,40.8038],[-73.9303,40.8038],[-73.9303,40.8037],[-73.9302,40.8036],[-73.93,40.8033],[-73.93,40.8032],[-73.93,40.803],[-73.9299,40.8029],[-73.9298,40.8027],[-73.9296,40.8022],[-73.9295,40.8019],[-73.9294,40.8017],[-73.9293,40.8015],[-73.9292,40.8011],[-73.929,40.8011],[-73.929,40.8009],[-73.929,40.8008],[-73.929,40.8006],[-73.9289,40.8002],[-73.9289,40.7995],[-73.929,40.7983],[-73.9293,40.7959],[-73.9295,40.7955],[-73.9297,40.7952],[-73.9298,40.795],[-73.9298,40.795],[-73.9299,40.795],[-73.9299,40.7949],[-73.9299,40.7949],[-73.9301,40.7947],[-73.9304,40.7945],[-73.9312,40.7941],[-73.9313,40.7942],[-73.9316,40.7944],[-73.9332,40.7951],[-73.9349,40.7967],[-73.9376,40.7969],[-73.9378,40.797],[-73.9416,40.7986],[-73.9432,40.7993],[-73.9448,40.8],[-73.9465,40.8007]]],[[[-73.9275,40.781],[-73.9277,40.781],[-73.9281,40.7809],[-73.9292,40.7814],[-73.9306,40.7823],[-73.9327,40.7827],[-73.9354,40.7834],[-73.936,40.7839],[-73.9361,40.7845],[-73.9359,40.7848],[-73.9358,40.7854],[-73.9331,40.7887],[-73.9324,40.7897],[-73.9321,40.7898],[-73.9308,40.791],[-73.9298,40.7913],[-73.9297,40.7914],[-73.9286,40.791],[-73.9274,40.7908],[-73.9268,40.7908],[-73.9264,40.7907],[-73.9261,40.7907],[-73.9261,40.7909],[-73.9261,40.7911],[-73.926,40.7913],[-73.9261,40.7914],[-73.9262,40.7916],[-73.9263,40.7918],[-73.9266,40.7918],[-73.9265,40.7919],[-73.9261,40.7918],[-73.9258,40.7919],[-73.9256,40.7918],[-73.9256,40.7919],[-73.9264,40.792],[-73.9267,40.7919],[-73.9267,40.7918],[-73.9266,40.7918],[-73.9264,40.7917],[-73.9263,40.7912],[-73.9265,40.791],[-73.9267,40.791],[-73.9268,40.791],[-73.927,40.791],[-73.9272,40.791],[-73.9273,40.791],[-73.9274,40.791],[-73.9276,40.791],[-73.9278,40.7909],[-73.9279,40.791],[-73.9279,40.791],[-73.9277,40.7913],[-73.9273,40.7917],[-73.9272,40.7918],[-73.9278,40.792],[-73.9283,40.7923],[-73.9283,40.7929],[-73.9283,40.793],[-73.9283,40.7932],[-73.9274,40.7945],[-73.9272,40.7948],[-73.9271,40.7952],[-73.927,40.7953],[-73.9269,40.7955],[-73.9269,40.7957],[-73.9269,40.7962],[-73.9269,40.7967],[-73.9271,40.7972],[-73.9272,40.7974],[-73.9273,40.7974],[-73.9275,40.7981],[-73.9269,40.7998],[-73.9269,40.7999],[-73.9268,40.8],[-73.9267,40.8002],[-73.9265,40.8003],[-73.9267,40.8005],[-73.9265,40.8007],[-73.9258,40.8016],[-73.9257,40.8018],[-73.9253,40.802],[-73.9226,40.8019],[-73.9219,40.8015],[-73.9211,40.8005],[-73.9208,40.8],[-73.9204,40.7994],[-73.9192,40.7989],[-73.9191,40.7988],[-73.919,40.7988],[-73.918,40.7984],[-73.9166,40.7979],[-73.9155,40.7971],[-73.9138,40.7945],[-73.9146,40.7928],[-73.9154,40.7918],[-73.9163,40.7911],[-73.9169,40.7904],[-73.9171,40.7905],[-73.9181,40.79],[-73.9186,40.7897],[-73.9185,40.7894],[-73.922,40.7858],[-73.9224,40.7848],[-73.9231,40.7833],[-73.9241,40.7826],[-73.9242,40.7825],[-73.9243,40.7825],[-73.9247,40.7822],[-73.9251,40.7822],[-73.9252,40.7822],[-73.9254,40.7823],[-73.9271,40.7812],[-73.9275,40.781],[-73.9275,40.781]]]]}},{"type":"Feature","id":"10036","properties":{"modzcta":"10036"},"geometry":{"type":"MultiPolygon","coordinates":[[[[-74.0011,40.762],[-73.9997,40.7631],[-73.9993,40.7634],[-73.999,40.7637],[-73.9986,40.7643],[-73.998,40.7651],[-73.9978,40.7654],[-73.9976,40.7655],[-73.9951,40.7653],[-73.9934,40.7637],[-73.9899,40.7622],[-73.9866,40.7617],[-73.9848,40.7601],[-73.9813,40.7586],[-73.9781,40.7573],[-73.979,40.756],[-73.9795,40.7554],[-73.9802,40.7545],[-73.9806,40.7539],[-73.9809,40.7534],[-73.9818,40.7522],[-73.9836,40.7529],[-73.9846,40.7542],[-73.9874,40.7554],[-73.9924,40.7575],[-73.9931,40.7578],[-73.9946,40.758],[-73.9947,40.7578],[-73.995,40.7577],[-73.9953,40.7579],[-73.9964,40.7583],[-73.9968,40.7578],[-73.9978,40.7584],[-73.9986,40.7587],[-73.9983,40.7587],[-73.9981,40.7588],[-73.9981,40.7589],[-73.9981,40.759],[-73.9975,40.7588],[-73.9988,40.7602],[-74.0016,40.7613],[-74.0016,40.7615],[-74.0014,40.7618],[-74.0011,40.762],[-74.0011,40.762]]]]}},{"type":"Feature","id":"10038","properties":{"modzcta":"10038"},"geometry":{"type":"MultiPolygon","coordinates":[[[[-74.0105,40.7092],[-74.0095,40.7103],[-74.0091,40.7109],[-74.0083,40.7114],[-74.0075,40.7116],[-74.007,40.7117],[-74.0061,40.712],[-74.0054,40.7121],[-74.0053,40.7122],[-74.0051,40.7121],[-74.005,40.7121],[-74.0048,40.712],[-74.0046,40.7119],[-74.0045,40.7118],[-74.0043,40.7118],[-74.0042,40.7118],[-74.004,40.7118],[-74.0038,40.7119],[-74.0027,40.7126],[-74.0009,40.713],[-74.0005,40.7144],[-73.9996,40.7139],[-73.9987,40.7135],[-73.9985,40.7135],[-73.9979,40.7137],[-73.9978,40.7138],[-73.9977,40.7139],[-73.9976,40.714],[-73.9975,40.714],[-73.9975,40.714],[-73.9971,40.7128],[-73.9969,40.7119],[-73.9968,40.7116],[-73.9968,40.7113],[-73.9965,40.7102],[-73.9964,40.7098],[-73.9962,40.7098],[-73.9962,40.7096],[-73.9961,40.7093],[-73.994,40.7095],[-73.9941,40.7106],[-73.9927,40.7108],[-73.9925,40.7108],[-73.9922,40.7109],[-73.992,40.7109],[-73.9918,40.7101],[-73.9918,40.7098],[-73.992,40.7098],[-73.992,40.7097],[-73.9919,40.7096],[-73.9919,40.7095],[-73.9921,40.7095],[-73.9924,40.7095],[-73.9937,40.7092],[-73.9941,40.7092],[-73.9946,40.7091],[-73.9958,40.7089],[-73.9967,40.7088],[-73.9981,40.7085],[-73.9985,40.7083],[-73.9987,40.7082],[-73.9988,40.7082],[-73.9989,40.7081],[-73.9991,40.708],[-73.9992,40.7079],[-73.9993,40.7079],[-73.9994,40.7078],[-73.9995,40.7078],[-73.9995,40.7077],[-73.9996,40.7077],[-73.9996,40.7078],[-73.9999,40.7076],[-73.9999,40.7076],[-74.0,40.7075],[-74.0001,40.7074],[-74.0004,40.7073],[-74.0008,40.7071],[-74.0009,40.707],[-74.0013,40.7069],[-74.0021,40.7065],[-74.003,40.706],[-74.0036,40.7057],[-74.0039,40.7054],[-74.0052,40.7046],[-74.0061,40.704],[-74.0063,40.7038],[-74.0066,40.7037],[-74.0068,40.7036],[-74.0072,40.7033],[-74.0075,40.7031],[-74.0076,40.703],[-74.0078,40.7031],[-74.0069,40.7036],[-74.0053,40.7047],[-74.0046,40.7052],[-74.0047,40.7052],[-74.006,40.7055],[-74.006,40.7061],[-74.0071,40.7064],[-74.0083,40.7077],[-74.0089,40.709],[-74.0097,40.7088],[-74.0105,40.7092]]]]}},{"type":"Feature","id":"10040","properties":{"modzcta":"10040"},"geometry":{"type":"MultiPolygon","coordinates":[[[[-73.939,40.8561],[-73.9387,40.8565],[-73.9371,40.8584],[-73.9369,40.8587],[-73.9367,40.8589],[-73.9365,40.8591],[-73.9361,40.8594],[-73.9357,40.8596],[-73.9354,40.8599],[-73.9353,40.8601],[-73.9351,40.8604],[-73.935,40.8608],[-73.9349,40.8613],[-73.9348,40.8615],[-73.9342,40.8625],[-73.9339,40.8628],[-73.9338,40.863],[-73.9336,40.863],[-73.9327,40.8629],[-73.9328,40.8628],[-73.9328,40.8627],[-73.9326,40.8622],[-73.9325,40.8619],[-73.9325,40.8617],[-73.9324,40.8614],[-73.9324,40.8611],[-73.9325,40.8608],[-73.9325,40.8605],[-73.9326,40.8603],[-73.9327,40.8601],[-73.9329,40.86],[-73.933,40.8598],[-73.9333,40.8597],[-73.9336,40.8596],[-73.9338,40.8595],[-73.9323,40.8594],[-73.9322,40.8595],[-73.9322,40.8595],[-73.9321,40.8595],[-73.932,40.8595],[-73.9312,40.8597],[-73.9302,40.8616],[-73.9301,40.8619],[-73.93,40.8621],[-73.9301,40.8633],[-73.9299,40.8636],[-73.9298,40.8638],[-73.9295,40.8641],[-73.9293,40.8643],[-73.929,40.8646],[-73.9281,40.8651],[-73.9273,40.8655],[-73.925,40.8663],[-73.9266,40.8645],[-73.9254,40.8626],[-73.9247,40.8616],[-73.9251,40.8615],[-73.9249,40.8613],[-73.9249,40.8611],[-73.925,40.8608],[-73.9251,40.8605],[-73.9253,40.8601],[-73.9256,40.8598],[-73.9259,40.8595],[-73.9263,40.8593],[-73.9266,40.8591],[-73.9269,40.8588],[-73.9271,40.8584],[-73.9271,40.8581],[-73.9269,40.8576],[-73.9267,40.8578],[-73.9265,40.858],[-73.9262,40.8582],[-73.9258,40.8582],[-73.9255,40.8581],[-73.9252,40.858],[-73.925,40.8578],[-73.9248,40.8575],[-73.9247,40.8572],[-73.9247,40.8568],[-73.9268,40.8537],[-73.9277,40.8525],[-73.9296,40.8525],[-73.9322,40.8536],[-73.9346,40.8545],[-73.9353,40.8547],[-73.936,40.8549],[-73.9378,40.8554],[-73.9386,40.8559],[-73.939,40.8561]]]]}},{"type":"Feature","id":"11104","properties":{"modzcta":"11104"},"geometry":{"type":"MultiPolygon","coordinates":[[[[-73.9258,40.7363],[-73.9267,40.7365],[-73.9273,40.7383],[-73.9269,40.7402],[-73.9267,40.7412],[-73.9262,40.7439],[-73.9261,40.7442],[-73.9255,40.7474],[-73.9236,40.7472],[-73.9217,40.747],[-73.9203,40.7492],[-73.9195,40.7497],[-73.9153,40.7506],[-73.9131,40.751],[-73.9098,40.7516],[-73.9095,40.751],[-73.9094,40.7508],[-73.9095,40.7506],[-73.9097,40.7498],[-73.9102,40.7485],[-73.9119,40.7487],[-73.9131,40.7489],[-73.9138,40.7487],[-73.9147,40.7487],[-73.9149,40.7477],[-73.915,40.7473],[-73.9151,40.747],[-73.9151,40.7467],[-73.9156,40.7446],[-73.9148,40.7435],[-73.9158,40.743],[-73.9162,40.743],[-73.9168,40.7431],[-73.9169,40.7428],[-73.9189,40.7422],[-73.9193,40.7421],[-73.9196,40.742],[-73.9199,40.7418],[-73.921,40.7414],[-73.923,40.7404],[-73.9235,40.7379],[-73.924,40.7358],[-73.9258,40.7363],[-73.9258,40.7363]]]]}},{"type":"Feature","id":"11105","properties":{"modzcta":"11105"},"geometry":{"type":"MultiPolygon","coordinates":[[[[-73.9007,40.7672],[-73.9023,40.7675],[-73.9028,40.7675],[-73.9032,40.7675],[-73.9042,40.7675],[-73.9045,40.7676],[-73.9053,40.7679],[-73.9058,40.768],[-73.9071,40.7682],[-73.909,40.7685],[-73.9109,40.7688],[-73.9106,40.7691],[-73.9102,40.7694],[-73.9117,40.7696],[-73.9119,40.7699],[-73.9122,40.77],[-73.9136,40.771],[-73.9148,40.7719],[-73.9164,40.773],[-73.9178,40.774],[-73.9191,40.7749],[-73.9205,40.7759],[-73.9209,40.7772],[-73.9217,40.7777],[-73.9214,40.7785],[-73.9201,40.7795],[-73.9191,40.7804],[-73.918,40.7813],[-73.92,40.7826],[-73.9185,40.7838],[-73.9177,40.7841],[-73.9172,40.7842],[-73.9168,40.7852],[-73.9154,40.7861],[-73.9153,40.7862],[-73.9142,40.7879],[-73.9122,40.7892],[-73.9119,40.7894],[-73.9118,40.7897],[-73.9112,40.7897],[-73.9103,40.7907],[-73.9068,40.7904],[-73.9025,40.7895],[-73.9021,40.7895],[-73.9017,40.7893],[-73.9003,40.789],[-73.8996,40.7884],[-73.8978,40.7872],[-73.897,40.7867],[-73.8965,40.7861],[-73.8964,40.7859],[-73.8961,40.7856],[-73.8958,40.7852],[-73.8969,40.7844],[-73.897,40.7842],[-73.9011,40.7827],[-73.9017,40.7821],[-73.9019,40.7821],[-73.9019,40.7821],[-73.9019,40.782],[-73.9021,40.7819],[-73.9022,40.7818],[-73.9022,40.7818],[-73.9023,40.7815],[-73.9026,40.7808],[-73.9027,40.7804],[-73.9023,40.7802],[-73.9022,40.7804],[-73.902,40.7812],[-73.9012,40.7818],[-73.9003,40.7821],[-73.8995,40.7822],[-73.8972,40.7828],[-73.8971,40.7828],[-73.897,40.7828],[-73.897,40.7828],[-73.897,40.7828],[-73.897,40.7828],[-73.8969,40.7828],[-73.8969,40.7828],[-73.8969,40.7829],[-73.8969,40.7829],[-73.8969,40.7829],[-73.8968,40.7829],[-73.8968,40.7829],[-73.8968,40.7829],[-73.8968,40.7829],[-73.8967,40.783],[-73.8967,40.783],[-73.8967,40.783],[-73.8966,40.783],[-73.8966,40.783],[-73.8966,40.783],[-73.8966,40.783],[-73.8966,40.783],[-73.8965,40.783],[-73.8965,40.7831],[-73.8965,40.7831],[-73.8965,40.7831],[-73.8964,40.7831],[-73.8964,40.7831],[-73.8964,40.7832],[-73.8963,40.7832],[-73.8963,40.7832],[-73.8963,40.7832],[-73.8962,40.7832],[-73.8962,40.7832],[-73.8962,40.7832],[-73.8961,40.7832],[-73.8961,40.7832],[-73.8961,40.7832],[-73.896,40.7831],[-73.896,40.7831],[-73.896,40.7831],[-73.896,40.7831],[-73.896,40.7831],[-73.896,40.7831],[-73.896,40.7831],[-73.896,40.7831],[-73.896,40.7831],[-73.8959,40.7831],[-73.8959,40.7831],[-73.8959,40.7831],[-73.8959,40.783],[-73.8959,40.783],[-73.8959,40.783],[-73.8959,40.783],[-73.8959,40.783],[-73.8959,40.783],[-73.8958,40.783],[-73.8958,40.783],[-73.8958,40.783],[-73.8958,40.783],[-73.8958,40.7829],[-73.8958,40.7829],[-73.8957,40.7829],[-73.8957,40.7829],[-73.8957,40.7829],[-73.8957,40.7829],[-73.8957,40.7829],[-73.8957,40.7829],[-73.8957,40.7829],[-73.8957,40.7829],[-73.8956,40.7829],[-73.8956,40.7829],[-73.8956,40.7829],[-73.8956,40.7828],[-73.8956,40.7828],[-73.8956,40.7828],[-73.8956,40.7828],[-73.8956,40.7828],[-73.8956,40.7828],[-73.8956,40.7828],[-73.8955,40.7828],[-73.8954,40.7827],[-73.8954,40.7817],[-73.8953,40.7816],[-73.8954,40.7816],[-73.8953,40.7815],[-73.8953,40.7816],[-73.8952,40.7816],[-73.8952,40.7816],[-73.8952,40.7816],[-73.8952,40.7816],[-73.8952,40.7817],[-73.8951,40.7817],[-73.8951,40.7817],[-73.8951,40.7818],[-73.895,40.7818],[-73.895,40.7818],[-73.895,40.7818],[-73.895,40.7818],[-73.895,40.7819],[-73.8949,40.7819],[-73.8949,40.7819],[-73.8949,40.7819],[-73.8949,40.7819],[-73.8948,40.7819],[-73.8948,40.782],[-73.8948,40.782],[-73.8947,40.782],[-73.8947,40.782],[-73.8947,40.7821],[-73.8947,40.7821],[-73.8947,40.7821],[-73.8946,40.7821],[-73.8946,40.7821],[-73.8946,40.7822],[-73.8946,40.7822],[-73.8945,40.7822],[-73.8945,40.7822],[-73.8945,40.7822],[-73.8945,40.7823],[-73.8944,40.7823],[-73.8944,40.7823],[-73.8944,40.7823],[-73.8943,40.7823],[-73.8943,40.7824],[-73.8943,40.7824],[-73.8943,40.7824],[-73.8943,40.7824],[-73.8943,40.7824],[-73.8942,40.7824],[-73.8942,40.7825],[-73.8941,40.7825],[-73.8941,40.7825],[-73.894,40.7824],[-73.894,40.7824],[-73.894,40.7824],[-73.894,40.7824],[-73.8939,40.7824],[-73.8939,40.7824],[-73.8939,40.7824],[-73.8938,40.7824],[-73.8938,40.7824],[-73.8938,40.7823],[-73.8938,40.7823],[-73.8937,40.7823],[-73.8937,40.7823],[-73.8937,40.7823],[-73.8936,40.7823],[-73.8936,40.7822],[-73.8936,40.7822],[-73.8935,40.7822],[-73.8935,40.7822],[-73.8935,40.7822],[-73.8935,40.7821],[-73.8935,40.7821],[-73.8934,40.7821],[-73.8934,40.7821],[-73.8934,40.782],[-73.8934,40.782],[-73.8933,40.782],[-73.8933,40.782],[-73.8933,40.782],[-73.8933,40.782],[-73.8933,40.782],[-73.8933,40.782],[-73.8932,40.782],[-73.8932,40.7819],[-73.8932,40.7819],[-73.8931,40.7819],[-73.8931,40.7819],[-73.893,40.7818],[-73.893,40.7818],[-73.893,40.7818],[-73.893,40.7818],[-73.893,40.7818],[-73.8929,40.7817],[-73.8929,40.7817],[-73.8928,40.7817],[-73.8928,40.7816],[-73.8928,40.7816],[-73.8927,40.7816],[-73.8927,40.7816],[-73.8927,40.7816],[-73.8926,40.7815],[-73.8926,40.7815],[-73.8926,40.7815],[-73.8926,40.7815],[-73.8925,40.7815],[-73.8925,40.7815],[-73.8925,40.7814],[-73.8924,40.7814],[-73.8924,40.7814],[-73.8924,40.7814],[-73.8924,40.7814],[-73.8923,40.7813],[-73.8923,40.7813],[-73.8922,40.7813],[-73.8922,40.7812],[-73.8922,40.7812],[-73.8922,40.7812],[-73.8921,40.7812],[-73.8921,40.7812],[-73.8921,40.7811],[-73.8921,40.7811],[-73.8921,40.7811],[-73.8921,40.7811],[-73.892,40.7811],[-73.892,40.7811],[-73.892,40.7811],[-73.892,40.7811],[-73.892,40.7811],[-73.8919,40.781],[-73.8919,40.781],[-73.8919,40.781],[-73.8919,40.781],[-73.8919,40.7809],[-73.8919,40.7809],[-73.8918,40.7809],[-73.8918,40.7809],[-73.8917,40.7809],[-73.8917,40.7809],[-73.8917,40.7809],[-73.8917,40.7808],[-73.8917,40.7808],[-73.8917,40.7808],[-73.8916,40.7808],[-73.8916,40.7807],[-73.8916,40.7807],[-73.8916,40.7807],[-73.8916,40.7807],[-73.8916,40.7807],[-73.8916,40.7807],[-73.8916,40.7806],[-73.8916,40.7806],[-73.8916,40.7806],[-73.8917,40.7805],[-73.8917,40.7805],[-73.8917,40.7805],[-73.8917,40.7805],[-73.8917,40.7804],[-73.8918,40.7804],[-73.8918,40.7804],[-73.8918,40.7804],[-73.8918,40.7804],[-73.8918,40.7803],[-73.8918,40.7803],[-73.8919,40.7803],[-73.8919,40.7803],[-73.8919,40.7803],[-73.8919,40.7803],[-73.8919,40.7803],[-73.8919,40.7803],[-73.892,40.7802],[-73.892,40.7802],[-73.892,40.7802],[-73.892,40.7802],[-73.892,40.7802],[-73.8921,40.7802],[-73.8921,40.7802],[-73.8921,40.7801],[-73.8921,40.7801],[-73.8922,40.7801],[-73.8922,40.78],[-73.8922,40.78],[-73.8922,40.78],[-73.8923,40.78],[-73.8923,40.78],[-73.8923,40.78],[-73.8923,40.7799],[-73.8924,40.7799],[-73.8924,40.7799],[-73.8924,40.7799],[-73.8924,40.7799],[-73.8924,40.7799],[-73.8924,40.7799],[-73.8924,40.7799],[-73.8924,40.7798],[-73.8924,40.7798],[-73.8925,40.7798],[-73.8925,40.7798],[-73.8925,40.7798],[-73.8925,40.7797],[-73.8925,40.7797],[-73.8925,40.7795],[-73.8925,40.7795],[-73.8924,40.7795],[-73.8924,40.7796],[-73.8923,40.7795],[-73.8922,40.7795],[-73.8921,40.7795],[-73.892,40.7795],[-73.8917,40.7795],[-73.8913,40.7789],[-73.8922,40.7777],[-73.8929,40.7772],[-73.8926,40.7743],[-73.8927,40.7741],[-73.8928,40.7739],[-73.8931,40.7739],[-73.8934,40.774],[-73.8937,40.7742],[-73.8957,40.7723],[-73.8978,40.7704],[-73.9003,40.7688],[-73.9005,40.7676],[-73.9005,40.7674],[-73.9007,40.7672],[-73.9007,40.7672]]]]}},{"type":"Feature","id":"10039","properties":{"modzcta":"10039"},"geometry":{"type":"MultiPolygon","coordinates":[[[[-73.9372,40.8191],[-73.937,40.8194],[-73.9363,40.8204],[-73.9362,40.8204],[-73.9391,40.8216],[-73.9419,40.8228],[-73.9435,40.8226],[-73.9424,40.8239],[-73.9415,40.8252],[-73.9406,40.8264],[-73.9397,40.8277],[-73.939,40.829],[-73.939,40.8299],[-73.9396,40.8302],[-73.9403,40.8305],[-73.9404,40.8314],[-73.9404,40.8316],[-73.9403,40.8317],[-73.9403,40.8318],[-73.9402,40.832],[-73.94,40.8321],[-73.9399,40.8324],[-73.9397,40.8326],[-73.9396,40.8328],[-73.9396,40.8329],[-73.9395,40.833],[-73.9394,40.8331],[-73.9392,40.8332],[-73.9385,40.8338],[-73.9383,40.834],[-73.9382,40.8341],[-73.938,40.8343],[-73.938,40.8345],[-73.9379,40.8346],[-73.9374,40.8357],[-73.9367,40.8372],[-73.9362,40.8381],[-73.936,40.8384],[-73.9356,40.8386],[-73.9353,40.8389],[-73.9351,40.8392],[-73.935,40.8395],[-73.935,40.8398],[-73.9351,40.8402],[-73.9353,40.8405],[-73.9356,40.8412],[-73.9356,40.8414],[-73.9356,40.8416],[-73.9351,40.8423],[-73.9342,40.8436],[-73.9332,40.8449],[-73.9328,40.8455],[-73.9322,40.8463],[-73.9321,40.8465],[-73.932,40.8465],[-73.9314,40.8463],[-73.9309,40.8461],[-73.9306,40.846],[-73.9303,40.8459],[-73.9299,40.8458],[-73.9295,40.8457],[-73.9294,40.8457],[-73.9294,40.8456],[-73.9297,40.8453],[-73.9298,40.8452],[-73.9299,40.845],[-73.93,40.8448],[-73.9301,40.8446],[-73.9302,40.8443],[-73.9303,40.844],[-73.9305,40.8437],[-73.9305,40.8434],[-73.9306,40.8433],[-73.9307,40.8431],[-73.9307,40.8429],[-73.9308,40.8428],[-73.9308,40.8427],[-73.931,40.8424],[-73.9314,40.8417],[-73.9318,40.8408],[-73.9328,40.8391],[-73.9331,40.8385],[-73.9333,40.8383],[-73.9334,40.838],[-73.9335,40.8378],[-73.9338,40.8374],[-73.934,40.8369],[-73.9342,40.8366],[-73.9343,40.8363],[-73.9345,40.836],[-73.9348,40.8356],[-73.9348,40.8354],[-73.9348,40.8354],[-73.9349,40.8353],[-73.9349,40.8352],[-73.9349,40.835],[-73.935,40.8348],[-73.935,40.8347],[-73.935,40.8347],[-73.935,40.8346],[-73.935,40.8346],[-73.935,40.8343],[-73.935,40.8342],[-73.9351,40.8339],[-73.9351,40.8337],[-73.9351,40.8337],[-73.9351,40.8334],[-73.9351,40.8333],[-73.9351,40.8333],[-73.9351,40.8333],[-73.9351,40.8332],[-73.9351,40.8332],[-73.9351,40.8332],[-73.9351,40.8331],[-73.9351,40.833],[-73.9351,40.833],[-73.9351,40.833],[-73.9351,40.8329],[-73.9351,40.8329],[-73.9352,40.8329],[-73.9351,40.8324],[-73.9351,40.8319],[-73.9351,40.8319],[-73.935,40.8313],[-73.9349,40.8306],[-73.9348,40.8298],[-73.9348,40.8298],[-73.9348,40.8298],[-73.9348,40.8297],[-73.9348,40.8297],[-73.9347,40.8296],[-73.9347,40.8296],[-73.9347,40.8295],[-73.9347,40.8294],[-73.9347,40.8294],[-73.9347,40.8293],[-73.9347,40.8292],[-73.9347,40.8292],[-73.9347,40.8291],[-73.9347,40.8291],[-73.9346,40.829],[-73.9347,40.829],[-73.9347,40.8289],[-73.9346,40.8289],[-73.9346,40.8287],[-73.9346,40.8287],[-73.9346,40.8287],[-73.9346,40.8286],[-73.9346,40.8286],[-73.9346,40.8285],[-73.9346,40.8284],[-73.9346,40.8284],[-73.9346,40.8283],[-73.9346,40.8283],[-73.9346,40.8283],[-73.9346,40.8282],[-73.9346,40.8282],[-73.9346,40.8282],[-73.9345,40.828],[-73.9345,40.828],[-73.9345,40.8279],[-73.9345,40.8278],[-73.9344,40.827],[-73.9345,40.8268],[-73.9344,40.8258],[-73.9343,40.8252],[-73.9343,40.8245],[-73.9342,40.8242],[-73.9342,40.8231],[-73.9341,40.823],[-73.9341,40.8226],[-73.9341,40.8222],[-73.9341,40.8221],[-73.9341,40.8218],[-73.9341,40.8217],[-73.934,40.8212],[-73.934,40.821],[-73.934,40.8204],[-73.934,40.82],[-73.934,40.8197],[-73.9338,40.8196],[-73.9341,40.8195],[-73.9344,40.8197],[-73.9344,40.8193],[-73.9343,40.8188],[-73.9343,40.8179],[-73.9371,40.8191],[-73.9372,40.8191]]]]}},{"type":"Feature","id":"10128","properties":{"modzcta":"10128"},"geometry":{"type":"MultiPolygon","coordinates":[[[[-73.9599,40.7822],[-73.959,40.7835],[-73.9581,40.7847],[-73.9572,40.786],[-73.9563,40.7872],[-73.9542,40.7872],[-73.9534,40.7869],[-73.9525,40.7866],[-73.9522,40.7864],[-73.9504,40.7865],[-73.9484,40.7857],[-73.9471,40.7852],[-73.9442,40.7839],[-73.9446,40.7832],[-73.944,40.7829],[-73.9438,40.7829],[-73.9436,40.783],[-73.9435,40.7829],[-73.9439,40.7815],[-73.9437,40.7806],[-73.9432,40.7793],[-73.9428,40.7795],[-73.9426,40.7793],[-73.9425,40.7791],[-73.9427,40.7781],[-73.9424,40.7773],[-73.9423,40.7772],[-73.9423,40.7772],[-73.9422,40.7771],[-73.9421,40.777],[-73.9421,40.777],[-73.942,40.7762],[-73.9424,40.7757],[-73.9429,40.7747],[-73.9437,40.7738],[-73.9444,40.773],[-73.9445,40.7731],[-73.9446,40.7731],[-73.9453,40.7743],[-73.9453,40.7751],[-73.9468,40.7764],[-73.9489,40.7776],[-73.9517,40.7779],[-73.9556,40.7795],[-73.9572,40.7802],[-73.9568,40.7809],[-73.9578,40.7813],[-73.9599,40.7822],[-73.9599,40.7822]]]]}},{"type":"Feature","id":"10044","properties":{"modzcta":"10044"},"geometry":{"type":"MultiPolygon","coordinates":[[[[-73.9587,40.7516],[-73.959,40.7513],[-73.9599,40.7506],[-73.9608,40.7499],[-73.9608,40.7499],[-73.9609,40.7498],[-73.9609,40.7498],[-73.961,40.7498],[-73.961,40.7497],[-73.9611,40.7497],[-73.9611,40.7498],[-73.9613,40.7496],[-73.9614,40.7499],[-73.9614,40.7499],[-73.9614,40.75],[-73.9614,40.75],[-73.9614,40.75],[-73.9614,40.7501],[-73.9614,40.7501],[-73.9607,40.7512],[-73.9599,40.7521],[-73.9595,40.753],[-73.9589,40.7536],[-73.9577,40.7548],[-73.9565,40.7562],[-73.9557,40.7571],[-73.9556,40.7573],[-73.9555,40.7573],[-73.9554,40.7574],[-73.955,40.7579],[-73.9538,40.7592],[-73.9537,40.7594],[-73.9536,40.7595],[-73.9534,40.7598],[-73.953,40.76],[-73.9521,40.7609],[-73.9516,40.7617],[-73.9509,40.7626],[-73.9504,40.7632],[-73.9492,40.7643],[-73.9488,40.7646],[-73.9466,40.7674],[-73.9458,40.7682],[-73.9458,40.7683],[-73.9456,40.7685],[-73.9456,40.7687],[-73.9454,40.7687],[-73.9452,40.7688],[-73.9451,40.7692],[-73.9447,40.7698],[-73.9446,40.7699],[-73.944,40.7703],[-73.9428,40.7714],[-73.9421,40.772],[-73.9409,40.7724],[-73.9403,40.7729],[-73.9401,40.7729],[-73.9402,40.7726],[-73.9403,40.7717],[-73.9402,40.7709],[-73.9404,40.7705],[-73.9411,40.7694],[-73.9413,40.7693],[-73.9426,40.7685],[-73.9432,40.7679],[-73.9442,40.7667],[-73.9462,40.7643],[-73.9466,40.7639],[-73.9471,40.7633],[-73.9479,40.7623],[-73.9488,40.7613],[-73.9494,40.7606],[-73.9503,40.7599],[-73.9515,40.7587],[-73.9518,40.7584],[-73.9522,40.7578],[-73.9525,40.7571],[-73.9532,40.7564],[-73.9533,40.7563],[-73.9534,40.7563],[-73.9551,40.7548],[-73.9558,40.7542],[-73.9572,40.7527],[-73.9586,40.7516],[-73.9587,40.7516]]]]}},{"type":"Feature","id":"10065","properties":{"modzcta":"10065"},"geometry":{"type":"MultiPolygon","coordinates":[[[[-73.9563,40.7605],[-73.9563,40.7605],[-73.9566,40.7606],[-73.9567,40.7606],[-73.9573,40.7602],[-73.9579,40.7597],[-73.9581,40.7596],[-73.9588,40.7599],[-73.9615,40.7602],[-73.9627,40.7608],[-73.9627,40.761],[-73.9624,40.7614],[-73.9639,40.7612],[-73.9677,40.7629],[-73.9693,40.7635],[-73.971,40.7642],[-73.9721,40.7655],[-73.9712,40.7668],[-73.9703,40.768],[-73.9695,40.7691],[-73.9689,40.7699],[-73.9668,40.7698],[-73.9652,40.7692],[-73.9636,40.7685],[-73.9625,40.7672],[-73.9612,40.7675],[-73.959,40.7665],[-73.9574,40.7659],[-73.9556,40.7643],[-73.9536,40.7635],[-73.9534,40.7636],[-73.9525,40.7646],[-73.9524,40.7646],[-73.9534,40.7634],[-73.9556,40.7612],[-73.9563,40.7605],[-73.9563,40.7605]]]]}},{"type":"Feature","id":"10069","properties":{"modzcta":"10069"},"geometry":{"type":"MultiPolygon","coordinates":[[[[-73.99,40.7722],[-73.9932,40.7728],[-73.9934,40.7729],[-73.9936,40.7728],[-73.9938,40.7729],[-73.9938,40.7729],[-73.9938,40.773],[-73.9938,40.773],[-73.9938,40.773],[-73.9939,40.7731],[-73.9939,40.7731],[-73.9939,40.7731],[-73.9939,40.7732],[-73.9939,40.7733],[-73.9938,40.7735],[-73.9936,40.7736],[-73.9934,40.7738],[-73.9934,40.7739],[-73.9926,40.775],[-73.9925,40.775],[-73.9923,40.7751],[-73.9921,40.7755],[-73.9923,40.7755],[-73.9924,40.7756],[-73.992,40.7761],[-73.9909,40.7776],[-73.9904,40.7776],[-73.9897,40.7786],[-73.9892,40.7793],[-73.9889,40.7797],[-73.9889,40.7799],[-73.9885,40.7798],[-73.9884,40.7799],[-73.988,40.7804],[-73.9877,40.7807],[-73.9874,40.7811],[-73.9871,40.7809],[-73.9869,40.7799],[-73.9871,40.7792],[-73.9877,40.7778],[-73.9884,40.7765],[-73.9892,40.776],[-73.9896,40.7753],[-73.9898,40.7747],[-73.9898,40.7743],[-73.99,40.773],[-73.99,40.7722],[-73.99,40.7722]]]]}},{"type":"Feature","id":"10075","properties":{"modzcta":"10075"},"geometry":{"type":"MultiPolygon","coordinates":[[[[-73.9475,40.7701],[-73.9481,40.7695],[-73.9483,40.7696],[-73.9492,40.7685],[-73.9494,40.7684],[-73.9519,40.7694],[-73.9537,40.771],[-73.9583,40.773],[-73.9603,40.773],[-73.9614,40.7743],[-73.9619,40.7737],[-73.9635,40.7744],[-73.9651,40.775],[-73.9642,40.7763],[-73.9637,40.777],[-73.9616,40.777],[-73.96,40.7763],[-73.9584,40.7756],[-73.9563,40.7756],[-73.9546,40.774],[-73.9536,40.774],[-73.9523,40.7737],[-73.9514,40.7733],[-73.9502,40.7726],[-73.9476,40.7711],[-73.9472,40.7709],[-73.9471,40.7708],[-73.9476,40.7702],[-73.9475,40.7701],[-73.9475,40.7701]]]]}},{"type":"Feature","id":"10280","properties":{"modzcta":"10280"},"geometry":{"type":"MultiPolygon","coordinates":[[[[-74.0158,40.7013],[-74.0161,40.7016],[-74.0162,40.7018],[-74.0165,40.702],[-74.0168,40.7023],[-74.017,40.7026],[-74.0171,40.7027],[-74.0172,40.7028],[-74.0173,40.7029],[-74.0174,40.703],[-74.0175,40.7032],[-74.0176,40.7033],[-74.0176,40.7034],[-74.0177,40.7035],[-74.0177,40.7036],[-74.0177,40.7036],[-74.0177,40.7037],[-74.0177,40.7038],[-74.0177,40.7039],[-74.0177,40.704],[-74.0176,40.704],[-74.0176,40.704],[-74.0175,40.7044],[-74.0173,40.7046],[-74.0175,40.7047],[-74.0176,40.7047],[-74.0176,40.7047],[-74.0176,40.7047],[-74.0176,40.7047],[-74.0177,40.7047],[-74.0177,40.7047],[-74.0178,40.7047],[-74.0178,40.7047],[-74.0178,40.7047],[-74.0178,40.7047],[-74.0179,40.7047],[-74.0179,40.7047],[-74.018,40.7046],[-74.018,40.7047],[-74.018,40.7046],[-74.0181,40.7046],[-74.0181,40.7046],[-74.0189,40.7047],[-74.0193,40.7061],[-74.0192,40.7066],[-74.0191,40.707],[-74.0191,40.707],[-74.019,40.707],[-74.0189,40.707],[-74.0189,40.7071],[-74.0189,40.7071],[-74.0188,40.7071],[-74.0187,40.7071],[-74.0187,40.7071],[-74.0186,40.7071],[-74.0186,40.7071],[-74.0186,40.7071],[-74.0186,40.7071],[-74.0187,40.7071],[-74.0188,40.7071],[-74.0188,40.707],[-74.0188,40.707],[-74.0188,40.707],[-74.0188,40.707],[-74.0188,40.707],[-74.0187,40.707],[-74.0187,40.707],[-74.0186,40.707],[-74.0186,40.707],[-74.0186,40.707],[-74.0186,40.7069],[-74.0186,40.7069],[-74.0185,40.7069],[-74.0184,40.7073],[-74.0182,40.7078],[-74.0187,40.7079],[-74.0188,40.708],[-74.0188,40.708],[-74.0189,40.708],[-74.0186,40.7089],[-74.0183,40.7101],[-74.0181,40.7109],[-74.018,40.7113],[-74.0179,40.712],[-74.0178,40.7128],[-74.0177,40.7129],[-74.0177,40.7128],[-74.0166,40.7122],[-74.0166,40.7125],[-74.0166,40.7128],[-74.0166,40.7129],[-74.0165,40.713],[-74.0163,40.7134],[-74.0169,40.7135],[-74.0176,40.7135],[-74.0176,40.7132],[-74.0177,40.7131],[-74.0177,40.7131],[-74.0177,40.7131],[-74.0177,40.7131],[-74.0177,40.7131],[-74.0177,40.7131],[-74.0176,40.7137],[-74.0168,40.714],[-74.0164,40.7146],[-74.0162,40.7148],[-74.0151,40.7143],[-74.0141,40.7138],[-74.0138,40.7137],[-74.0142,40.7125],[-74.0144,40.7115],[-74.0146,40.7108],[-74.0147,40.7104],[-74.0149,40.7097],[-74.0151,40.709],[-74.0155,40.708],[-74.0156,40.7078],[-74.0157,40.7076],[-74.0159,40.7072],[-74.0159,40.7071],[-74.016,40.7067],[-74.0162,40.7064],[-74.0164,40.7065],[-74.0176,40.7068],[-74.0178,40.7065],[-74.0179,40.7062],[-74.018,40.706],[-74.018,40.7058],[-74.018,40.7056],[-74.0179,40.7055],[-74.0178,40.7053],[-74.0176,40.705],[-74.0173,40.7049],[-74.0171,40.7048],[-74.0168,40.7048],[-74.0167,40.7047],[-74.0167,40.7041],[-74.0166,40.7037],[-74.0163,40.7027],[-74.0157,40.702],[-74.0158,40.7015],[-74.0158,40.7013]]]]}},{"type":"Feature","id":"10282","properties":{"modzcta":"10282"},"geometry":{"type":"MultiPolygon","coordinates":[[[[-74.0176,40.7137],[-74.0174,40.7148],[-74.0173,40.7153],[-74.0171,40.7164],[-74.0169,40.7178],[-74.0167,40.7186],[-74.0166,40.7187],[-74.0159,40.7186],[-74.0157,40.7185],[-74.015,40.7185],[-74.015,40.7185],[-74.015,40.7185],[-74.0147,40.7185],[-74.0131,40.7189],[-74.013,40.7191],[-74.0126,40.7191],[-74.0128,40.7174],[-74.0131,40.7165],[-74.0133,40.7157],[-74.0134,40.7151],[-74.0138,40.7137],[-74.0141,40.7138],[-74.0151,40.7143],[-74.0162,40.7148],[-74.0164,40.7146],[-74.0168,40.714],[-74.0176,40.7137],[-74.0176,40.7137]]]]}},{"type":"Feature","id":"10301","properties":{"modzcta":"10301"},"geometry":{"type":"MultiPolygon","coordinates":[[[[-74.091,40.6121],[-74.0914,40.6116],[-74.0915,40.6115],[-74.0917,40.6115],[-74.093,40.6114],[-74.0947,40.6122],[-74.0944,40.6122],[-74.094,40.6124],[-74.0938,40.6126],[-74.0936,40.6128],[-74.0928,40.6126],[-74.0919,40.6123],[-74.091,40.6121]]],[[[-74.113,40.6001],[-74.1134,40.6006],[-74.1138,40.6027],[-74.1103,40.6072],[-74.11,40.6103],[-74.1108,40.6105],[-74.1116,40.6109],[-74.113,40.6123],[-74.1129,40.6127],[-74.1131,40.6128],[-74.1132,40.613],[-74.1134,40.6138],[-74.114,40.6138],[-74.1144,40.6152],[-74.1144,40.6166],[-74.1146,40.618],[-74.1147,40.6181],[-74.1149,40.6182],[-74.1182,40.6185],[-74.1187,40.6195],[-74.1191,40.6201],[-74.1194,40.6208],[-74.1196,40.6214],[-74.1196,40.6218],[-74.1193,40.6219],[-74.1189,40.6221],[-74.1186,40.6224],[-74.1185,40.6225],[-74.1184,40.6226],[-74.1183,40.6228],[-74.1183,40.6231],[-74.1183,40.6233],[-74.1183,40.6236],[-74.117,40.6245],[-74.1154,40.6239],[-74.1124,40.6223],[-74.1109,40.6212],[-74.1084,40.6213],[-74.1068,40.6218],[-74.1056,40.6223],[-74.1044,40.623],[-74.1043,40.6231],[-74.1042,40.6232],[-74.1042,40.6233],[-74.1042,40.6235],[-74.1042,40.6236],[-74.1035,40.6238],[-74.1038,40.6252],[-74.104,40.6266],[-74.1044,40.6282],[-74.1054,40.6303],[-74.106,40.632],[-74.106,40.6343],[-74.1055,40.6347],[-74.1035,40.6347],[-74.1027,40.6354],[-74.103,40.637],[-74.1036,40.6373],[-74.1046,40.6377],[-74.1048,40.639],[-74.1056,40.6397],[-74.1061,40.642],[-74.1065,40.6442],[-74.1053,40.6444],[-74.1051,40.6445],[-74.105,40.6446],[-74.1049,40.6448],[-74.1049,40.6449],[-74.1047,40.6455],[-74.1046,40.6456],[-74.1043,40.6457],[-74.1041,40.6457],[-74.104,40.6456],[-74.1038,40.6456],[-74.1037,40.6456],[-74.1037,40.6457],[-74.1023,40.6455],[-74.1016,40.6454],[-74.1001,40.6451],[-74.0988,40.645],[-74.096,40.6454],[-74.0936,40.6458],[-74.093,40.646],[-74.0914,40.6467],[-74.0899,40.6472],[-74.0885,40.6478],[-74.0883,40.6479],[-74.0879,40.6481],[-74.0863,40.6487],[-74.0852,40.6489],[-74.0848,40.6489],[-74.0847,40.6489],[-74.0846,40.6488],[-74.0826,40.6483],[-74.0821,40.6483],[-74.0819,40.6484],[-74.0814,40.6485],[-74.081,40.6483],[-74.0805,40.6482],[-74.0792,40.6482],[-74.0771,40.6472],[-74.0768,40.6471],[-74.0762,40.6467],[-74.0753,40.6459],[-74.0741,40.6451],[-74.0739,40.6451],[-74.0733,40.6449],[-74.0729,40.6449],[-74.0728,40.6449],[-74.0727,40.6446],[-74.0728,40.6446],[-74.0728,40.6445],[-74.0723,40.6446],[-74.0723,40.6445],[-74.072,40.6444],[-74.0721,40.6443],[-74.0723,40.6443],[-74.072,40.6442],[-74.0719,40.6442],[-74.0719,40.644],[-74.0719,40.6439],[-74.0721,40.6439],[-74.0719,40.6438],[-74.0718,40.6438],[-74.0716,40.6436],[-74.0716,40.6435],[-74.0715,40.6434],[-74.0715,40.6433],[-74.0715,40.6432],[-74.0715,40.6428],[-74.0717,40.6428],[-74.0721,40.6425],[-74.0732,40.6422],[-74.0731,40.6416],[-74.0729,40.6408],[-74.0731,40.6405],[-74.073,40.6386],[-74.0729,40.6384],[-74.073,40.6384],[-74.0729,40.6384],[-74.0728,40.6384],[-74.0727,40.6384],[-74.0726,40.6383],[-74.0726,40.6382],[-74.0726,40.6379],[-74.0737,40.6379],[-74.0749,40.6378],[-74.075,40.6378],[-74.075,40.6377],[-74.0749,40.6372],[-74.0748,40.6365],[-74.0759,40.6359],[-74.0755,40.6352],[-74.0752,40.6343],[-74.0752,40.6342],[-74.0752,40.6335],[-74.076,40.632],[-74.078,40.6325],[-74.0775,40.6337],[-74.0787,40.6341],[-74.0799,40.6334],[-74.0794,40.6353],[-74.0793,40.6353],[-74.0792,40.6354],[-74.0792,40.6355],[-74.0791,40.6356],[-74.0789,40.6361],[-74.0789,40.6362],[-74.0789,40.6364],[-74.0789,40.6368],[-74.0792,40.6366],[-74.0795,40.6362],[-74.0799,40.636],[-74.0803,40.6359],[-74.0803,40.6358],[-74.0803,40.6357],[-74.0804,40.6356],[-74.0805,40.6355],[-74.0823,40.6337],[-74.0841,40.6348],[-74.0852,40.6338],[-74.0871,40.6322],[-74.0881,40.6311],[-74.0885,40.6289],[-74.0889,40.6277],[-74.0887,40.6259],[-74.0885,40.6239],[-74.0885,40.6226],[-74.0887,40.6209],[-74.0887,40.6198],[-74.0882,40.6198],[-74.088,40.6197],[-74.0878,40.6196],[-74.0875,40.6191],[-74.0878,40.6177],[-74.0899,40.6169],[-74.0906,40.617],[-74.091,40.6172],[-74.0915,40.6174],[-74.0916,40.6176],[-74.0921,40.6178],[-74.0925,40.6181],[-74.0927,40.6183],[-74.093,40.6183],[-74.0933,40.6183],[-74.0936,40.6182],[-74.0938,40.6181],[-74.0941,40.6177],[-74.0941,40.6174],[-74.0941,40.6172],[-74.0942,40.6169],[-74.0943,40.6167],[-74.0935,40.6163],[-74.0934,40.6162],[-74.0933,40.6162],[-74.0928,40.6161],[-74.0927,40.616],[-74.0926,40.616],[-74.0926,40.6159],[-74.0926,40.6158],[-74.0926,40.6153],[-74.0926,40.615],[-74.0927,40.6148],[-74.0927,40.6145],[-74.0929,40.6142],[-74.093,40.6139],[-74.0931,40.6137],[-74.0932,40.6136],[-74.0934,40.6134],[-74.0935,40.6133],[-74.0937,40.6131],[-74.0946,40.6133],[-74.0965,40.615],[-74.0971,40.6153],[-74.0973,40.6151],[-74.0974,40.6149],[-74.0973,40.6147],[-74.0973,40.6145],[-74.0973,40.6143],[-74.0974,40.6141],[-74.0979,40.6135],[-74.0993,40.6124],[-74.0985,40.6114],[-74.0979,40.6107],[-74.0977,40.6105],[-74.0972,40.61],[-74.0974,40.6091],[-74.0967,40.6094],[-74.0963,40.6094],[-74.0959,40.6095],[-74.0955,40.6095],[-74.0953,40.6095],[-74.0952,40.6095],[-74.0951,40.6095],[-74.095,40.6094],[-74.095,40.6093],[-74.0952,40.6093],[-74.0956,40.6092],[-74.0961,40.609],[-74.096,40.6085],[-74.0965,40.6084],[-74.0967,40.6083],[-74.0967,40.6082],[-74.0967,40.6081],[-74.0966,40.6079],[-74.0965,40.6078],[-74.0964,40.6077],[-74.0963,40.6076],[-74.0963,40.6075],[-74.0973,40.6062],[-74.0979,40.606],[-74.1018,40.6051],[-74.1022,40.6044],[-74.1026,40.6034],[-74.1027,40.6033],[-74.1029,40.6032],[-74.1031,40.6031],[-74.1034,40.603],[-74.1037,40.603],[-74.104,40.6031],[-74.1049,40.6034],[-74.1053,40.6035],[-74.1056,40.6036],[-74.1062,40.604],[-74.1064,40.6041],[-74.1066,40.6042],[-74.1069,40.6043],[-74.1071,40.6043],[-74.1074,40.6043],[-74.1077,40.6042],[-74.108,40.6041],[-74.1092,40.6039],[-74.1114,40.6035],[-74.1127,40.6031],[-74.1116,40.6011],[-74.1093,40.6009],[-74.113,40.6001],[-74.113,40.6001]]]]}},{"type":"Feature","id":"11106","properties":{"modzcta":"11106"},"geometry":{"type":"MultiPolygon","coordinates":[[[[-73.9447,40.7629],[-73.9435,40.7645],[-73.9413,40.7669],[-73.9404,40.7677],[-73.9395,40.7681],[-73.939,40.768],[-73.9376,40.7689],[-73.9367,40.7691],[-73.9364,40.7695],[-73.9357,40.7694],[-73.9349,40.77],[-73.9351,40.7705],[-73.9349,40.7712],[-73.9345,40.7712],[-73.9345,40.7704],[-73.9347,40.77],[-73.935,40.7697],[-73.9334,40.7688],[-73.9299,40.7673],[-73.9282,40.7672],[-73.926,40.7667],[-73.9251,40.7651],[-73.9235,40.7643],[-73.9219,40.7636],[-73.9203,40.7628],[-73.919,40.7622],[-73.9228,40.7576],[-73.9237,40.7559],[-73.9265,40.7524],[-73.928,40.7533],[-73.9295,40.7541],[-73.9311,40.755],[-73.9321,40.7556],[-73.9333,40.7562],[-73.9346,40.7569],[-73.9362,40.7578],[-73.9379,40.7587],[-73.9392,40.7592],[-73.9408,40.7598],[-73.9424,40.7604],[-73.9425,40.762],[-73.943,40.7621],[-73.9435,40.7623],[-73.944,40.7625],[-73.9444,40.7627],[-73.9447,40.7629]]]]}},{"type":"Feature","id":"10302","properties":{"modzcta":"10302"},"geometry":{"type":"MultiPolygon","coordinates":[[[[-74.1458,40.6309],[-74.1457,40.6315],[-74.1455,40.6332],[-74.1451,40.6345],[-74.145,40.635],[-74.1448,40.6355],[-74.1446,40.6358],[-74.1436,40.6379],[-74.1435,40.6385],[-74.1431,40.6397],[-74.1429,40.6396],[-74.1429,40.6396],[-74.1427,40.6395],[-74.1425,40.6395],[-74.1424,40.6396],[-74.1423,40.6397],[-74.1424,40.6401],[-74.1424,40.6403],[-74.1422,40.6403],[-74.1421,40.6403],[-74.1415,40.6401],[-74.1412,40.6404],[-74.1408,40.6406],[-74.1399,40.6407],[-74.1393,40.6407],[-74.1392,40.6409],[-74.1376,40.641],[-74.1375,40.641],[-74.1374,40.6411],[-74.1373,40.6411],[-74.1357,40.6416],[-74.135,40.6418],[-74.1344,40.6419],[-74.1335,40.6417],[-74.1334,40.6415],[-74.1332,40.6415],[-74.133,40.6414],[-74.1328,40.6414],[-74.1327,40.6415],[-74.1325,40.6416],[-74.1324,40.6417],[-74.1313,40.6416],[-74.1315,40.6413],[-74.1307,40.6409],[-74.1301,40.6408],[-74.1299,40.6407],[-74.1293,40.6403],[-74.1289,40.6404],[-74.1288,40.6402],[-74.1281,40.6401],[-74.1275,40.6402],[-74.1274,40.6398],[-74.1272,40.6398],[-74.127,40.6393],[-74.127,40.6391],[-74.127,40.6384],[-74.127,40.6384],[-74.1271,40.6382],[-74.1269,40.6372],[-74.1279,40.6364],[-74.1285,40.6337],[-74.1294,40.6337],[-74.1298,40.6332],[-74.1301,40.6326],[-74.1305,40.6317],[-74.1305,40.6309],[-74.1301,40.6306],[-74.1293,40.6294],[-74.1292,40.6287],[-74.1303,40.6287],[-74.1307,40.6263],[-74.1316,40.6256],[-74.132,40.6244],[-74.1321,40.624],[-74.1321,40.6237],[-74.131,40.6235],[-74.1305,40.6226],[-74.1304,40.6218],[-74.1321,40.6227],[-74.1326,40.6229],[-74.1339,40.6221],[-74.1356,40.623],[-74.1367,40.6215],[-74.1376,40.6216],[-74.1386,40.6218],[-74.1394,40.6213],[-74.1403,40.6214],[-74.1418,40.6208],[-74.1419,40.6199],[-74.1415,40.6189],[-74.1412,40.618],[-74.1416,40.6165],[-74.1423,40.6166],[-74.1442,40.6169],[-74.146,40.617],[-74.1473,40.6171],[-74.1454,40.6186],[-74.1453,40.6187],[-74.1448,40.619],[-74.1447,40.6199],[-74.145,40.6202],[-74.1474,40.6207],[-74.1479,40.6213],[-74.1499,40.6194],[-74.1508,40.6184],[-74.1512,40.618],[-74.1516,40.6175],[-74.1521,40.6175],[-74.1517,40.618],[-74.1509,40.6188],[-74.1504,40.6194],[-74.1498,40.6199],[-74.1492,40.6205],[-74.1486,40.6212],[-74.1483,40.6215],[-74.1477,40.6221],[-74.1475,40.6225],[-74.1471,40.623],[-74.1465,40.6242],[-74.1459,40.6258],[-74.1457,40.6264],[-74.1456,40.6269],[-74.1455,40.6275],[-74.1457,40.6287],[-74.1458,40.6295],[-74.1458,40.6302],[-74.1458,40.6309],[-74.1458,40.6309]],[[-74.1458,40.6309],[-74.1455,40.6309],[-74.144,40.6306],[-74.1436,40.6319],[-74.1443,40.632],[-74.1446,40.6321],[-74.1449,40.632],[-74.1451,40.632],[-74.1454,40.6318],[-74.1456,40.6312],[-74.1458,40.6309],[-74.1458,40.6309]]]]}},{"type":"Feature","id":"10303","properties":{"modzcta":"10303"},"geometry":{"type":"MultiPolygon","coordinates":[[[[-74.1785,40.6153],[-74.1786,40.6153],[-74.1785,40.6153],[-74.1785,40.6153]]],[[[-74.1785,40.6153],[-74.1773,40.6177],[-74.1767,40.6208],[-74.1765,40.6213],[-74.1765,40.6217],[-74.1765,40.6219],[-74.1765,40.6219],[-74.1765,40.6224],[-74.1767,40.6231],[-74.1771,40.6239],[-74.1777,40.6248],[-74.1778,40.625],[-74.1785,40.6247],[-74.1789,40.6253],[-74.179,40.6256],[-74.1792,40.6258],[-74.1794,40.6261],[-74.1798,40.6264],[-74.1804,40.6267],[-74.184,40.6285],[-74.1849,40.6279],[-74.186,40.629],[-74.1872,40.6295],[-74.1881,40.6291],[-74.189,40.6296],[-74.1893,40.6307],[-74.1903,40.6294],[-74.1909,40.6285],[-74.1921,40.6284],[-74.1924,40.629],[-74.1924,40.6306],[-74.1927,40.6309],[-74.1939,40.6307],[-74.1952,40.631],[-74.196,40.6314],[-74.1972,40.6325],[-74.1959,40.6318],[-74.1932,40.633],[-74.1925,40.6334],[-74.1956,40.635],[-74.1955,40.6351],[-74.1955,40.6351],[-74.1954,40.6352],[-74.1954,40.6352],[-74.1953,40.6352],[-74.1953,40.6353],[-74.1953,40.6353],[-74.1952,40.6354],[-74.1952,40.6355],[-74.1952,40.6355],[-74.1952,40.6355],[-74.1952,40.6355],[-74.1952,40.6356],[-74.1952,40.6356],[-74.1952,40.6356],[-74.1952,40.6357],[-74.1952,40.6357],[-74.1952,40.6357],[-74.1945,40.6365],[-74.1945,40.6365],[-74.1945,40.6365],[-74.1945,40.6366],[-74.1944,40.6366],[-74.1944,40.6368],[-74.1945,40.6369],[-74.1945,40.637],[-74.1946,40.6371],[-74.1946,40.6371],[-74.1947,40.6371],[-74.1947,40.637],[-74.1947,40.637],[-74.1948,40.6371],[-74.1948,40.6372],[-74.1948,40.6372],[-74.1947,40.6373],[-74.1945,40.6374],[-74.1944,40.6374],[-74.1944,40.6374],[-74.1944,40.6374],[-74.1944,40.6373],[-74.1943,40.6373],[-74.1943,40.6373],[-74.1942,40.6373],[-74.1941,40.6373],[-74.194,40.6373],[-74.1938,40.6373],[-74.1937,40.6374],[-74.1936,40.6375],[-74.1932,40.638],[-74.1865,40.6434],[-74.1861,40.6433],[-74.186,40.6435],[-74.1856,40.6438],[-74.1855,40.6438],[-74.1853,40.6438],[-74.1852,40.6438],[-74.1851,40.6438],[-74.1851,40.6439],[-74.1852,40.6439],[-74.1852,40.644],[-74.185,40.6441],[-74.1849,40.6441],[-74.1848,40.6441],[-74.1848,40.6441],[-74.1848,40.644],[-74.1848,40.644],[-74.1848,40.644],[-74.1848,40.6439],[-74.1847,40.6439],[-74.1847,40.6439],[-74.1846,40.6439],[-74.1846,40.6438],[-74.1846,40.6438],[-74.1846,40.6438],[-74.1846,40.6438],[-74.1845,40.6438],[-74.1845,40.6438],[-74.1844,40.6437],[-74.1844,40.6437],[-74.1844,40.6437],[-74.1844,40.6437],[-74.1844,40.6436],[-74.1842,40.6436],[-74.1842,40.6436],[-74.1841,40.6436],[-74.1841,40.6435],[-74.1841,40.6434],[-74.1841,40.6433],[-74.1841,40.6433],[-74.1841,40.6433],[-74.1841,40.6433],[-74.1841,40.6432],[-74.1842,40.6432],[-74.1842,40.6432],[-74.1842,40.6432],[-74.1842,40.6432],[-74.1842,40.6432],[-74.1842,40.6432],[-74.1842,40.6432],[-74.1843,40.6432],[-74.1843,40.6432],[-74.1843,40.6432],[-74.1843,40.6432],[-74.1843,40.6432],[-74.1843,40.6432],[-74.1843,40.6432],[-74.1843,40.6432],[-74.1843,40.6432],[-74.1844,40.6432],[-74.1843,40.6431],[-74.1843,40.6431],[-74.1843,40.6431],[-74.1844,40.6431],[-74.1844,40.6431],[-74.1843,40.6431],[-74.1843,40.6431],[-74.1843,40.6431],[-74.1842,40.6431],[-74.1842,40.6431],[-74.1842,40.6431],[-74.1842,40.643],[-74.1842,40.643],[-74.1842,40.643],[-74.1841,40.6429],[-74.1841,40.6427],[-74.184,40.6427],[-74.184,40.6426],[-74.184,40.6426],[-74.184,40.6425],[-74.184,40.6425],[-74.1839,40.6425],[-74.1838,40.6424],[-74.1837,40.6423],[-74.1837,40.6423],[-74.1836,40.6423],[-74.1836,40.6423],[-74.1836,40.6423],[-74.1836,40.6424],[-74.1837,40.6425],[-74.1837,40.6425],[-74.1837,40.6425],[-74.1838,40.6426],[-74.1838,40.6426],[-74.1838,40.6427],[-74.1838,40.6427],[-74.1838,40.6428],[-74.1839,40.6428],[-74.1839,40.6429],[-74.184,40.6429],[-74.1839,40.6429],[-74.184,40.643],[-74.184,40.6431],[-74.184,40.6431],[-74.184,40.6431],[-74.184,40.6432],[-74.1839,40.6432],[-74.1839,40.6432],[-74.1839,40.6433],[-74.1839,40.6433],[-74.1838,40.6433],[-74.1838,40.6432],[-74.1837,40.6432],[-74.1837,40.6432],[-74.1837,40.6432],[-74.1837,40.6431],[-74.1837,40.6431],[-74.1836,40.6431],[-74.1836,40.643],[-74.1835,40.643],[-74.1835,40.643],[-74.1835,40.643],[-74.1834,40.6429],[-74.1834,40.6429],[-74.1833,40.6429],[-74.1833,40.6429],[-74.1833,40.6429],[-74.1832,40.643],[-74.1833,40.643],[-74.1833,40.643],[-74.1833,40.6431],[-74.1833,40.6431],[-74.1834,40.6432],[-74.1834,40.6432],[-74.1834,40.6433],[-74.1835,40.6433],[-74.1835,40.6434],[-74.1835,40.6434],[-74.1835,40.6435],[-74.1834,40.6435],[-74.1834,40.6435],[-74.1834,40.6435],[-74.1834,40.6436],[-74.1834,40.6436],[-74.1834,40.6436],[-74.1835,40.6437],[-74.1835,40.6437],[-74.1835,40.6438],[-74.1835,40.6438],[-74.1835,40.6439],[-74.1835,40.6439],[-74.1836,40.6439],[-74.1836,40.6441],[-74.1837,40.6442],[-74.1837,40.6443],[-74.1837,40.6443],[-74.1837,40.6443],[-74.1838,40.6444],[-74.1838,40.6445],[-74.1838,40.6445],[-74.1837,40.6445],[-74.1837,40.6446],[-74.1837,40.6446],[-74.1837,40.6446],[-74.1836,40.6446],[-74.1836,40.6446],[-74.1835,40.6446],[-74.1834,40.6447],[-74.1834,40.6447],[-74.1833,40.6447],[-74.1833,40.6447],[-74.1832,40.6447],[-74.1832,40.6447],[-74.1831,40.6448],[-74.1829,40.6448],[-74.1827,40.6448],[-74.1826,40.6448],[-74.1824,40.6448],[-74.1823,40.6448],[-74.182,40.6447],[-74.182,40.6447],[-74.1819,40.6447],[-74.1818,40.6447],[-74.1818,40.6447],[-74.1817,40.6447],[-74.1816,40.6447],[-74.1815,40.6447],[-74.1814,40.6446],[-74.1813,40.6446],[-74.1813,40.6446],[-74.1812,40.6446],[-74.1812,40.6446],[-74.1811,40.6446],[-74.1811,40.6447],[-74.181,40.6447],[-74.181,40.6448],[-74.181,40.6448],[-74.1809,40.6448],[-74.1809,40.6448],[-74.1808,40.6448],[-74.1808,40.6448],[-74.1808,40.6447],[-74.1808,40.6447],[-74.1808,40.6446],[-74.1808,40.6446],[-74.1808,40.6446],[-74.1807,40.6446],[-74.1807,40.6445],[-74.1806,40.6445],[-74.1805,40.6445],[-74.1805,40.6444],[-74.1805,40.6443],[-74.1798,40.6443],[-74.1794,40.6444],[-74.1793,40.6445],[-74.1793,40.6445],[-74.1793,40.6446],[-74.1793,40.6446],[-74.1793,40.6447],[-74.1793,40.6447],[-74.1793,40.6447],[-74.1793,40.6448],[-74.1793,40.6448],[-74.1793,40.6448],[-74.1793,40.6449],[-74.1793,40.6449],[-74.1793,40.645],[-74.1793,40.645],[-74.1793,40.645],[-74.1792,40.645],[-74.1792,40.645],[-74.1792,40.645],[-74.1791,40.645],[-74.1791,40.6446],[-74.1791,40.6445],[-74.1791,40.6444],[-74.179,40.6443],[-74.1791,40.6441],[-74.179,40.6439],[-74.179,40.6438],[-74.179,40.6438],[-74.179,40.6437],[-74.179,40.6436],[-74.179,40.6434],[-74.1791,40.6434],[-74.1791,40.6433],[-74.1791,40.6433],[-74.1792,40.6433],[-74.1792,40.6433],[-74.1793,40.6432],[-74.1793,40.6432],[-74.1793,40.6432],[-74.1794,40.6432],[-74.1794,40.6431],[-74.1794,40.6431],[-74.1794,40.6431],[-74.1794,40.6431],[-74.1794,40.643],[-74.1794,40.643],[-74.1794,40.643],[-74.1794,40.643],[-74.1794,40.6429],[-74.1794,40.6429],[-74.1794,40.6428],[-74.1794,40.6428],[-74.1794,40.6427],[-74.1794,40.6427],[-74.1794,40.6426],[-74.1795,40.6426],[-74.1795,40.6425],[-74.1795,40.6425],[-74.1795,40.6424],[-74.1795,40.6424],[-74.1795,40.6423],[-74.1796,40.6422],[-74.1796,40.6422],[-74.1796,40.6421],[-74.1796,40.6421],[-74.1796,40.642],[-74.1796,40.6419],[-74.1796,40.6419],[-74.1796,40.6419],[-74.1795,40.642],[-74.1795,40.6422],[-74.1795,40.6422],[-74.1795,40.6423],[-74.1795,40.6424],[-74.1794,40.6425],[-74.1794,40.6426],[-74.1793,40.6427],[-74.1793,40.6427],[-74.1793,40.6428],[-74.1793,40.6429],[-74.1792,40.643],[-74.1792,40.643],[-74.1791,40.643],[-74.1791,40.643],[-74.1791,40.643],[-74.179,40.6429],[-74.1789,40.6428],[-74.1789,40.6427],[-74.1789,40.6427],[-74.1788,40.6426],[-74.1788,40.6425],[-74.1788,40.6425],[-74.1788,40.6425],[-74.1787,40.6426],[-74.1786,40.6426],[-74.1785,40.6425],[-74.1784,40.6424],[-74.1784,40.6423],[-74.1783,40.6422],[-74.1783,40.6422],[-74.1783,40.6421],[-74.1782,40.6421],[-74.1782,40.6422],[-74.1784,40.6425],[-74.1784,40.6425],[-74.1783,40.6426],[-74.1783,40.6426],[-74.1782,40.6426],[-74.1781,40.6425],[-74.1781,40.6425],[-74.178,40.6425],[-74.178,40.6426],[-74.1779,40.6426],[-74.1779,40.6426],[-74.1778,40.6426],[-74.1778,40.6426],[-74.1778,40.6426],[-74.1778,40.6427],[-74.1778,40.6428],[-74.1777,40.6429],[-74.1777,40.6429],[-74.1775,40.643],[-74.1775,40.643],[-74.1774,40.643],[-74.1774,40.643],[-74.1773,40.6431],[-74.1773,40.6431],[-74.1772,40.6431],[-74.1771,40.6431],[-74.1771,40.6431],[-74.1771,40.6431],[-74.1772,40.643],[-74.1771,40.643],[-74.1771,40.643],[-74.1771,40.643],[-74.1771,40.643],[-74.1771,40.6431],[-74.177,40.643],[-74.1769,40.6429],[-74.1768,40.6429],[-74.1768,40.6428],[-74.1768,40.6428],[-74.1768,40.6428],[-74.1768,40.6427],[-74.1768,40.6426],[-74.1768,40.6426],[-74.1768,40.6426],[-74.1768,40.6425],[-74.1767,40.6424],[-74.1767,40.6424],[-74.1767,40.6424],[-74.1767,40.6425],[-74.1765,40.6424],[-74.1764,40.6423],[-74.1763,40.6423],[-74.1764,40.6424],[-74.1767,40.6425],[-74.1767,40.6425],[-74.1767,40.643],[-74.1767,40.6432],[-74.1767,40.6433],[-74.1767,40.6434],[-74.1767,40.6434],[-74.1766,40.6434],[-74.1765,40.6434],[-74.1765,40.6434],[-74.1764,40.6434],[-74.1763,40.6435],[-74.1761,40.6435],[-74.1759,40.6435],[-74.1758,40.6434],[-74.1757,40.6434],[-74.1757,40.6434],[-74.1757,40.6433],[-74.1756,40.6433],[-74.1756,40.6433],[-74.1755,40.6434],[-74.1755,40.6434],[-74.1755,40.6435],[-74.1755,40.6436],[-74.1755,40.6437],[-74.1755,40.6437],[-74.1756,40.6437],[-74.1756,40.6438],[-74.1756,40.6438],[-74.1755,40.6438],[-74.1755,40.6439],[-74.1755,40.644],[-74.1755,40.644],[-74.1755,40.6441],[-74.1755,40.6441],[-74.1755,40.6442],[-74.1755,40.6442],[-74.1756,40.6442],[-74.1757,40.6446],[-74.1757,40.6447],[-74.1757,40.6447],[-74.1757,40.6447],[-74.1756,40.6447],[-74.1756,40.6446],[-74.1756,40.6446],[-74.1755,40.6446],[-74.1754,40.6447],[-74.1754,40.6448],[-74.1753,40.6449],[-74.1753,40.645],[-74.1753,40.6451],[-74.1752,40.6451],[-74.175,40.6451],[-74.1749,40.6451],[-74.1748,40.6451],[-74.1747,40.6451],[-74.1746,40.645],[-74.1746,40.645],[-74.1745,40.645],[-74.1745,40.6451],[-74.1745,40.6451],[-74.1744,40.6451],[-74.1744,40.6451],[-74.1741,40.6451],[-74.1741,40.645],[-74.174,40.645],[-74.1739,40.6449],[-74.1738,40.6448],[-74.1736,40.6447],[-74.1735,40.6446],[-74.1734,40.6445],[-74.1732,40.6444],[-74.1731,40.6443],[-74.173,40.6443],[-74.173,40.6442],[-74.1729,40.6442],[-74.1729,40.6441],[-74.1729,40.644],[-74.1729,40.644],[-74.173,40.6439],[-74.173,40.6438],[-74.173,40.6437],[-74.173,40.6436],[-74.1729,40.6435],[-74.1729,40.6435],[-74.1729,40.6435],[-74.1728,40.6435],[-74.1728,40.6435],[-74.1727,40.6435],[-74.1725,40.6435],[-74.1725,40.6434],[-74.1724,40.6434],[-74.1724,40.6433],[-74.1724,40.6433],[-74.1724,40.6433],[-74.1724,40.6432],[-74.1724,40.6432],[-74.1725,40.6432],[-74.1725,40.6432],[-74.1725,40.6432],[-74.1725,40.6432],[-74.1725,40.6431],[-74.1726,40.6431],[-74.1726,40.6431],[-74.1726,40.643],[-74.1727,40.643],[-74.1727,40.643],[-74.1727,40.643],[-74.1726,40.643],[-74.1726,40.643],[-74.1726,40.6429],[-74.1725,40.6429],[-74.1725,40.6428],[-74.1725,40.6428],[-74.1724,40.6428],[-74.1723,40.6429],[-74.1723,40.6429],[-74.1723,40.6428],[-74.1721,40.6428],[-74.1721,40.6429],[-74.172,40.6429],[-74.172,40.6429],[-74.1719,40.6429],[-74.1719,40.643],[-74.1718,40.643],[-74.1718,40.6431],[-74.1716,40.6431],[-74.1715,40.6431],[-74.1714,40.6431],[-74.1714,40.643],[-74.1714,40.643],[-74.1715,40.643],[-74.1715,40.643],[-74.1714,40.643],[-74.1713,40.6429],[-74.1713,40.6428],[-74.1714,40.6428],[-74.1715,40.6427],[-74.1718,40.6426],[-74.1718,40.6425],[-74.1719,40.6425],[-74.1718,40.6425],[-74.1717,40.6425],[-74.1718,40.6425],[-74.1718,40.6424],[-74.1718,40.6424],[-74.1718,40.6423],[-74.1718,40.6423],[-74.1717,40.6423],[-74.1718,40.6422],[-74.1718,40.6422],[-74.1717,40.6422],[-74.1717,40.6421],[-74.1717,40.642],[-74.1717,40.642],[-74.1717,40.6419],[-74.1717,40.6419],[-74.1716,40.6419],[-74.1716,40.6419],[-74.1716,40.6419],[-74.1715,40.6418],[-74.1715,40.6418],[-74.1715,40.6417],[-74.1715,40.6417],[-74.1715,40.6417],[-74.1715,40.6415],[-74.1715,40.6415],[-74.1715,40.6414],[-74.1715,40.6414],[-74.1715,40.6414],[-74.1715,40.6413],[-74.1715,40.6413],[-74.1715,40.6413],[-74.1715,40.6412],[-74.1715,40.6412],[-74.1716,40.6412],[-74.1716,40.6412],[-74.1716,40.6411],[-74.1716,40.6411],[-74.1716,40.6411],[-74.1716,40.6411],[-74.1716,40.641],[-74.1716,40.641],[-74.1717,40.641],[-74.1718,40.641],[-74.1718,40.641],[-74.172,40.641],[-74.172,40.641],[-74.1721,40.6409],[-74.1723,40.6408],[-74.1724,40.6408],[-74.1724,40.6408],[-74.1724,40.6407],[-74.1725,40.6407],[-74.1725,40.6407],[-74.1726,40.6407],[-74.1727,40.6406],[-74.1728,40.6406],[-74.1729,40.6406],[-74.173,40.6406],[-74.173,40.6405],[-74.173,40.6405],[-74.173,40.6405],[-74.173,40.6405],[-74.1729,40.6405],[-74.1729,40.6406],[-74.1728,40.6406],[-74.1727,40.6406],[-74.1726,40.6406],[-74.1725,40.6407],[-74.1724,40.6408],[-74.1722,40.6409],[-74.1721,40.6409],[-74.172,40.641],[-74.1719,40.641],[-74.1719,40.641],[-74.1718,40.641],[-74.1717,40.641],[-74.1716,40.641],[-74.1716,40.641],[-74.1716,40.641],[-74.1715,40.6411],[-74.1716,40.6411],[-74.1716,40.6412],[-74.1715,40.6412],[-74.1715,40.6412],[-74.1715,40.6412],[-74.1714,40.6413],[-74.1714,40.6414],[-74.1714,40.6414],[-74.1714,40.6415],[-74.1714,40.6418],[-74.1703,40.6418],[-74.1692,40.6419],[-74.1684,40.642],[-74.1682,40.6419],[-74.1681,40.6418],[-74.1677,40.6417],[-74.1668,40.6416],[-74.1665,40.6414],[-74.1663,40.6414],[-74.166,40.6413],[-74.1658,40.6412],[-74.1654,40.6423],[-74.1652,40.6406],[-74.1647,40.6404],[-74.1642,40.6401],[-74.164,40.6399],[-74.1639,40.6399],[-74.1638,40.6399],[-74.1636,40.6399],[-74.1632,40.641],[-74.1629,40.641],[-74.1628,40.641],[-74.1625,40.6409],[-74.1621,40.6408],[-74.1617,40.6406],[-74.162,40.6387],[-74.1617,40.6386],[-74.1612,40.6386],[-74.1611,40.6387],[-74.1609,40.6385],[-74.1608,40.6386],[-74.1604,40.6385],[-74.1602,40.6384],[-74.1602,40.6386],[-74.1601,40.6386],[-74.1601,40.6387],[-74.16,40.6387],[-74.1599,40.6387],[-74.1599,40.6387],[-74.1597,40.6386],[-74.1597,40.6385],[-74.1596,40.6384],[-74.1596,40.6382],[-74.1595,40.638],[-74.1594,40.6379],[-74.1593,40.6378],[-74.1592,40.6378],[-74.1591,40.6379],[-74.1591,40.638],[-74.1591,40.638],[-74.1591,40.638],[-74.1589,40.6383],[-74.1586,40.6381],[-74.1581,40.638],[-74.1578,40.638],[-74.1571,40.6379],[-74.1564,40.638],[-74.1561,40.6375],[-74.1557,40.6378],[-74.1556,40.6377],[-74.1548,40.6377],[-74.1546,40.6373],[-74.1545,40.6372],[-74.1543,40.6372],[-74.154,40.6372],[-74.1538,40.6372],[-74.1535,40.6373],[-74.1533,40.6373],[-74.153,40.6372],[-74.1529,40.6371],[-74.1528,40.6371],[-74.1527,40.6372],[-74.1527,40.6373],[-74.1527,40.6374],[-74.1527,40.6376],[-74.1524,40.6377],[-74.1521,40.6377],[-74.1512,40.6377],[-74.1511,40.6385],[-74.1504,40.6384],[-74.1504,40.6384],[-74.1503,40.6383],[-74.15,40.6382],[-74.1497,40.6375],[-74.1495,40.6374],[-74.1495,40.6374],[-74.1494,40.6374],[-74.1494,40.6374],[-74.1494,40.6374],[-74.1494,40.6379],[-74.1493,40.6384],[-74.1493,40.6385],[-74.1493,40.6386],[-74.1492,40.6387],[-74.1486,40.6374],[-74.1485,40.6375],[-74.1476,40.639],[-74.146,40.6391],[-74.1452,40.6394],[-74.1447,40.6393],[-74.1443,40.6391],[-74.1442,40.639],[-74.1441,40.639],[-74.144,40.6389],[-74.1439,40.6389],[-74.1438,40.6389],[-74.1438,40.6389],[-74.1438,40.6389],[-74.1438,40.6391],[-74.1437,40.6392],[-74.1436,40.6392],[-74.1436,40.6392],[-74.1434,40.6395],[-74.1434,40.6397],[-74.1432,40.6397],[-74.1436,40.6385],[-74.1433,40.6387],[-74.1444,40.636],[-74.1447,40.6358],[-74.1449,40.6352],[-74.1451,40.6347],[-74.1454,40.6333],[-74.1457,40.6324],[-74.1458,40.6311],[-74.1458,40.6306],[-74.1458,40.6299],[-74.1457,40.6291],[-74.1455,40.6278],[-74.1456,40.627],[-74.1456,40.6267],[-74.1458,40.6263],[-74.1462,40.6249],[-74.1467,40.6249],[-74.149,40.6242],[-74.1492,40.6234],[-74.1492,40.6232],[-74.1494,40.623],[-74.1495,40.6229],[-74.1497,40.6227],[-74.1503,40.6221],[-74.1509,40.6216],[-74.1578,40.6217],[-74.1624,40.6224],[-74.1627,40.6217],[-74.1649,40.6219],[-74.1651,40.6212],[-74.1653,40.6202],[-74.1633,40.6193],[-74.1657,40.62],[-74.1674,40.6207],[-74.1681,40.6209],[-74.1688,40.6211],[-74.1692,40.6205],[-74.1699,40.6206],[-74.1706,40.6206],[-74.1713,40.6205],[-74.172,40.6204],[-74.1727,40.6202],[-74.1734,40.62],[-74.1738,40.6198],[-74.1742,40.6196],[-74.1746,40.6193],[-74.175,40.619],[-74.1754,40.6187],[-74.1758,40.6182],[-74.1762,40.6178],[-74.1779,40.6151],[-74.1789,40.6136],[-74.1791,40.6131],[-74.1793,40.6127],[-74.1794,40.6122],[-74.1803,40.6122],[-74.1785,40.6153],[-74.1785,40.6153]]],[[[-74.1458,40.6309],[-74.1456,40.6312],[-74.1454,40.6318],[-74.1451,40.632],[-74.1449,40.632],[-74.1446,40.6321],[-74.1443,40.632],[-74.1436,40.6319],[-74.144,40.6306],[-74.1455,40.6309],[-74.1458,40.6309],[-74.1458,40.6309]]]]}},{"type":"Feature","id":"10304","properties":{"modzcta":"10304"},"geometry":{"type":"MultiPolygon","coordinates":[[[[-74.0985,40.5871],[-74.1002,40.5878],[-74.1004,40.5879],[-74.1005,40.5879],[-74.1007,40.588],[-74.1008,40.5881],[-74.101,40.5882],[-74.1012,40.5883],[-74.1013,40.5884],[-74.1021,40.5887],[-74.1009,40.5902],[-74.1044,40.5871],[-74.1101,40.5827],[-74.1139,40.5805],[-74.1142,40.5797],[-74.1154,40.5786],[-74.1155,40.5785],[-74.1157,40.5785],[-74.1159,40.5784],[-74.116,40.5784],[-74.1167,40.5783],[-74.1169,40.5782],[-74.1171,40.5781],[-74.1173,40.578],[-74.1175,40.5778],[-74.1177,40.5777],[-74.1183,40.5783],[-74.1187,40.5798],[-74.1189,40.5806],[-74.119,40.5809],[-74.1191,40.5812],[-74.1204,40.5884],[-74.1154,40.5962],[-74.1149,40.5966],[-74.1147,40.5966],[-74.1146,40.5966],[-74.1143,40.5966],[-74.1141,40.5965],[-74.1126,40.5965],[-74.1113,40.5972],[-74.1114,40.5974],[-74.1113,40.5976],[-74.1113,40.598],[-74.1113,40.5981],[-74.1113,40.5982],[-74.1114,40.5982],[-74.1114,40.5983],[-74.1116,40.5984],[-74.1118,40.5985],[-74.1119,40.5987],[-74.1122,40.599],[-74.1127,40.5997],[-74.1117,40.6003],[-74.1096,40.6016],[-74.1119,40.6017],[-74.1119,40.6033],[-74.1101,40.6038],[-74.1085,40.604],[-74.1078,40.6042],[-74.1075,40.6042],[-74.1072,40.6043],[-74.107,40.6043],[-74.1067,40.6042],[-74.1065,40.6041],[-74.1063,40.604],[-74.1058,40.6037],[-74.1055,40.6036],[-74.1051,40.6035],[-74.1048,40.6034],[-74.1038,40.6031],[-74.1035,40.603],[-74.1032,40.603],[-74.103,40.6031],[-74.1028,40.6032],[-74.1027,40.6034],[-74.1023,40.6042],[-74.102,40.6048],[-74.0989,40.6058],[-74.0975,40.6059],[-74.097,40.607],[-74.0963,40.6075],[-74.0963,40.6077],[-74.0964,40.6078],[-74.0966,40.6079],[-74.0967,40.608],[-74.0967,40.6081],[-74.0967,40.6083],[-74.0966,40.6084],[-74.0965,40.6084],[-74.0963,40.6089],[-74.0959,40.6091],[-74.0954,40.6092],[-74.0949,40.6093],[-74.095,40.6094],[-74.0951,40.6095],[-74.0951,40.6095],[-74.0953,40.6095],[-74.0954,40.6095],[-74.0957,40.6095],[-74.0961,40.6095],[-74.0965,40.6094],[-74.0969,40.6093],[-74.0974,40.6098],[-74.0975,40.6103],[-74.0978,40.6106],[-74.0981,40.611],[-74.0986,40.6115],[-74.0981,40.6128],[-74.0975,40.6141],[-74.0974,40.6142],[-74.0973,40.6144],[-74.0973,40.6146],[-74.0974,40.6148],[-74.0973,40.615],[-74.0972,40.6152],[-74.0962,40.6157],[-74.0963,40.614],[-74.0939,40.613],[-74.0936,40.6132],[-74.0935,40.6133],[-74.0933,40.6135],[-74.0932,40.6136],[-74.0931,40.6138],[-74.0929,40.6141],[-74.0928,40.6144],[-74.0927,40.6147],[-74.0926,40.6149],[-74.0926,40.6152],[-74.0926,40.6154],[-74.0926,40.6158],[-74.0926,40.6159],[-74.0927,40.616],[-74.0928,40.616],[-74.0932,40.6161],[-74.0934,40.6162],[-74.0935,40.6162],[-74.0939,40.6165],[-74.0942,40.6168],[-74.0942,40.617],[-74.0941,40.6173],[-74.0941,40.6176],[-74.0938,40.618],[-74.0937,40.6181],[-74.0935,40.6183],[-74.0932,40.6183],[-74.0929,40.6183],[-74.0926,40.6182],[-74.0923,40.618],[-74.0918,40.6177],[-74.0916,40.6176],[-74.0913,40.6173],[-74.0908,40.6171],[-74.0903,40.617],[-74.0879,40.6169],[-74.0876,40.6185],[-74.0877,40.6196],[-74.0879,40.6196],[-74.0881,40.6197],[-74.0887,40.6196],[-74.0894,40.6203],[-74.0886,40.6215],[-74.0885,40.6234],[-74.0885,40.6242],[-74.0888,40.6268],[-74.0887,40.6283],[-74.0868,40.6303],[-74.0876,40.6316],[-74.0857,40.634],[-74.0847,40.6342],[-74.0827,40.6339],[-74.0818,40.6343],[-74.0804,40.6355],[-74.0804,40.6356],[-74.0803,40.6357],[-74.0803,40.6358],[-74.0801,40.636],[-74.0797,40.6361],[-74.0794,40.6364],[-74.0791,40.6367],[-74.0789,40.6365],[-74.0789,40.6363],[-74.0789,40.6361],[-74.0789,40.636],[-74.0791,40.6355],[-74.0792,40.6355],[-74.0793,40.6354],[-74.0793,40.6353],[-74.0794,40.635],[-74.079,40.6332],[-74.078,40.6339],[-74.0776,40.6333],[-74.0771,40.6323],[-74.0753,40.6331],[-74.0752,40.6336],[-74.0752,40.6342],[-74.0754,40.6351],[-74.0758,40.6359],[-74.0747,40.6362],[-74.0748,40.6368],[-74.075,40.6375],[-74.0751,40.6378],[-74.0749,40.6378],[-74.0747,40.6378],[-74.0733,40.6379],[-74.0726,40.6379],[-74.0735,40.6377],[-74.0735,40.6372],[-74.0734,40.6366],[-74.073,40.6348],[-74.0733,40.6321],[-74.073,40.6303],[-74.0729,40.63],[-74.0725,40.6278],[-74.0725,40.6277],[-74.0725,40.6276],[-74.0724,40.6275],[-74.0727,40.6271],[-74.0728,40.6269],[-74.0739,40.6268],[-74.074,40.6261],[-74.0735,40.6252],[-74.0728,40.6242],[-74.0722,40.6237],[-74.0721,40.6234],[-74.0716,40.6229],[-74.071,40.6204],[-74.0711,40.6206],[-74.0711,40.6202],[-74.0712,40.62],[-74.0713,40.6197],[-74.0714,40.6194],[-74.0716,40.6191],[-74.072,40.6188],[-74.0723,40.6185],[-74.0726,40.6183],[-74.073,40.6181],[-74.0735,40.6178],[-74.074,40.6175],[-74.0744,40.6171],[-74.075,40.6164],[-74.0754,40.6158],[-74.0766,40.6137],[-74.0772,40.6127],[-74.0778,40.6117],[-74.0791,40.6095],[-74.0796,40.6088],[-74.0801,40.6081],[-74.0813,40.6066],[-74.0815,40.6064],[-74.0816,40.6062],[-74.0827,40.6049],[-74.0839,40.6034],[-74.0833,40.6027],[-74.0843,40.6027],[-74.0848,40.6023],[-74.0855,40.6011],[-74.0863,40.5991],[-74.0864,40.5987],[-74.0867,40.5981],[-74.087,40.5973],[-74.0875,40.5964],[-74.087,40.5963],[-74.0877,40.596],[-74.0884,40.595],[-74.0886,40.5948],[-74.089,40.5944],[-74.0897,40.5937],[-74.0913,40.5923],[-74.0922,40.5919],[-74.0935,40.5909],[-74.0952,40.5897],[-74.0965,40.5888],[-74.0962,40.5886],[-74.097,40.5882],[-74.0985,40.5871],[-74.0985,40.5871]],[[-74.091,40.6121],[-74.0927,40.6126],[-74.0936,40.6129],[-74.0937,40.6127],[-74.0939,40.6125],[-74.0942,40.6123],[-74.0945,40.6122],[-74.094,40.6119],[-74.0926,40.6115],[-74.0916,40.6115],[-74.0915,40.6116],[-74.0913,40.6117],[-74.091,40.6121]]]]}},{"type":"Feature","id":"10451","properties":{"modzcta":"10451"},"geometry":{"type":"MultiPolygon","coordinates":[[[[-73.9318,40.8079],[-73.9319,40.8079],[-73.9325,40.8088],[-73.9326,40.8098],[-73.9328,40.8101],[-73.9329,40.8101],[-73.9328,40.8105],[-73.9327,40.8108],[-73.9326,40.8115],[-73.9325,40.8134],[-73.9324,40.8141],[-73.9324,40.8142],[-73.9324,40.8147],[-73.9324,40.8153],[-73.9323,40.8176],[-73.9324,40.8195],[-73.9324,40.8196],[-73.9324,40.8204],[-73.9325,40.8216],[-73.9326,40.8226],[-73.9326,40.8235],[-73.9327,40.8246],[-73.9327,40.825],[-73.9328,40.8252],[-73.9328,40.8255],[-73.933,40.8269],[-73.933,40.8275],[-73.9331,40.8282],[-73.9329,40.8282],[-73.9321,40.8282],[-73.9314,40.8283],[-73.9312,40.8283],[-73.931,40.8283],[-73.9303,40.8285],[-73.9297,40.8287],[-73.9292,40.8289],[-73.9288,40.8292],[-73.9275,40.8284],[-73.9271,40.8282],[-73.9268,40.8281],[-73.9259,40.8278],[-73.924,40.8272],[-73.9229,40.8269],[-73.9226,40.8268],[-73.9223,40.8274],[-73.9221,40.8279],[-73.9217,40.8286],[-73.9212,40.8296],[-73.9208,40.8302],[-73.9203,40.8308],[-73.9189,40.8303],[-73.9196,40.8291],[-73.9193,40.8278],[-73.9175,40.8273],[-73.9153,40.8265],[-73.9136,40.8269],[-73.912,40.8279],[-73.9117,40.8278],[-73.9113,40.8248],[-73.9099,40.8245],[-73.9091,40.8234],[-73.9094,40.8229],[-73.9095,40.8224],[-73.9101,40.8206],[-73.9115,40.8209],[-73.9117,40.8206],[-73.9119,40.8202],[-73.9131,40.8201],[-73.9156,40.8208],[-73.9176,40.8209],[-73.9177,40.8206],[-73.9181,40.8198],[-73.9182,40.8197],[-73.9182,40.8196],[-73.9186,40.8187],[-73.9171,40.8175],[-73.9192,40.8172],[-73.9199,40.8159],[-73.9203,40.8146],[-73.9212,40.8142],[-73.9221,40.8137],[-73.9237,40.8129],[-73.924,40.8127],[-73.9242,40.8126],[-73.9247,40.8124],[-73.9252,40.8121],[-73.9256,40.8119],[-73.9264,40.8115],[-73.9271,40.8109],[-73.9279,40.8106],[-73.9288,40.8099],[-73.9293,40.8095],[-73.9294,40.8094],[-73.9295,40.8093],[-73.9308,40.8084],[-73.9314,40.808],[-73.9318,40.8079],[-73.9318,40.8079]]]]}},{"type":"Feature","id":"10305","properties":{"modzcta":"10305"},"geometry":{"type":"MultiPolygon","coordinates":[[[[-74.0985,40.5871],[-74.097,40.5882],[-74.0962,40.5886],[-74.0965,40.5888],[-74.0952,40.5897],[-74.0935,40.5909],[-74.0922,40.5919],[-74.0913,40.5923],[-74.0897,40.5937],[-74.089,40.5944],[-74.0886,40.5948],[-74.0884,40.595],[-74.0877,40.596],[-74.087,40.5963],[-74.0875,40.5964],[-74.087,40.5973],[-74.0867,40.5981],[-74.0864,40.5987],[-74.0863,40.5991],[-74.0855,40.6011],[-74.0848,40.6023],[-74.0843,40.6027],[-74.0833,40.6027],[-74.0839,40.6034],[-74.0827,40.6049],[-74.0816,40.6062],[-74.0815,40.6064],[-74.0813,40.6066],[-74.0801,40.6081],[-74.0796,40.6088],[-74.0791,40.6095],[-74.0778,40.6117],[-74.0772,40.6127],[-74.0766,40.6137],[-74.0754,40.6158],[-74.075,40.6164],[-74.0744,40.6171],[-74.074,40.6175],[-74.0735,40.6178],[-74.073,40.6181],[-74.0726,40.6183],[-74.0723,40.6185],[-74.072,40.6188],[-74.0716,40.6191],[-74.0714,40.6194],[-74.0713,40.6197],[-74.0712,40.62],[-74.0711,40.6202],[-74.0711,40.6206],[-74.071,40.6204],[-74.0716,40.6229],[-74.0721,40.6234],[-74.0722,40.6237],[-74.0728,40.6242],[-74.0735,40.6252],[-74.074,40.6261],[-74.0739,40.6268],[-74.0728,40.6269],[-74.0726,40.6262],[-74.0712,40.6231],[-74.0711,40.6229],[-74.071,40.6227],[-74.0708,40.6226],[-74.0708,40.6226],[-74.0706,40.6224],[-74.0706,40.6223],[-74.0706,40.6223],[-74.0705,40.6222],[-74.0704,40.6221],[-74.0703,40.622],[-74.0703,40.6219],[-74.0702,40.6218],[-74.0701,40.6216],[-74.0701,40.6216],[-74.07,40.6215],[-74.07,40.6214],[-74.0699,40.6214],[-74.0699,40.6214],[-74.0699,40.6214],[-74.0699,40.6214],[-74.0699,40.6213],[-74.0698,40.6213],[-74.0698,40.6212],[-74.0692,40.6209],[-74.0688,40.6206],[-74.0684,40.6203],[-74.0667,40.6191],[-74.0665,40.6189],[-74.0662,40.6187],[-74.0667,40.6181],[-74.066,40.6182],[-74.0655,40.6181],[-74.0652,40.6175],[-74.0644,40.6171],[-74.0642,40.6169],[-74.0639,40.6169],[-74.0638,40.6168],[-74.0637,40.6168],[-74.0637,40.6167],[-74.0638,40.6166],[-74.0636,40.6164],[-74.0629,40.6157],[-74.0614,40.6144],[-74.061,40.6136],[-74.0607,40.613],[-74.0607,40.6126],[-74.0605,40.6121],[-74.0603,40.6118],[-74.0599,40.6117],[-74.0595,40.6117],[-74.0594,40.6117],[-74.0594,40.6116],[-74.059,40.6112],[-74.0589,40.611],[-74.059,40.6109],[-74.0591,40.6107],[-74.0586,40.61],[-74.0585,40.6099],[-74.0578,40.6093],[-74.0572,40.6087],[-74.057,40.6085],[-74.057,40.6083],[-74.0568,40.6079],[-74.0567,40.6076],[-74.0564,40.6072],[-74.0555,40.6065],[-74.0554,40.6065],[-74.0552,40.6065],[-74.0552,40.6064],[-74.0552,40.6063],[-74.0551,40.6063],[-74.0537,40.6056],[-74.0537,40.6052],[-74.0539,40.6045],[-74.0538,40.6043],[-74.0537,40.604],[-74.0536,40.6037],[-74.0532,40.6021],[-74.0531,40.6019],[-74.0531,40.6017],[-74.053,40.6015],[-74.053,40.6014],[-74.0531,40.6013],[-74.0533,40.601],[-74.0534,40.6007],[-74.0534,40.6006],[-74.0532,40.6003],[-74.0524,40.5999],[-74.0522,40.5998],[-74.0522,40.5998],[-74.0523,40.5997],[-74.0524,40.5997],[-74.0525,40.5997],[-74.0527,40.5999],[-74.0529,40.5999],[-74.053,40.5998],[-74.0543,40.5988],[-74.0543,40.5988],[-74.0568,40.5967],[-74.0597,40.5939],[-74.0598,40.5938],[-74.0606,40.5934],[-74.0622,40.592],[-74.065,40.589],[-74.0645,40.5884],[-74.0647,40.5885],[-74.0659,40.5876],[-74.0693,40.5848],[-74.0698,40.5843],[-74.071,40.5832],[-74.0715,40.5822],[-74.0707,40.5816],[-74.0718,40.5819],[-74.0738,40.5803],[-74.075,40.5792],[-74.0754,40.5788],[-74.0752,40.578],[-74.076,40.5782],[-74.0762,40.5781],[-74.0763,40.5781],[-74.0763,40.578],[-74.0764,40.578],[-74.0764,40.578],[-74.0763,40.5779],[-74.0763,40.5779],[-74.0765,40.578],[-74.0765,40.5779],[-74.0766,40.5779],[-74.0766,40.5778],[-74.0769,40.5776],[-74.0767,40.5774],[-74.0769,40.5775],[-74.0774,40.5773],[-74.0788,40.576],[-74.0793,40.5756],[-74.0805,40.575],[-74.0813,40.5743],[-74.0823,40.5734],[-74.083,40.5728],[-74.0847,40.5715],[-74.0866,40.5696],[-74.0862,40.5686],[-74.0872,40.5691],[-74.0876,40.5688],[-74.0884,40.5683],[-74.0892,40.5672],[-74.0892,40.567],[-74.0906,40.5671],[-74.0917,40.5673],[-74.0928,40.5679],[-74.092,40.5689],[-74.0903,40.5708],[-74.0895,40.5716],[-74.0894,40.5717],[-74.0888,40.5723],[-74.0887,40.5724],[-74.0883,40.5727],[-74.0879,40.573],[-74.0858,40.5741],[-74.0868,40.5747],[-74.0877,40.5751],[-74.0884,40.5754],[-74.0899,40.5762],[-74.0897,40.5775],[-74.0911,40.5783],[-74.0915,40.5781],[-74.0931,40.5797],[-74.092,40.5809],[-74.0962,40.583],[-74.0971,40.5823],[-74.0983,40.5822],[-74.1012,40.5842],[-74.102,40.5846],[-74.1002,40.5859],[-74.0988,40.5869],[-74.0985,40.5871]]]]}},{"type":"Feature","id":"10306","properties":{"modzcta":"10306"},"geometry":{"type":"MultiPolygon","coordinates":[[[[-74.1649,40.5601],[-74.1656,40.5606],[-74.1648,40.5623],[-74.1644,40.5653],[-74.1648,40.5656],[-74.1649,40.5658],[-74.165,40.5662],[-74.1651,40.5665],[-74.1652,40.5665],[-74.1653,40.5666],[-74.1654,40.5667],[-74.1655,40.5667],[-74.1655,40.5667],[-74.1656,40.5668],[-74.1657,40.5668],[-74.1659,40.5668],[-74.166,40.5668],[-74.166,40.5668],[-74.1661,40.5668],[-74.1661,40.5667],[-74.1662,40.5668],[-74.1662,40.5668],[-74.1664,40.5668],[-74.1664,40.5667],[-74.1665,40.5666],[-74.1666,40.5666],[-74.1666,40.5665],[-74.1665,40.5664],[-74.1666,40.5664],[-74.1666,40.5664],[-74.1666,40.5664],[-74.1666,40.5664],[-74.1667,40.5665],[-74.1668,40.5665],[-74.1668,40.5665],[-74.1669,40.5665],[-74.1669,40.5665],[-74.167,40.5665],[-74.1671,40.5665],[-74.1672,40.5665],[-74.1673,40.5665],[-74.1674,40.5665],[-74.1675,40.5664],[-74.1675,40.5664],[-74.1676,40.5663],[-74.1677,40.5663],[-74.1678,40.5663],[-74.1678,40.5663],[-74.1679,40.5663],[-74.168,40.5663],[-74.168,40.5663],[-74.1681,40.5662],[-74.1682,40.5662],[-74.1683,40.5662],[-74.1684,40.5661],[-74.1684,40.5661],[-74.1685,40.5661],[-74.1685,40.5661],[-74.1685,40.5661],[-74.1686,40.5661],[-74.1687,40.5661],[-74.1687,40.5661],[-74.1688,40.5661],[-74.1689,40.5661],[-74.1689,40.566],[-74.169,40.566],[-74.169,40.5661],[-74.1691,40.5661],[-74.1691,40.566],[-74.1692,40.566],[-74.1692,40.5661],[-74.1694,40.5661],[-74.1694,40.5661],[-74.1695,40.5661],[-74.1695,40.5661],[-74.1696,40.5661],[-74.1697,40.5665],[-74.1696,40.5676],[-74.1696,40.5689],[-74.1697,40.5702],[-74.1698,40.5708],[-74.1678,40.572],[-74.1642,40.574],[-74.1622,40.5751],[-74.1603,40.5761],[-74.1585,40.5772],[-74.1561,40.5785],[-74.1532,40.5802],[-74.1527,40.5805],[-74.1512,40.5821],[-74.1488,40.584],[-74.1482,40.5845],[-74.1476,40.585],[-74.1469,40.5855],[-74.1463,40.5861],[-74.146,40.5873],[-74.1458,40.5886],[-74.1427,40.5887],[-74.1386,40.5891],[-74.1338,40.5862],[-74.1337,40.5861],[-74.1336,40.5859],[-74.1335,40.5858],[-74.1335,40.5857],[-74.1335,40.5855],[-74.1337,40.5851],[-74.1337,40.585],[-74.1337,40.5848],[-74.1337,40.5847],[-74.1337,40.5845],[-74.1336,40.5844],[-74.1335,40.5842],[-74.1334,40.5841],[-74.1332,40.584],[-74.1329,40.5838],[-74.1327,40.5837],[-74.1325,40.5837],[-74.1322,40.5836],[-74.132,40.5836],[-74.1317,40.5835],[-74.1314,40.5834],[-74.1311,40.5833],[-74.1308,40.5831],[-74.1306,40.583],[-74.1304,40.5828],[-74.1293,40.5838],[-74.1292,40.584],[-74.1289,40.585],[-74.1291,40.5862],[-74.1291,40.5863],[-74.129,40.5864],[-74.1278,40.5874],[-74.1277,40.5876],[-74.1277,40.5877],[-74.1279,40.5891],[-74.1279,40.5893],[-74.1278,40.5895],[-74.1274,40.5898],[-74.1267,40.5904],[-74.1264,40.5907],[-74.1263,40.591],[-74.1262,40.5913],[-74.1264,40.5931],[-74.1234,40.5981],[-74.1229,40.599],[-74.1223,40.5997],[-74.1206,40.6008],[-74.1206,40.601],[-74.1206,40.6018],[-74.1195,40.6011],[-74.1195,40.5997],[-74.1194,40.5984],[-74.1178,40.599],[-74.1167,40.5997],[-74.1168,40.6012],[-74.115,40.6021],[-74.1134,40.6006],[-74.113,40.6001],[-74.1124,40.5993],[-74.112,40.5987],[-74.1118,40.5986],[-74.1117,40.5985],[-74.1115,40.5983],[-74.1114,40.5983],[-74.1113,40.5982],[-74.1113,40.5981],[-74.1113,40.598],[-74.1113,40.5979],[-74.1113,40.5975],[-74.1114,40.5973],[-74.1113,40.5971],[-74.1133,40.5961],[-74.1142,40.5966],[-74.1145,40.5966],[-74.1147,40.5966],[-74.1148,40.5966],[-74.115,40.5965],[-74.1207,40.5885],[-74.1233,40.5851],[-74.1191,40.581],[-74.1189,40.5808],[-74.1189,40.5805],[-74.1185,40.579],[-74.1183,40.5781],[-74.1176,40.5777],[-74.1174,40.5779],[-74.1172,40.5781],[-74.117,40.5782],[-74.1168,40.5783],[-74.1167,40.5783],[-74.1159,40.5784],[-74.1158,40.5784],[-74.1156,40.5785],[-74.1155,40.5786],[-74.1148,40.5792],[-74.114,40.58],[-74.112,40.5819],[-74.1078,40.5843],[-74.1009,40.5904],[-74.1015,40.5893],[-74.1016,40.5885],[-74.1013,40.5883],[-74.1011,40.5882],[-74.1009,40.5881],[-74.1008,40.5881],[-74.1006,40.588],[-74.1005,40.5879],[-74.1003,40.5878],[-74.0992,40.5873],[-74.0988,40.5869],[-74.1002,40.5859],[-74.102,40.5846],[-74.1012,40.5842],[-74.0983,40.5822],[-74.0971,40.5823],[-74.0962,40.583],[-74.092,40.5809],[-74.0931,40.5797],[-74.0915,40.5781],[-74.0911,40.5783],[-74.0897,40.5775],[-74.0899,40.5762],[-74.0884,40.5754],[-74.0877,40.5751],[-74.0868,40.5747],[-74.0858,40.5741],[-74.0879,40.573],[-74.0883,40.5727],[-74.0887,40.5724],[-74.0888,40.5723],[-74.0894,40.5717],[-74.0895,40.5716],[-74.0903,40.5708],[-74.092,40.5689],[-74.0928,40.5679],[-74.0917,40.5673],[-74.0912,40.5665],[-74.094,40.5628],[-74.0951,40.5632],[-74.0954,40.5632],[-74.0957,40.5628],[-74.0957,40.5627],[-74.0958,40.5627],[-74.0961,40.5626],[-74.0966,40.5621],[-74.097,40.5615],[-74.0971,40.5613],[-74.0972,40.5611],[-74.0974,40.5609],[-74.0979,40.5602],[-74.098,40.56],[-74.098,40.5599],[-74.0982,40.5598],[-74.0983,40.5593],[-74.0981,40.5592],[-74.0978,40.5591],[-74.0978,40.5591],[-74.0979,40.559],[-74.0987,40.5594],[-74.0988,40.5594],[-74.0989,40.5593],[-74.0993,40.5591],[-74.0994,40.559],[-74.0999,40.5591],[-74.1008,40.5583],[-74.1016,40.5568],[-74.1018,40.5559],[-74.1013,40.5556],[-74.1014,40.5555],[-74.1026,40.5561],[-74.1039,40.5551],[-74.1051,40.5532],[-74.1048,40.553],[-74.1051,40.5531],[-74.1064,40.5539],[-74.1064,40.554],[-74.1064,40.5541],[-74.1066,40.5542],[-74.1071,40.5542],[-74.1077,40.554],[-74.1091,40.5527],[-74.1095,40.5524],[-74.1103,40.5515],[-74.1112,40.5502],[-74.1128,40.5479],[-74.113,40.5478],[-74.114,40.5487],[-74.1146,40.5493],[-74.1166,40.5491],[-74.1188,40.5512],[-74.1185,40.5514],[-74.1195,40.5522],[-74.1227,40.5544],[-74.124,40.5552],[-74.1273,40.5573],[-74.1281,40.5565],[-74.1298,40.555],[-74.1311,40.554],[-74.1332,40.5524],[-74.1346,40.5513],[-74.1359,40.5524],[-74.1378,40.5539],[-74.1398,40.5545],[-74.1404,40.5544],[-74.1403,40.5548],[-74.1404,40.5548],[-74.1405,40.5548],[-74.1408,40.5546],[-74.142,40.5538],[-74.1444,40.5541],[-74.1455,40.5539],[-74.1415,40.557],[-74.1406,40.5577],[-74.1417,40.5596],[-74.1432,40.5605],[-74.145,40.562],[-74.1483,40.5649],[-74.1517,40.5679],[-74.153,40.5668],[-74.1542,40.5658],[-74.1545,40.5656],[-74.1548,40.5654],[-74.155,40.5651],[-74.1558,40.5638],[-74.1569,40.5628],[-74.1571,40.5626],[-74.1573,40.5626],[-74.1583,40.5622],[-74.1601,40.5617],[-74.1615,40.5613],[-74.1627,40.5608],[-74.1649,40.5601],[-74.1649,40.5601]]]]}},{"type":"Feature","id":"10307","properties":{"modzcta":"10307"},"geometry":{"type":"MultiPolygon","coordinates":[[[[-74.2218,40.5025],[-74.2232,40.5087],[-74.2181,40.5097],[-74.212,40.5109],[-74.2115,40.5111],[-74.2109,40.5114],[-74.2104,40.5117],[-74.21,40.5106],[-74.2103,40.5103],[-74.2105,40.51],[-74.2107,40.5097],[-74.2109,40.5094],[-74.2111,40.5091],[-74.2111,40.509],[-74.2112,40.509],[-74.2112,40.509],[-74.2113,40.5089],[-74.2113,40.5089],[-74.2113,40.5089],[-74.2114,40.5088],[-74.2115,40.5087],[-74.2117,40.5084],[-74.2118,40.5083],[-74.2118,40.5083],[-74.2118,40.5083],[-74.2118,40.5082],[-74.2118,40.5082],[-74.2118,40.5082],[-74.2118,40.5082],[-74.2119,40.5082],[-74.2119,40.5082],[-74.2119,40.5082],[-74.212,40.5081],[-74.2121,40.508],[-74.2122,40.5078],[-74.2123,40.5077],[-74.2123,40.5077],[-74.2123,40.5077],[-74.2123,40.5077],[-74.2123,40.5077],[-74.2123,40.5077],[-74.2123,40.5076],[-74.2123,40.5076],[-74.2124,40.5076],[-74.2124,40.5076],[-74.2124,40.5076],[-74.2124,40.5076],[-74.2125,40.5075],[-74.2126,40.5074],[-74.2127,40.5073],[-74.213,40.5071],[-74.213,40.507],[-74.2131,40.507],[-74.2133,40.5068],[-74.2135,40.5067],[-74.2135,40.5066],[-74.2135,40.5066],[-74.2135,40.5066],[-74.2135,40.5065],[-74.2135,40.5064],[-74.2136,40.5064],[-74.2136,40.5064],[-74.2136,40.5065],[-74.2138,40.5066],[-74.2139,40.5066],[-74.2139,40.5066],[-74.2143,40.5065],[-74.2147,40.5063],[-74.215,40.5062],[-74.2152,40.506],[-74.2155,40.5057],[-74.2158,40.5055],[-74.216,40.5052],[-74.2162,40.505],[-74.2164,40.5047],[-74.2174,40.5036],[-74.2175,40.5034],[-74.2175,40.5034],[-74.2176,40.5033],[-74.2176,40.5033],[-74.2177,40.5033],[-74.2177,40.5033],[-74.2177,40.5034],[-74.2178,40.5034],[-74.2179,40.5034],[-74.218,40.5033],[-74.2181,40.5033],[-74.2182,40.5032],[-74.2183,40.5032],[-74.2184,40.5032],[-74.2188,40.5031],[-74.2192,40.5029],[-74.2196,40.5028],[-74.2198,40.5027],[-74.2199,40.5027],[-74.2201,40.5027],[-74.2203,40.5027],[-74.2205,40.5028],[-74.2207,40.5027],[-74.2209,40.5027],[-74.2211,40.5027],[-74.2213,40.5027],[-74.2214,40.5026],[-74.2215,40.5026],[-74.2217,40.5025],[-74.2218,40.5025],[-74.2218,40.5025]]],[[[-74.2399,40.52],[-74.2393,40.5199],[-74.238,40.5198],[-74.2348,40.5195],[-74.2343,40.5175],[-74.2328,40.5163],[-74.2325,40.5155],[-74.2322,40.5145],[-74.2315,40.5118],[-74.2312,40.5109],[-74.2309,40.5102],[-74.2306,40.5092],[-74.2301,40.5078],[-74.2296,40.5064],[-74.2292,40.5053],[-74.2284,40.5028],[-74.2282,40.5023],[-74.2282,40.5022],[-74.2283,40.5022],[-74.2283,40.5022],[-74.2283,40.5022],[-74.2284,40.5023],[-74.2284,40.5023],[-74.2284,40.5023],[-74.2285,40.5022],[-74.2286,40.5022],[-74.2288,40.5022],[-74.2289,40.5022],[-74.229,40.5022],[-74.2291,40.5022],[-74.2291,40.5022],[-74.2291,40.5022],[-74.2292,40.5022],[-74.2292,40.5021],[-74.2293,40.5021],[-74.2293,40.5021],[-74.2294,40.5021],[-74.2294,40.5021],[-74.2295,40.5021],[-74.2296,40.5021],[-74.2296,40.5021],[-74.2297,40.5021],[-74.2297,40.5021],[-74.2297,40.5021],[-74.2298,40.502],[-74.2299,40.502],[-74.23,40.502],[-74.2302,40.5019],[-74.2302,40.5019],[-74.2302,40.5019],[-74.2303,40.5019],[-74.2303,40.5019],[-74.2303,40.5019],[-74.2303,40.5019],[-74.2303,40.5019],[-74.2303,40.5018],[-74.2303,40.5018],[-74.2303,40.5018],[-74.2304,40.5018],[-74.2304,40.5019],[-74.2304,40.5019],[-74.2304,40.5019],[-74.2304,40.5019],[-74.2304,40.5019],[-74.2304,40.5019],[-74.2305,40.5019],[-74.2305,40.5019],[-74.2305,40.5019],[-74.2306,40.5019],[-74.2306,40.5019],[-74.2307,40.5019],[-74.2307,40.5019],[-74.2308,40.5019],[-74.2308,40.5019],[-74.2309,40.5019],[-74.2311,40.5019],[-74.2312,40.5018],[-74.2312,40.5018],[-74.2315,40.5017],[-74.2321,40.5015],[-74.2327,40.5013],[-74.233,40.5011],[-74.2332,40.5011],[-74.2344,40.5008],[-74.235,40.5007],[-74.2352,40.5006],[-74.2354,40.5006],[-74.2355,40.5005],[-74.2357,40.5004],[-74.2358,40.5004],[-74.236,40.5003],[-74.2363,40.5002],[-74.2364,40.5001],[-74.2365,40.5001],[-74.2367,40.5],[-74.2369,40.5],[-74.237,40.4999],[-74.2372,40.4997],[-74.2374,40.4995],[-74.2376,40.4993],[-74.2377,40.4991],[-74.2378,40.4992],[-74.2379,40.4992],[-74.238,40.4992],[-74.2381,40.4991],[-74.2385,40.4989],[-74.2394,40.4979],[-74.2397,40.4977],[-74.2398,40.4976],[-74.2399,40.4976],[-74.2399,40.4976],[-74.24,40.4976],[-74.2401,40.4976],[-74.2402,40.4976],[-74.2403,40.4976],[-74.2405,40.4976],[-74.2406,40.4976],[-74.2408,40.4976],[-74.2409,40.4976],[-74.241,40.4976],[-74.2411,40.4976],[-74.2414,40.4976],[-74.2416,40.4976],[-74.2419,40.4976],[-74.2421,40.4975],[-74.2422,40.4975],[-74.2423,40.4976],[-74.2425,40.4976],[-74.2427,40.4976],[-74.2429,40.4976],[-74.2431,40.4976],[-74.2434,40.4976],[-74.2437,40.4976],[-74.244,40.4976],[-74.2442,40.4976],[-74.2444,40.4975],[-74.2447,40.4974],[-74.2449,40.4973],[-74.2453,40.4971],[-74.2457,40.4969],[-74.2459,40.4968],[-74.2462,40.4966],[-74.2464,40.4963],[-74.2468,40.4961],[-74.2471,40.4961],[-74.2475,40.4961],[-74.2478,40.4962],[-74.2482,40.4962],[-74.2485,40.4963],[-74.2489,40.4964],[-74.2492,40.4966],[-74.2497,40.497],[-74.2501,40.4974],[-74.2505,40.4977],[-74.2509,40.498],[-74.2509,40.4981],[-74.251,40.4982],[-74.251,40.4984],[-74.251,40.4985],[-74.251,40.4986],[-74.2511,40.4988],[-74.2512,40.499],[-74.2513,40.4991],[-74.2515,40.4992],[-74.2517,40.4993],[-74.252,40.4994],[-74.2521,40.4994],[-74.2524,40.4996],[-74.2527,40.4997],[-74.2529,40.4999],[-74.2531,40.5],[-74.2532,40.5002],[-74.2534,40.5004],[-74.2534,40.5006],[-74.2537,40.5013],[-74.2538,40.5015],[-74.2539,40.5017],[-74.2541,40.5019],[-74.2542,40.5021],[-74.2547,40.503],[-74.2553,40.5041],[-74.2553,40.5043],[-74.2554,40.5046],[-74.2553,40.506],[-74.2553,40.5067],[-74.2554,40.507],[-74.2555,40.5073],[-74.2556,40.5075],[-74.2556,40.5076],[-74.2556,40.5078],[-74.2555,40.5079],[-74.2552,40.5082],[-74.2549,40.5084],[-74.2546,40.5087],[-74.2543,40.5088],[-74.2541,40.509],[-74.254,40.5089],[-74.254,40.509],[-74.254,40.509],[-74.2541,40.5092],[-74.254,40.5093],[-74.2537,40.5094],[-74.2536,40.5095],[-74.2535,40.5096],[-74.2533,40.5099],[-74.2532,40.5102],[-74.2531,40.5107],[-74.2531,40.5111],[-74.253,40.5112],[-74.2531,40.5114],[-74.2531,40.5114],[-74.253,40.5115],[-74.253,40.5119],[-74.253,40.5119],[-74.253,40.512],[-74.2531,40.512],[-74.2531,40.512],[-74.2531,40.5121],[-74.2531,40.5121],[-74.2524,40.5126],[-74.252,40.513],[-74.252,40.5133],[-74.2521,40.5136],[-74.2518,40.514],[-74.2518,40.514],[-74.2517,40.5141],[-74.2516,40.5141],[-74.2515,40.5142],[-74.2514,40.5143],[-74.2514,40.5144],[-74.2514,40.5144],[-74.2514,40.5144],[-74.2513,40.5144],[-74.2513,40.5144],[-74.2513,40.5144],[-74.2511,40.5145],[-74.251,40.5145],[-74.2508,40.5146],[-74.2506,40.5147],[-74.2505,40.5148],[-74.2504,40.5149],[-74.2504,40.5149],[-74.2503,40.5149],[-74.2503,40.5149],[-74.2503,40.5149],[-74.2502,40.515],[-74.2501,40.5151],[-74.2502,40.5153],[-74.2498,40.5155],[-74.2493,40.5151],[-74.2492,40.5151],[-74.2496,40.5155],[-74.2495,40.5156],[-74.2491,40.5159],[-74.2487,40.5161],[-74.2485,40.5162],[-74.2486,40.5163],[-74.2475,40.5157],[-74.2469,40.516],[-74.2464,40.516],[-74.2461,40.5161],[-74.2461,40.5161],[-74.2462,40.5162],[-74.2462,40.5162],[-74.2463,40.5162],[-74.2465,40.5164],[-74.2468,40.5165],[-74.2465,40.5167],[-74.2464,40.5167],[-74.2464,40.5167],[-74.246,40.5169],[-74.2452,40.5173],[-74.2456,40.5179],[-74.2457,40.5181],[-74.2456,40.5181],[-74.2455,40.5181],[-74.2454,40.518],[-74.2452,40.518],[-74.2451,40.5181],[-74.2449,40.5182],[-74.2447,40.5183],[-74.2445,40.5184],[-74.2443,40.5185],[-74.2442,40.5185],[-74.2438,40.5183],[-74.243,40.5183],[-74.2426,40.5182],[-74.2421,40.5185],[-74.2413,40.5192],[-74.241,40.5195],[-74.2408,40.5193],[-74.2405,40.5192],[-74.2402,40.5195],[-74.2401,40.5199],[-74.2399,40.52],[-74.2399,40.52]]]]}},{"type":"Feature","id":"10308","properties":{"modzcta":"10308"},"geometry":{"type":"MultiPolygon","coordinates":[[[[-74.1649,40.5601],[-74.1627,40.5608],[-74.1615,40.5613],[-74.1601,40.5617],[-74.1583,40.5622],[-74.1573,40.5626],[-74.1571,40.5626],[-74.1569,40.5628],[-74.1558,40.5638],[-74.155,40.5651],[-74.1548,40.5654],[-74.1545,40.5656],[-74.1542,40.5658],[-74.153,40.5668],[-74.1517,40.5679],[-74.1483,40.5649],[-74.145,40.562],[-74.1432,40.5605],[-74.1417,40.5596],[-74.1406,40.5577],[-74.1415,40.557],[-74.1455,40.5539],[-74.1444,40.5541],[-74.142,40.5538],[-74.1408,40.5546],[-74.1405,40.5548],[-74.1404,40.5548],[-74.1403,40.5548],[-74.1404,40.5544],[-74.1398,40.5545],[-74.1378,40.5539],[-74.1359,40.5524],[-74.1346,40.5513],[-74.1353,40.5509],[-74.1374,40.5496],[-74.1384,40.5487],[-74.1386,40.5484],[-74.1375,40.5473],[-74.1359,40.5464],[-74.1365,40.5461],[-74.1365,40.5459],[-74.1368,40.546],[-74.1371,40.546],[-74.137,40.5459],[-74.1371,40.5459],[-74.1372,40.5458],[-74.1375,40.5456],[-74.1375,40.5456],[-74.1379,40.5459],[-74.1381,40.5459],[-74.1383,40.5457],[-74.1385,40.5456],[-74.1386,40.5455],[-74.1387,40.5454],[-74.1388,40.5453],[-74.1389,40.5451],[-74.1387,40.5449],[-74.139,40.5447],[-74.1395,40.5443],[-74.1398,40.5441],[-74.14,40.5439],[-74.1403,40.5441],[-74.1404,40.544],[-74.1405,40.5439],[-74.1404,40.5438],[-74.1404,40.5438],[-74.1404,40.5436],[-74.1409,40.543],[-74.1411,40.5431],[-74.1413,40.5431],[-74.1413,40.5431],[-74.1411,40.5428],[-74.1412,40.5427],[-74.1413,40.5428],[-74.1412,40.5427],[-74.1413,40.5426],[-74.1415,40.5425],[-74.1415,40.5424],[-74.1417,40.5423],[-74.1417,40.5423],[-74.1418,40.5424],[-74.1419,40.5424],[-74.142,40.5423],[-74.1421,40.5423],[-74.1421,40.5422],[-74.1422,40.5422],[-74.1422,40.5423],[-74.1422,40.5423],[-74.1423,40.5423],[-74.1423,40.5423],[-74.1423,40.5423],[-74.1423,40.5423],[-74.1423,40.5423],[-74.1423,40.5422],[-74.1423,40.5422],[-74.1423,40.5422],[-74.1423,40.5422],[-74.1423,40.5422],[-74.1423,40.5422],[-74.1423,40.5422],[-74.1422,40.5421],[-74.1422,40.5421],[-74.1422,40.542],[-74.1422,40.542],[-74.1422,40.542],[-74.1422,40.542],[-74.1422,40.542],[-74.1422,40.542],[-74.1422,40.542],[-74.1422,40.5419],[-74.1422,40.5419],[-74.1423,40.5419],[-74.1423,40.5418],[-74.1423,40.5418],[-74.1423,40.5417],[-74.1423,40.5417],[-74.1423,40.5417],[-74.1423,40.5417],[-74.1424,40.5417],[-74.1424,40.5417],[-74.1423,40.5416],[-74.1423,40.5416],[-74.1423,40.5416],[-74.1423,40.5415],[-74.1423,40.5415],[-74.1424,40.5415],[-74.1424,40.5415],[-74.1424,40.5414],[-74.1424,40.5414],[-74.1424,40.5414],[-74.1424,40.5414],[-74.1425,40.5414],[-74.1425,40.5414],[-74.1425,40.5414],[-74.1425,40.5413],[-74.1425,40.5413],[-74.1425,40.5413],[-74.1425,40.5413],[-74.1425,40.5413],[-74.1424,40.5413],[-74.1424,40.5413],[-74.1424,40.5412],[-74.1424,40.5412],[-74.1424,40.5412],[-74.1424,40.5412],[-74.1424,40.5412],[-74.1424,40.5412],[-74.1423,40.5411],[-74.1423,40.5411],[-74.1423,40.5411],[-74.1423,40.5411],[-74.1423,40.541],[-74.1422,40.541],[-74.1422,40.541],[-74.1422,40.541],[-74.1422,40.5409],[-74.1422,40.5409],[-74.1422,40.5409],[-74.1422,40.5409],[-74.1422,40.5408],[-74.1423,40.5408],[-74.1423,40.5408],[-74.1423,40.5408],[-74.1422,40.5408],[-74.1422,40.5408],[-74.1422,40.5407],[-74.1422,40.5407],[-74.1422,40.5407],[-74.1421,40.5407],[-74.1421,40.5407],[-74.1421,40.5407],[-74.142,40.5407],[-74.142,40.5406],[-74.142,40.5406],[-74.142,40.5406],[-74.142,40.5406],[-74.142,40.5406],[-74.142,40.5406],[-74.142,40.5406],[-74.1421,40.5406],[-74.1421,40.5405],[-74.1421,40.5405],[-74.1421,40.5405],[-74.1421,40.5405],[-74.1421,40.5405],[-74.142,40.5405],[-74.142,40.5404],[-74.142,40.5404],[-74.142,40.5404],[-74.142,40.5404],[-74.1419,40.5404],[-74.1419,40.5404],[-74.1419,40.5404],[-74.1419,40.5403],[-74.1419,40.5403],[-74.1419,40.5403],[-74.1419,40.5403],[-74.1419,40.5403],[-74.1419,40.5402],[-74.1419,40.5402],[-74.1419,40.5402],[-74.1419,40.5402],[-74.1419,40.5402],[-74.1418,40.5401],[-74.1418,40.5401],[-74.1418,40.5401],[-74.1418,40.5401],[-74.1418,40.5401],[-74.1418,40.5401],[-74.1418,40.5401],[-74.1418,40.5401],[-74.1418,40.5401],[-74.1418,40.5401],[-74.1418,40.54],[-74.1418,40.54],[-74.1418,40.54],[-74.1418,40.54],[-74.1418,40.54],[-74.1419,40.54],[-74.1419,40.54],[-74.1419,40.54],[-74.1419,40.54],[-74.1419,40.54],[-74.1419,40.54],[-74.1419,40.5399],[-74.1419,40.5399],[-74.1419,40.5399],[-74.1419,40.5399],[-74.1418,40.5398],[-74.1418,40.5398],[-74.1418,40.5398],[-74.1418,40.5398],[-74.1418,40.5398],[-74.1418,40.5397],[-74.1418,40.5397],[-74.1419,40.5397],[-74.1419,40.5397],[-74.1419,40.5397],[-74.142,40.5397],[-74.142,40.5396],[-74.1419,40.5395],[-74.1418,40.5394],[-74.1417,40.5394],[-74.1417,40.5393],[-74.1419,40.5392],[-74.1421,40.5392],[-74.1422,40.5391],[-74.1423,40.5391],[-74.1423,40.539],[-74.1422,40.5388],[-74.1423,40.5381],[-74.1422,40.5381],[-74.1421,40.538],[-74.1422,40.5379],[-74.1416,40.5371],[-74.1431,40.5372],[-74.1439,40.5371],[-74.1441,40.5369],[-74.1442,40.5368],[-74.1443,40.5366],[-74.1443,40.5365],[-74.1444,40.5364],[-74.1447,40.5358],[-74.1449,40.5358],[-74.1454,40.5359],[-74.1466,40.5362],[-74.1472,40.5358],[-74.1505,40.5372],[-74.1507,40.5371],[-74.1518,40.5377],[-74.1541,40.5401],[-74.1565,40.5425],[-74.1592,40.5452],[-74.1593,40.546],[-74.159,40.5468],[-74.1603,40.5468],[-74.1617,40.547],[-74.1608,40.5474],[-74.1621,40.5491],[-74.1627,40.5518],[-74.1639,40.5555],[-74.1643,40.5576],[-74.1647,40.559],[-74.1649,40.5601]]]]}},{"type":"Feature","id":"10309","properties":{"modzcta":"10309"},"geometry":{"type":"MultiPolygon","coordinates":[[[[-74.1977,40.5107],[-74.1979,40.5108],[-74.1981,40.5109],[-74.1983,40.511],[-74.1985,40.5111],[-74.1987,40.5112],[-74.199,40.5113],[-74.1992,40.5114],[-74.1995,40.5114],[-74.1995,40.5114],[-74.1996,40.5114],[-74.1996,40.5114],[-74.1997,40.5114],[-74.1998,40.5115],[-74.1999,40.5116],[-74.1999,40.5117],[-74.2,40.5119],[-74.2,40.512],[-74.1999,40.5121],[-74.2,40.5122],[-74.2,40.5122],[-74.2,40.5123],[-74.2001,40.5124],[-74.2001,40.5126],[-74.2,40.5127],[-74.1999,40.5127],[-74.199,40.5128],[-74.1992,40.5131],[-74.1993,40.513],[-74.1994,40.513],[-74.1996,40.513],[-74.1997,40.513],[-74.1998,40.5129],[-74.2,40.5129],[-74.2001,40.5129],[-74.2003,40.513],[-74.2005,40.513],[-74.2006,40.513],[-74.2008,40.513],[-74.2027,40.5127],[-74.2039,40.5125],[-74.2045,40.5124],[-74.2047,40.5123],[-74.2047,40.5123],[-74.2049,40.5123],[-74.2052,40.5123],[-74.2053,40.5123],[-74.2076,40.5119],[-74.208,40.5117],[-74.2084,40.5116],[-74.2088,40.5114],[-74.2092,40.5112],[-74.2095,40.5109],[-74.2097,40.5108],[-74.21,40.5106],[-74.2104,40.5117],[-74.2109,40.5114],[-74.2115,40.5111],[-74.212,40.5109],[-74.2181,40.5097],[-74.2232,40.5087],[-74.2218,40.5025],[-74.222,40.5026],[-74.2221,40.5026],[-74.2222,40.5026],[-74.2223,40.5026],[-74.2224,40.5025],[-74.2225,40.5025],[-74.2225,40.5025],[-74.2226,40.5025],[-74.2227,40.5025],[-74.2228,40.5025],[-74.2229,40.5025],[-74.223,40.5025],[-74.2232,40.5024],[-74.2233,40.5024],[-74.2233,40.5023],[-74.2234,40.5023],[-74.2234,40.5023],[-74.2236,40.5023],[-74.2238,40.5023],[-74.2239,40.5022],[-74.2241,40.5022],[-74.2243,40.502],[-74.2248,40.5019],[-74.2249,40.5018],[-74.225,40.5018],[-74.2251,40.5018],[-74.2253,40.5018],[-74.2257,40.5019],[-74.2261,40.502],[-74.2264,40.5021],[-74.2266,40.5022],[-74.2269,40.5023],[-74.2272,40.5023],[-74.2274,40.5023],[-74.2277,40.5023],[-74.228,40.5022],[-74.2282,40.5023],[-74.2284,40.5028],[-74.2292,40.5053],[-74.2296,40.5064],[-74.2301,40.5078],[-74.2306,40.5092],[-74.2309,40.5102],[-74.2312,40.5109],[-74.2315,40.5118],[-74.2322,40.5145],[-74.2325,40.5155],[-74.2328,40.5163],[-74.2343,40.5175],[-74.2348,40.5195],[-74.238,40.5198],[-74.2393,40.5199],[-74.2399,40.52],[-74.2399,40.5201],[-74.24,40.5203],[-74.2406,40.5204],[-74.2408,40.5207],[-74.2409,40.5208],[-74.2412,40.5211],[-74.2412,40.5209],[-74.2414,40.5209],[-74.2419,40.521],[-74.2429,40.5214],[-74.2428,40.5217],[-74.2426,40.5222],[-74.2426,40.5224],[-74.2427,40.5227],[-74.2428,40.5227],[-74.2427,40.5228],[-74.2426,40.5229],[-74.2426,40.5231],[-74.2427,40.5231],[-74.2427,40.5232],[-74.2427,40.5233],[-74.2427,40.5235],[-74.2427,40.5236],[-74.2428,40.5236],[-74.2428,40.5237],[-74.2428,40.5237],[-74.2428,40.5238],[-74.2428,40.5238],[-74.2428,40.5239],[-74.2428,40.5239],[-74.2428,40.524],[-74.2428,40.524],[-74.2429,40.5241],[-74.243,40.5243],[-74.243,40.5244],[-74.2431,40.5245],[-74.2433,40.5247],[-74.2433,40.5248],[-74.2434,40.5248],[-74.2435,40.5249],[-74.244,40.5249],[-74.244,40.525],[-74.2431,40.5267],[-74.2431,40.5269],[-74.2431,40.527],[-74.243,40.5271],[-74.2429,40.5272],[-74.2429,40.5276],[-74.2429,40.5276],[-74.2429,40.5277],[-74.2429,40.5278],[-74.2429,40.5279],[-74.2429,40.528],[-74.2429,40.528],[-74.2429,40.5282],[-74.2428,40.5283],[-74.2427,40.5284],[-74.2426,40.5284],[-74.2426,40.5284],[-74.2426,40.5284],[-74.2425,40.5285],[-74.2425,40.5285],[-74.2425,40.5286],[-74.2425,40.5287],[-74.2424,40.5287],[-74.2424,40.5288],[-74.2424,40.5289],[-74.2425,40.5289],[-74.2425,40.529],[-74.2424,40.529],[-74.2424,40.529],[-74.2424,40.5291],[-74.2423,40.5292],[-74.2423,40.5293],[-74.2422,40.5294],[-74.2422,40.5295],[-74.2422,40.5297],[-74.2422,40.5297],[-74.2422,40.5297],[-74.2422,40.5298],[-74.2422,40.5298],[-74.2422,40.5298],[-74.242,40.5301],[-74.2419,40.5302],[-74.2419,40.5303],[-74.2418,40.5304],[-74.2418,40.5304],[-74.2418,40.5305],[-74.2417,40.5305],[-74.2417,40.5306],[-74.2417,40.5306],[-74.2416,40.5307],[-74.2416,40.5307],[-74.2416,40.5308],[-74.2415,40.5309],[-74.2415,40.531],[-74.2415,40.5311],[-74.2415,40.5311],[-74.2415,40.5312],[-74.2415,40.5313],[-74.2417,40.5316],[-74.2418,40.5326],[-74.2423,40.5334],[-74.2422,40.5334],[-74.2422,40.5334],[-74.2422,40.5335],[-74.2421,40.5335],[-74.2421,40.5335],[-74.242,40.5335],[-74.242,40.5336],[-74.242,40.5336],[-74.242,40.5336],[-74.242,40.5337],[-74.242,40.5337],[-74.242,40.5338],[-74.242,40.5338],[-74.242,40.5338],[-74.242,40.5339],[-74.242,40.5339],[-74.242,40.534],[-74.242,40.534],[-74.242,40.5341],[-74.242,40.5342],[-74.242,40.5343],[-74.242,40.5343],[-74.242,40.5343],[-74.2421,40.5344],[-74.2421,40.5344],[-74.2421,40.5344],[-74.2421,40.5345],[-74.2422,40.5345],[-74.2422,40.5346],[-74.2422,40.5346],[-74.2423,40.5347],[-74.2423,40.5347],[-74.2424,40.5347],[-74.2424,40.5347],[-74.2424,40.5348],[-74.2425,40.5348],[-74.2425,40.5348],[-74.2426,40.5348],[-74.2426,40.5348],[-74.2426,40.5348],[-74.2426,40.5348],[-74.2426,40.5348],[-74.2426,40.5349],[-74.2426,40.5349],[-74.2426,40.5349],[-74.2426,40.5349],[-74.2427,40.535],[-74.2427,40.535],[-74.2427,40.535],[-74.2428,40.5351],[-74.2428,40.5351],[-74.2428,40.5351],[-74.2428,40.5351],[-74.2429,40.5352],[-74.2429,40.5352],[-74.2429,40.5352],[-74.2429,40.5353],[-74.2429,40.5353],[-74.243,40.5353],[-74.243,40.5354],[-74.2429,40.5354],[-74.243,40.5354],[-74.243,40.5354],[-74.243,40.5354],[-74.2431,40.5355],[-74.2431,40.5355],[-74.2431,40.5355],[-74.2431,40.5355],[-74.2431,40.5355],[-74.2432,40.5356],[-74.2432,40.5356],[-74.2432,40.5356],[-74.2433,40.5356],[-74.2433,40.5356],[-74.2433,40.5356],[-74.2433,40.5357],[-74.2433,40.5357],[-74.2433,40.5357],[-74.2434,40.5358],[-74.2434,40.5358],[-74.2434,40.5358],[-74.2434,40.5358],[-74.2435,40.5359],[-74.2435,40.5359],[-74.2436,40.5359],[-74.2436,40.536],[-74.2436,40.536],[-74.2437,40.536],[-74.2437,40.536],[-74.2437,40.5361],[-74.2437,40.5361],[-74.2438,40.5361],[-74.2438,40.5362],[-74.2439,40.5362],[-74.244,40.5362],[-74.244,40.5362],[-74.2441,40.5362],[-74.2441,40.5362],[-74.2441,40.5362],[-74.2441,40.5362],[-74.2441,40.5362],[-74.2441,40.5363],[-74.244,40.5363],[-74.244,40.5364],[-74.244,40.5364],[-74.244,40.5365],[-74.244,40.5365],[-74.244,40.5366],[-74.244,40.5367],[-74.2441,40.5367],[-74.2441,40.5368],[-74.2441,40.5368],[-74.2442,40.5369],[-74.2442,40.5369],[-74.2443,40.5369],[-74.2443,40.5369],[-74.2444,40.5369],[-74.2445,40.5369],[-74.2445,40.5369],[-74.2446,40.5369],[-74.2446,40.5369],[-74.2447,40.5369],[-74.2447,40.5369],[-74.2448,40.5368],[-74.2448,40.5368],[-74.2448,40.5368],[-74.2448,40.5367],[-74.2449,40.5367],[-74.2449,40.5367],[-74.2449,40.5367],[-74.245,40.5367],[-74.2451,40.5367],[-74.2451,40.5367],[-74.2452,40.5367],[-74.2452,40.5368],[-74.2452,40.5368],[-74.2453,40.5368],[-74.2453,40.5369],[-74.2453,40.5369],[-74.2454,40.5369],[-74.2454,40.537],[-74.2454,40.537],[-74.2453,40.5371],[-74.2453,40.5371],[-74.2452,40.5372],[-74.2452,40.5372],[-74.245,40.5372],[-74.245,40.5372],[-74.2449,40.5373],[-74.2449,40.5373],[-74.2448,40.5374],[-74.2448,40.5374],[-74.2446,40.5377],[-74.2446,40.5377],[-74.2445,40.5378],[-74.2445,40.5378],[-74.2445,40.5378],[-74.2444,40.5379],[-74.2444,40.5379],[-74.2444,40.538],[-74.2444,40.5381],[-74.2445,40.5381],[-74.2445,40.5382],[-74.2445,40.5382],[-74.2446,40.5383],[-74.2447,40.5383],[-74.2447,40.5383],[-74.2447,40.5384],[-74.2447,40.5384],[-74.2447,40.5384],[-74.2447,40.5384],[-74.2447,40.5385],[-74.2447,40.5385],[-74.2447,40.5385],[-74.2448,40.5386],[-74.2449,40.5386],[-74.2449,40.5387],[-74.245,40.5388],[-74.2452,40.539],[-74.2453,40.5392],[-74.2453,40.5394],[-74.2453,40.5395],[-74.2453,40.5395],[-74.2454,40.5395],[-74.2454,40.5396],[-74.2454,40.5396],[-74.2454,40.5396],[-74.2454,40.5397],[-74.2454,40.5397],[-74.2454,40.5398],[-74.2454,40.5398],[-74.2454,40.54],[-74.2454,40.5404],[-74.2455,40.5406],[-74.2456,40.5409],[-74.2456,40.541],[-74.2456,40.541],[-74.2457,40.541],[-74.2458,40.541],[-74.2458,40.541],[-74.2458,40.5411],[-74.246,40.5413],[-74.2461,40.5414],[-74.2461,40.5415],[-74.2462,40.5418],[-74.2463,40.5419],[-74.2464,40.5421],[-74.2465,40.5422],[-74.2465,40.5422],[-74.2466,40.5423],[-74.2466,40.5423],[-74.2468,40.5424],[-74.2469,40.5425],[-74.2479,40.5431],[-74.2477,40.5435],[-74.2467,40.5449],[-74.2436,40.5477],[-74.2436,40.5476],[-74.2427,40.547],[-74.2423,40.547],[-74.2422,40.5469],[-74.2421,40.547],[-74.2419,40.547],[-74.2418,40.547],[-74.2417,40.5471],[-74.2415,40.5471],[-74.2414,40.5472],[-74.2413,40.5472],[-74.2412,40.5473],[-74.2411,40.5473],[-74.241,40.5474],[-74.2409,40.5474],[-74.2408,40.5475],[-74.2406,40.5475],[-74.2405,40.5476],[-74.2404,40.5477],[-74.2403,40.5477],[-74.2402,40.5478],[-74.24,40.5479],[-74.24,40.548],[-74.2399,40.548],[-74.2398,40.548],[-74.2398,40.5481],[-74.2397,40.5481],[-74.2396,40.5482],[-74.2395,40.5483],[-74.2394,40.5483],[-74.2393,40.5484],[-74.2393,40.5485],[-74.2393,40.5485],[-74.2392,40.5485],[-74.2391,40.5486],[-74.2391,40.5486],[-74.239,40.5487],[-74.2388,40.5489],[-74.2387,40.549],[-74.2385,40.549],[-74.2384,40.5491],[-74.2383,40.5492],[-74.2382,40.5493],[-74.2381,40.5495],[-74.238,40.5497],[-74.2378,40.5499],[-74.2378,40.55],[-74.2377,40.5501],[-74.2376,40.5502],[-74.2375,40.5502],[-74.2374,40.5502],[-74.2373,40.5502],[-74.2372,40.5502],[-74.2371,40.5503],[-74.237,40.5503],[-74.2369,40.5503],[-74.2368,40.5503],[-74.2367,40.5504],[-74.2366,40.5504],[-74.2365,40.5504],[-74.2364,40.5505],[-74.2364,40.5506],[-74.2363,40.5506],[-74.2363,40.5507],[-74.2363,40.5509],[-74.2362,40.5511],[-74.2362,40.5512],[-74.2362,40.5513],[-74.2362,40.5514],[-74.2362,40.5514],[-74.2362,40.5515],[-74.2362,40.5516],[-74.2363,40.5518],[-74.2364,40.5519],[-74.2365,40.5519],[-74.2365,40.552],[-74.2365,40.5521],[-74.2365,40.5522],[-74.2364,40.5523],[-74.2364,40.5524],[-74.2349,40.553],[-74.2348,40.553],[-74.2348,40.553],[-74.2347,40.553],[-74.2347,40.5529],[-74.2346,40.5529],[-74.2346,40.5529],[-74.2345,40.5529],[-74.2345,40.5529],[-74.2345,40.5529],[-74.2345,40.5529],[-74.2344,40.5528],[-74.2343,40.5528],[-74.2342,40.5528],[-74.2342,40.5528],[-74.2341,40.5528],[-74.2341,40.5528],[-74.2341,40.5528],[-74.2341,40.5527],[-74.2341,40.5527],[-74.234,40.5526],[-74.2339,40.5526],[-74.2338,40.5525],[-74.2338,40.5525],[-74.2337,40.5525],[-74.2336,40.5525],[-74.2335,40.5525],[-74.2335,40.5525],[-74.2334,40.5525],[-74.2334,40.5525],[-74.2333,40.5525],[-74.2332,40.5526],[-74.233,40.5528],[-74.2328,40.5529],[-74.2328,40.5529],[-74.2327,40.5529],[-74.2327,40.5529],[-74.2326,40.553],[-74.2324,40.5532],[-74.2323,40.5534],[-74.2322,40.5535],[-74.2322,40.5535],[-74.2321,40.5536],[-74.2321,40.5537],[-74.232,40.5539],[-74.232,40.554],[-74.2319,40.5542],[-74.2318,40.5543],[-74.2316,40.5545],[-74.2314,40.5547],[-74.2311,40.5549],[-74.231,40.5551],[-74.2308,40.5554],[-74.2308,40.5555],[-74.2307,40.5556],[-74.2306,40.5556],[-74.2305,40.5555],[-74.2303,40.5554],[-74.2302,40.5554],[-74.2299,40.5555],[-74.2297,40.5555],[-74.2295,40.5555],[-74.2293,40.5555],[-74.2292,40.5556],[-74.2292,40.5556],[-74.2293,40.5557],[-74.2293,40.5557],[-74.2293,40.5557],[-74.2294,40.5557],[-74.2294,40.5557],[-74.2293,40.5558],[-74.2293,40.5559],[-74.2292,40.5559],[-74.2292,40.5559],[-74.2292,40.5559],[-74.2291,40.5559],[-74.2291,40.5559],[-74.2291,40.556],[-74.2291,40.5561],[-74.229,40.5561],[-74.2289,40.5562],[-74.2287,40.5563],[-74.2285,40.5563],[-74.2285,40.5563],[-74.2284,40.5563],[-74.2284,40.5564],[-74.2283,40.5564],[-74.2282,40.5564],[-74.2281,40.5563],[-74.228,40.5563],[-74.2278,40.5562],[-74.2276,40.5561],[-74.2274,40.556],[-74.2271,40.5561],[-74.2269,40.5561],[-74.2268,40.5561],[-74.2268,40.5561],[-74.2267,40.5561],[-74.2266,40.5562],[-74.2265,40.5562],[-74.2264,40.5563],[-74.2263,40.5562],[-74.2261,40.5563],[-74.2239,40.5559],[-74.2232,40.5558],[-74.2231,40.5558],[-74.2231,40.5557],[-74.223,40.5556],[-74.223,40.5555],[-74.2229,40.5555],[-74.2227,40.5554],[-74.2226,40.5554],[-74.2225,40.5555],[-74.2224,40.5555],[-74.2222,40.5555],[-74.2222,40.5555],[-74.2221,40.5554],[-74.2219,40.5554],[-74.2217,40.5554],[-74.2217,40.5556],[-74.2216,40.5556],[-74.2216,40.5556],[-74.2215,40.5556],[-74.2215,40.5555],[-74.2215,40.5555],[-74.2215,40.5554],[-74.2214,40.5554],[-74.2213,40.5554],[-74.2212,40.5554],[-74.2212,40.5555],[-74.2212,40.5556],[-74.2212,40.5557],[-74.2211,40.5557],[-74.221,40.5558],[-74.221,40.5559],[-74.2209,40.5559],[-74.2208,40.5559],[-74.2207,40.5559],[-74.2206,40.5559],[-74.2205,40.5558],[-74.2205,40.5557],[-74.2204,40.5557],[-74.2204,40.5556],[-74.2203,40.5556],[-74.2203,40.5555],[-74.2202,40.5555],[-74.2202,40.5554],[-74.2202,40.5553],[-74.2202,40.5552],[-74.2201,40.5551],[-74.2201,40.555],[-74.22,40.5548],[-74.2199,40.5547],[-74.2198,40.5546],[-74.2197,40.5546],[-74.2196,40.5547],[-74.2195,40.5547],[-74.2193,40.5548],[-74.2192,40.5548],[-74.2191,40.5548],[-74.2191,40.555],[-74.2192,40.5551],[-74.2192,40.5553],[-74.2192,40.5555],[-74.2193,40.5555],[-74.2193,40.5556],[-74.2193,40.5558],[-74.2192,40.5558],[-74.2192,40.5558],[-74.2192,40.5557],[-74.2192,40.5555],[-74.2191,40.5555],[-74.2191,40.5555],[-74.2191,40.5554],[-74.219,40.555],[-74.2189,40.5548],[-74.2188,40.5547],[-74.2185,40.5547],[-74.2186,40.5548],[-74.2185,40.5549],[-74.2186,40.5553],[-74.2188,40.5557],[-74.2188,40.5559],[-74.2188,40.556],[-74.2187,40.556],[-74.2187,40.556],[-74.2183,40.5557],[-74.2181,40.5555],[-74.2181,40.5553],[-74.2178,40.555],[-74.2172,40.5552],[-74.2168,40.5553],[-74.2162,40.5555],[-74.2159,40.5557],[-74.2141,40.5565],[-74.2141,40.5566],[-74.214,40.5566],[-74.214,40.5567],[-74.2139,40.5566],[-74.2139,40.5565],[-74.2138,40.5565],[-74.2138,40.5564],[-74.2138,40.5564],[-74.2137,40.5564],[-74.2137,40.5565],[-74.2136,40.5565],[-74.2135,40.5565],[-74.2134,40.5566],[-74.2133,40.5566],[-74.2057,40.5585],[-74.2067,40.5576],[-74.2061,40.5575],[-74.2056,40.5574],[-74.2052,40.5573],[-74.2093,40.5562],[-74.2111,40.5556],[-74.2123,40.5551],[-74.2131,40.5546],[-74.2109,40.555],[-74.2104,40.5538],[-74.2101,40.5532],[-74.2098,40.5524],[-74.2092,40.5509],[-74.2086,40.5493],[-74.2077,40.547],[-74.2068,40.5449],[-74.2061,40.5435],[-74.2042,40.544],[-74.2027,40.5435],[-74.202,40.5419],[-74.2014,40.5405],[-74.2007,40.5392],[-74.2002,40.5379],[-74.1995,40.5365],[-74.1989,40.5352],[-74.1997,40.5338],[-74.2007,40.5332],[-74.2012,40.533],[-74.2017,40.5329],[-74.203,40.5322],[-74.203,40.532],[-74.2027,40.5318],[-74.2023,40.5318],[-74.2002,40.5318],[-74.1987,40.5321],[-74.1971,40.5318],[-74.1963,40.5304],[-74.1948,40.5305],[-74.1969,40.5282],[-74.1981,40.527],[-74.1984,40.5267],[-74.1989,40.5263],[-74.1994,40.5259],[-74.199,40.5252],[-74.1983,40.524],[-74.1981,40.5239],[-74.198,40.5238],[-74.1978,40.5235],[-74.1978,40.5235],[-74.1975,40.5237],[-74.1951,40.5203],[-74.1946,40.5193],[-74.1937,40.518],[-74.1935,40.5164],[-74.1936,40.5162],[-74.1937,40.5159],[-74.1937,40.5156],[-74.1938,40.5154],[-74.1941,40.5124],[-74.1952,40.5119],[-74.1961,40.5124],[-74.1971,40.5124],[-74.1977,40.5107],[-74.1977,40.5107]]]]}},{"type":"Feature","id":"10310","properties":{"modzcta":"10310"},"geometry":{"type":"MultiPolygon","coordinates":[[[[-74.1306,40.6235],[-74.1321,40.6234],[-74.1321,40.6238],[-74.132,40.6242],[-74.1319,40.6245],[-74.1313,40.6263],[-74.1301,40.6286],[-74.1301,40.6289],[-74.1292,40.6294],[-74.1296,40.6306],[-74.1302,40.6309],[-74.1306,40.6314],[-74.1302,40.6324],[-74.1299,40.6329],[-74.1296,40.6334],[-74.1292,40.6336],[-74.128,40.6346],[-74.1278,40.6373],[-74.1271,40.6381],[-74.127,40.6383],[-74.127,40.6384],[-74.127,40.6386],[-74.127,40.6393],[-74.1271,40.6395],[-74.1271,40.6396],[-74.1271,40.6397],[-74.1271,40.6399],[-74.1271,40.64],[-74.1271,40.6402],[-74.1265,40.6404],[-74.1263,40.6404],[-74.1262,40.6403],[-74.1261,40.6403],[-74.126,40.6402],[-74.1258,40.6402],[-74.1256,40.6401],[-74.1253,40.6402],[-74.1249,40.6402],[-74.1246,40.6402],[-74.1245,40.6402],[-74.1243,40.6401],[-74.1241,40.6402],[-74.124,40.6402],[-74.1237,40.6403],[-74.1236,40.6404],[-74.1235,40.6405],[-74.1235,40.6405],[-74.1232,40.6407],[-74.1228,40.6408],[-74.1226,40.6406],[-74.1227,40.6408],[-74.1229,40.641],[-74.1229,40.6411],[-74.1229,40.6412],[-74.1228,40.6413],[-74.1228,40.6413],[-74.1228,40.6413],[-74.1227,40.6414],[-74.1219,40.6414],[-74.1218,40.6414],[-74.1218,40.6414],[-74.1214,40.6415],[-74.1214,40.6415],[-74.1213,40.6414],[-74.1212,40.6414],[-74.1206,40.641],[-74.1205,40.6411],[-74.1199,40.6412],[-74.1196,40.6414],[-74.1195,40.6415],[-74.1194,40.6414],[-74.1193,40.6414],[-74.1191,40.6415],[-74.1186,40.6415],[-74.1184,40.6415],[-74.1182,40.6418],[-74.1179,40.6418],[-74.1178,40.6418],[-74.1176,40.6416],[-74.1174,40.6416],[-74.1173,40.6416],[-74.1172,40.6416],[-74.1171,40.6417],[-74.1171,40.6419],[-74.1167,40.6421],[-74.1163,40.6422],[-74.1161,40.6422],[-74.1157,40.6424],[-74.1154,40.6425],[-74.1148,40.643],[-74.1143,40.6433],[-74.1136,40.6436],[-74.1123,40.6443],[-74.1117,40.6447],[-74.1115,40.6448],[-74.1097,40.6455],[-74.1089,40.6456],[-74.1082,40.6456],[-74.1068,40.6456],[-74.1047,40.6455],[-74.1049,40.6449],[-74.1049,40.6448],[-74.105,40.6446],[-74.1051,40.6445],[-74.1053,40.6444],[-74.1065,40.6442],[-74.1061,40.642],[-74.1056,40.6397],[-74.1048,40.639],[-74.1046,40.6377],[-74.1036,40.6373],[-74.103,40.637],[-74.1027,40.6354],[-74.1035,40.6347],[-74.1055,40.6347],[-74.106,40.6343],[-74.106,40.632],[-74.1054,40.6303],[-74.1044,40.6282],[-74.104,40.6266],[-74.1038,40.6252],[-74.1035,40.6238],[-74.1042,40.6236],[-74.1042,40.6235],[-74.1042,40.6233],[-74.1042,40.6232],[-74.1043,40.6231],[-74.1044,40.623],[-74.1056,40.6223],[-74.1068,40.6218],[-74.1084,40.6213],[-74.1109,40.6212],[-74.1124,40.6223],[-74.1154,40.6239],[-74.117,40.6245],[-74.1183,40.6236],[-74.1183,40.6233],[-74.1183,40.6231],[-74.1183,40.6228],[-74.1184,40.6226],[-74.1185,40.6225],[-74.1186,40.6224],[-74.1189,40.6221],[-74.1193,40.6219],[-74.1196,40.6218],[-74.1201,40.6217],[-74.1215,40.6229],[-74.122,40.6241],[-74.1247,40.6237],[-74.1262,40.6229],[-74.1286,40.6237],[-74.1306,40.6235]]]]}},{"type":"Feature","id":"10312","properties":{"modzcta":"10312"},"geometry":{"type":"MultiPolygon","coordinates":[[[[-74.1977,40.5107],[-74.1971,40.5124],[-74.1961,40.5124],[-74.1952,40.5119],[-74.1941,40.5124],[-74.1941,40.5124],[-74.1938,40.5154],[-74.1937,40.5156],[-74.1937,40.5159],[-74.1936,40.5162],[-74.1935,40.5164],[-74.1937,40.518],[-74.1946,40.5193],[-74.1951,40.5203],[-74.1975,40.5237],[-74.1978,40.5235],[-74.1978,40.5235],[-74.198,40.5238],[-74.1981,40.5239],[-74.1983,40.524],[-74.199,40.5252],[-74.1994,40.5259],[-74.1989,40.5263],[-74.1984,40.5267],[-74.1981,40.527],[-74.1969,40.5282],[-74.1948,40.5305],[-74.1963,40.5304],[-74.1971,40.5318],[-74.1987,40.5321],[-74.2002,40.5318],[-74.2023,40.5318],[-74.2027,40.5318],[-74.203,40.532],[-74.203,40.5322],[-74.2017,40.5329],[-74.2012,40.533],[-74.2007,40.5332],[-74.1997,40.5338],[-74.1989,40.5352],[-74.1995,40.5365],[-74.2002,40.5379],[-74.2007,40.5392],[-74.2014,40.5405],[-74.202,40.5419],[-74.2027,40.5435],[-74.2042,40.544],[-74.2061,40.5435],[-74.2068,40.5449],[-74.2077,40.547],[-74.2086,40.5493],[-74.2092,40.5509],[-74.2098,40.5524],[-74.2101,40.5532],[-74.2104,40.5538],[-74.2109,40.555],[-74.2131,40.5546],[-74.2123,40.5551],[-74.2111,40.5556],[-74.2093,40.5562],[-74.2052,40.5573],[-74.2056,40.5574],[-74.2061,40.5575],[-74.2067,40.5576],[-74.2057,40.5585],[-74.2051,40.5588],[-74.2046,40.559],[-74.2041,40.559],[-74.2023,40.5594],[-74.2018,40.5595],[-74.2013,40.5597],[-74.2009,40.56],[-74.1999,40.5609],[-74.1995,40.5605],[-74.195,40.5648],[-74.1937,40.5661],[-74.1936,40.5664],[-74.194,40.5671],[-74.1942,40.5678],[-74.1964,40.5743],[-74.1968,40.5755],[-74.1979,40.5782],[-74.1977,40.5782],[-74.1971,40.578],[-74.1967,40.5779],[-74.1965,40.5779],[-74.1963,40.5778],[-74.1963,40.5777],[-74.1963,40.5777],[-74.1962,40.5777],[-74.196,40.5777],[-74.1948,40.5773],[-74.1929,40.5766],[-74.1929,40.5765],[-74.1916,40.5759],[-74.1904,40.5763],[-74.1903,40.5767],[-74.1869,40.5771],[-74.1789,40.5718],[-74.1747,40.5669],[-74.1706,40.5668],[-74.1697,40.5665],[-74.1696,40.5661],[-74.1695,40.5661],[-74.1695,40.5661],[-74.1694,40.5661],[-74.1694,40.5661],[-74.1692,40.5661],[-74.1692,40.566],[-74.1691,40.566],[-74.1691,40.5661],[-74.169,40.5661],[-74.169,40.566],[-74.1689,40.566],[-74.1689,40.5661],[-74.1688,40.5661],[-74.1687,40.5661],[-74.1687,40.5661],[-74.1686,40.5661],[-74.1685,40.5661],[-74.1685,40.5661],[-74.1685,40.5661],[-74.1684,40.5661],[-74.1684,40.5661],[-74.1683,40.5662],[-74.1682,40.5662],[-74.1681,40.5662],[-74.168,40.5663],[-74.168,40.5663],[-74.1679,40.5663],[-74.1678,40.5663],[-74.1678,40.5663],[-74.1677,40.5663],[-74.1676,40.5663],[-74.1675,40.5664],[-74.1675,40.5664],[-74.1674,40.5665],[-74.1673,40.5665],[-74.1672,40.5665],[-74.1671,40.5665],[-74.167,40.5665],[-74.1669,40.5665],[-74.1669,40.5665],[-74.1668,40.5665],[-74.1668,40.5665],[-74.1667,40.5665],[-74.1666,40.5664],[-74.1666,40.5664],[-74.1666,40.5664],[-74.1666,40.5664],[-74.1665,40.5664],[-74.1666,40.5665],[-74.1666,40.5666],[-74.1665,40.5666],[-74.1664,40.5667],[-74.1664,40.5668],[-74.1662,40.5668],[-74.1662,40.5668],[-74.1661,40.5667],[-74.1661,40.5668],[-74.166,40.5668],[-74.166,40.5668],[-74.1659,40.5668],[-74.1657,40.5668],[-74.1656,40.5668],[-74.1655,40.5667],[-74.1655,40.5667],[-74.1654,40.5667],[-74.1653,40.5666],[-74.1652,40.5665],[-74.1651,40.5665],[-74.165,40.5662],[-74.1649,40.5658],[-74.1648,40.5656],[-74.1644,40.5653],[-74.1648,40.5623],[-74.1656,40.5606],[-74.1649,40.5601],[-74.1645,40.5583],[-74.164,40.5558],[-74.1634,40.5533],[-74.1626,40.5512],[-74.1612,40.5492],[-74.1616,40.5471],[-74.1621,40.5459],[-74.1593,40.5473],[-74.1589,40.5463],[-74.159,40.5454],[-74.1581,40.5441],[-74.1552,40.5412],[-74.1525,40.5384],[-74.1508,40.5371],[-74.1505,40.5373],[-74.1497,40.5373],[-74.1469,40.5359],[-74.1464,40.5364],[-74.1456,40.5358],[-74.1458,40.5356],[-74.146,40.5356],[-74.146,40.5354],[-74.1467,40.5354],[-74.1479,40.5349],[-74.1487,40.5345],[-74.1498,40.5339],[-74.1497,40.5335],[-74.1498,40.5334],[-74.1499,40.5332],[-74.15,40.5332],[-74.1503,40.5329],[-74.1505,40.5327],[-74.151,40.5327],[-74.1511,40.5327],[-74.1515,40.5326],[-74.1518,40.5324],[-74.1518,40.5324],[-74.1518,40.5324],[-74.1518,40.5324],[-74.1517,40.5323],[-74.1517,40.5323],[-74.1517,40.5323],[-74.1517,40.5323],[-74.1517,40.5323],[-74.1517,40.5323],[-74.1518,40.5322],[-74.1519,40.5322],[-74.152,40.5322],[-74.152,40.5322],[-74.1521,40.5322],[-74.1521,40.5322],[-74.1522,40.5321],[-74.1523,40.5321],[-74.1523,40.5321],[-74.1524,40.5321],[-74.1528,40.5318],[-74.1534,40.5313],[-74.1536,40.5311],[-74.154,40.5308],[-74.154,40.5308],[-74.1539,40.5307],[-74.1539,40.5307],[-74.1541,40.5308],[-74.1541,40.5308],[-74.1542,40.5307],[-74.1543,40.5306],[-74.1543,40.5305],[-74.1545,40.5303],[-74.1546,40.5304],[-74.1546,40.5304],[-74.1547,40.5302],[-74.1545,40.5301],[-74.155,40.5302],[-74.1553,40.53],[-74.1555,40.5298],[-74.1556,40.5296],[-74.1555,40.5294],[-74.1559,40.5295],[-74.1561,40.5293],[-74.1563,40.5291],[-74.1565,40.5289],[-74.1562,40.5286],[-74.1568,40.529],[-74.1572,40.5288],[-74.1579,40.5285],[-74.158,40.5281],[-74.1583,40.5283],[-74.1586,40.5281],[-74.1589,40.5279],[-74.1593,40.5275],[-74.1597,40.5273],[-74.1599,40.5274],[-74.16,40.5273],[-74.1601,40.5273],[-74.1601,40.5274],[-74.1602,40.5275],[-74.1602,40.5275],[-74.1603,40.5275],[-74.1603,40.5276],[-74.1615,40.5271],[-74.1615,40.527],[-74.1616,40.527],[-74.1618,40.527],[-74.1619,40.5271],[-74.162,40.5271],[-74.1621,40.5272],[-74.1622,40.5272],[-74.1623,40.5272],[-74.1624,40.5271],[-74.1625,40.5271],[-74.1626,40.527],[-74.1628,40.5269],[-74.1629,40.5269],[-74.163,40.5268],[-74.1631,40.5268],[-74.1632,40.5267],[-74.1634,40.5266],[-74.1635,40.5265],[-74.1636,40.5265],[-74.1637,40.5264],[-74.1638,40.5263],[-74.1639,40.5263],[-74.164,40.5262],[-74.1642,40.5262],[-74.1645,40.526],[-74.1653,40.5256],[-74.1656,40.5254],[-74.1662,40.5252],[-74.1669,40.5248],[-74.1683,40.5239],[-74.1688,40.5236],[-74.1692,40.5234],[-74.1695,40.5233],[-74.1696,40.5232],[-74.1698,40.5231],[-74.1701,40.523],[-74.1702,40.523],[-74.1704,40.523],[-74.1706,40.5231],[-74.1707,40.5232],[-74.1709,40.5233],[-74.1711,40.5234],[-74.1713,40.5235],[-74.172,40.5233],[-74.1728,40.5229],[-74.1751,40.5215],[-74.1776,40.5193],[-74.1776,40.5193],[-74.1776,40.5193],[-74.1776,40.5192],[-74.1776,40.5192],[-74.1776,40.5192],[-74.1777,40.5193],[-74.1783,40.5199],[-74.1784,40.52],[-74.1785,40.52],[-74.1786,40.52],[-74.1788,40.52],[-74.1789,40.52],[-74.1791,40.52],[-74.1792,40.52],[-74.1792,40.52],[-74.1792,40.52],[-74.1792,40.52],[-74.1792,40.52],[-74.1793,40.52],[-74.1793,40.52],[-74.1793,40.5202],[-74.1794,40.5202],[-74.1794,40.5203],[-74.1797,40.5205],[-74.18,40.5206],[-74.1802,40.5206],[-74.1805,40.5206],[-74.1809,40.5206],[-74.1812,40.5207],[-74.1818,40.5205],[-74.1819,40.5204],[-74.182,40.5204],[-74.1823,40.5204],[-74.1828,40.5201],[-74.1833,40.5199],[-74.1838,40.5198],[-74.1842,40.5196],[-74.1848,40.5193],[-74.1855,40.5189],[-74.1866,40.5181],[-74.1878,40.517],[-74.1882,40.5166],[-74.1885,40.5163],[-74.1888,40.516],[-74.1891,40.5156],[-74.1893,40.5153],[-74.1888,40.5151],[-74.1888,40.5151],[-74.1888,40.5151],[-74.1889,40.5151],[-74.1894,40.5154],[-74.1895,40.5154],[-74.1896,40.5154],[-74.1897,40.5153],[-74.1916,40.5133],[-74.1917,40.5131],[-74.1919,40.513],[-74.192,40.5129],[-74.1922,40.5128],[-74.1928,40.5122],[-74.1933,40.5117],[-74.1936,40.5114],[-74.1938,40.5111],[-74.194,40.5108],[-74.1952,40.51],[-74.196,40.5099],[-74.1962,40.5099],[-74.1964,40.5099],[-74.1966,40.51],[-74.1968,40.5101],[-74.197,40.5102],[-74.1975,40.5105],[-74.1977,40.5107]]]]}},{"type":"Feature","id":"10314","properties":{"modzcta":"10314"},"geometry":{"type":"MultiPolygon","coordinates":[[[[-74.1697,40.5665],[-74.1706,40.5668],[-74.1747,40.5669],[-74.1789,40.5718],[-74.1869,40.5771],[-74.1903,40.5767],[-74.1904,40.5763],[-74.1916,40.5759],[-74.1929,40.5765],[-74.1929,40.5766],[-74.1948,40.5773],[-74.196,40.5777],[-74.1962,40.5777],[-74.1963,40.5777],[-74.1963,40.5777],[-74.1963,40.5778],[-74.1965,40.5779],[-74.1967,40.5779],[-74.1971,40.578],[-74.1977,40.5782],[-74.1979,40.5782],[-74.1968,40.5755],[-74.1964,40.5743],[-74.1942,40.5678],[-74.194,40.5671],[-74.1936,40.5664],[-74.1937,40.5661],[-74.195,40.5648],[-74.1995,40.5605],[-74.1999,40.5609],[-74.2009,40.56],[-74.2013,40.5597],[-74.2018,40.5595],[-74.2023,40.5594],[-74.2041,40.559],[-74.2046,40.559],[-74.2051,40.5588],[-74.2057,40.5585],[-74.2132,40.5567],[-74.2132,40.5568],[-74.2132,40.5568],[-74.2132,40.5569],[-74.2132,40.5569],[-74.2132,40.5569],[-74.2132,40.557],[-74.2132,40.557],[-74.2132,40.557],[-74.2132,40.557],[-74.2131,40.557],[-74.2131,40.5571],[-74.2131,40.5571],[-74.2131,40.5571],[-74.2131,40.5571],[-74.2131,40.5571],[-74.213,40.5571],[-74.213,40.5572],[-74.213,40.5572],[-74.213,40.5572],[-74.2129,40.5572],[-74.2129,40.5572],[-74.2129,40.5572],[-74.2128,40.5572],[-74.2128,40.5572],[-74.2128,40.5572],[-74.2128,40.5572],[-74.2127,40.5573],[-74.2127,40.5573],[-74.2127,40.5573],[-74.2127,40.5573],[-74.2127,40.5573],[-74.2127,40.5573],[-74.2126,40.5573],[-74.2126,40.5573],[-74.2126,40.5573],[-74.2126,40.5573],[-74.2126,40.5573],[-74.2126,40.5574],[-74.2126,40.5574],[-74.2127,40.5574],[-74.2127,40.5575],[-74.2127,40.5575],[-74.2127,40.5575],[-74.2127,40.5576],[-74.2127,40.5576],[-74.2127,40.5576],[-74.2127,40.5576],[-74.2127,40.5577],[-74.2126,40.5577],[-74.2126,40.5577],[-74.2126,40.5578],[-74.2125,40.5578],[-74.2125,40.5578],[-74.2125,40.5578],[-74.2125,40.5579],[-74.2124,40.5579],[-74.2123,40.5579],[-74.2123,40.5579],[-74.2123,40.558],[-74.2123,40.558],[-74.2122,40.558],[-74.2122,40.558],[-74.2122,40.558],[-74.2122,40.5581],[-74.2122,40.5581],[-74.2122,40.5581],[-74.2121,40.5582],[-74.2121,40.5582],[-74.2121,40.5582],[-74.2121,40.5583],[-74.212,40.5583],[-74.212,40.5584],[-74.212,40.5584],[-74.212,40.5584],[-74.2119,40.5585],[-74.2119,40.5585],[-74.2119,40.5586],[-74.2119,40.5586],[-74.2119,40.5587],[-74.2119,40.5588],[-74.2118,40.5589],[-74.2118,40.5591],[-74.2118,40.5591],[-74.2118,40.5591],[-74.2118,40.5592],[-74.2118,40.5592],[-74.2118,40.5592],[-74.2118,40.5592],[-74.2118,40.5592],[-74.2118,40.5592],[-74.2119,40.5592],[-74.2119,40.5592],[-74.2119,40.5592],[-74.2119,40.5593],[-74.212,40.5593],[-74.212,40.5593],[-74.212,40.5593],[-74.212,40.5593],[-74.212,40.5593],[-74.212,40.5593],[-74.212,40.5593],[-74.2119,40.5594],[-74.2119,40.5595],[-74.2119,40.5595],[-74.2119,40.5595],[-74.2119,40.5596],[-74.2119,40.5596],[-74.2119,40.5596],[-74.2118,40.5597],[-74.2118,40.5597],[-74.2118,40.5597],[-74.2118,40.5598],[-74.2118,40.5598],[-74.2117,40.5598],[-74.2117,40.5598],[-74.2117,40.5599],[-74.2116,40.5599],[-74.2116,40.5599],[-74.2116,40.5599],[-74.2115,40.56],[-74.2115,40.5601],[-74.2115,40.5601],[-74.2115,40.5601],[-74.2114,40.5602],[-74.2114,40.5602],[-74.2114,40.5602],[-74.2113,40.5603],[-74.2112,40.5604],[-74.2112,40.5604],[-74.2112,40.5604],[-74.2112,40.5604],[-74.2112,40.5605],[-74.2112,40.5605],[-74.2112,40.5605],[-74.2112,40.5606],[-74.2112,40.5606],[-74.2112,40.5607],[-74.2112,40.5607],[-74.2112,40.5607],[-74.2112,40.5608],[-74.2112,40.5608],[-74.2112,40.5608],[-74.2112,40.5608],[-74.2112,40.5608],[-74.2113,40.5608],[-74.2113,40.5608],[-74.2113,40.5608],[-74.2113,40.5608],[-74.2113,40.5609],[-74.2113,40.5609],[-74.2113,40.5609],[-74.2113,40.5609],[-74.2113,40.561],[-74.2113,40.561],[-74.2113,40.5611],[-74.2113,40.5611],[-74.2113,40.5612],[-74.2113,40.5612],[-74.2113,40.5612],[-74.2113,40.5613],[-74.2113,40.5613],[-74.2113,40.5613],[-74.2113,40.5614],[-74.2113,40.5614],[-74.2112,40.5615],[-74.2112,40.5616],[-74.2112,40.5616],[-74.2112,40.5616],[-74.2112,40.5617],[-74.2112,40.5617],[-74.2111,40.5618],[-74.2111,40.5618],[-74.2111,40.5619],[-74.2111,40.5619],[-74.2111,40.562],[-74.2111,40.562],[-74.2111,40.5621],[-74.2111,40.5621],[-74.2111,40.5622],[-74.2111,40.5623],[-74.2112,40.5624],[-74.2112,40.5625],[-74.2112,40.5625],[-74.2112,40.5625],[-74.2113,40.5627],[-74.2113,40.5628],[-74.2113,40.5628],[-74.2113,40.5629],[-74.2113,40.5629],[-74.2114,40.5629],[-74.2114,40.563],[-74.2114,40.5631],[-74.2114,40.5632],[-74.2114,40.5632],[-74.2114,40.5632],[-74.2114,40.5633],[-74.2114,40.5633],[-74.2114,40.5634],[-74.2114,40.5634],[-74.2114,40.5635],[-74.2114,40.5635],[-74.2113,40.5636],[-74.2113,40.5636],[-74.2113,40.5637],[-74.2112,40.5637],[-74.2112,40.5638],[-74.2112,40.5638],[-74.2112,40.5639],[-74.2111,40.564],[-74.2111,40.5641],[-74.211,40.5642],[-74.211,40.5643],[-74.2109,40.5645],[-74.2109,40.5646],[-74.2109,40.5646],[-74.2109,40.5647],[-74.2108,40.5647],[-74.2108,40.5649],[-74.2108,40.5651],[-74.2108,40.5652],[-74.2107,40.5653],[-74.2107,40.5653],[-74.2107,40.5654],[-74.2106,40.5655],[-74.2106,40.5656],[-74.2105,40.5658],[-74.2104,40.566],[-74.2103,40.5661],[-74.2103,40.5662],[-74.2102,40.5662],[-74.2101,40.5664],[-74.21,40.5667],[-74.2099,40.5669],[-74.2098,40.567],[-74.2098,40.5671],[-74.2097,40.5672],[-74.2097,40.5672],[-74.2096,40.5673],[-74.2096,40.5674],[-74.2096,40.5675],[-74.2095,40.5676],[-74.2095,40.5676],[-74.2095,40.5677],[-74.2096,40.5678],[-74.2096,40.5678],[-74.2095,40.5679],[-74.2095,40.568],[-74.2094,40.5679],[-74.2094,40.568],[-74.2093,40.568],[-74.2093,40.5681],[-74.2093,40.5682],[-74.2093,40.5683],[-74.2093,40.5684],[-74.2092,40.5684],[-74.2092,40.5685],[-74.2091,40.5685],[-74.209,40.5686],[-74.209,40.5687],[-74.209,40.5688],[-74.2089,40.5688],[-74.2089,40.5689],[-74.2088,40.569],[-74.2088,40.5691],[-74.2088,40.5691],[-74.2089,40.5692],[-74.2089,40.5692],[-74.2089,40.5693],[-74.2089,40.5694],[-74.2089,40.5695],[-74.2089,40.5696],[-74.2089,40.5696],[-74.2089,40.5697],[-74.2088,40.5698],[-74.2088,40.5698],[-74.2087,40.5698],[-74.2087,40.5698],[-74.2086,40.5699],[-74.2086,40.57],[-74.2084,40.5702],[-74.2083,40.5702],[-74.2083,40.5703],[-74.2082,40.5704],[-74.2081,40.5704],[-74.208,40.5705],[-74.208,40.5706],[-74.208,40.5706],[-74.208,40.5706],[-74.208,40.5706],[-74.2081,40.5707],[-74.2082,40.5707],[-74.2078,40.5726],[-74.2073,40.5741],[-74.2072,40.5742],[-74.2071,40.5743],[-74.2071,40.5744],[-74.2072,40.5744],[-74.2072,40.5744],[-74.2072,40.5745],[-74.2071,40.5746],[-74.2071,40.5747],[-74.2071,40.5748],[-74.2072,40.575],[-74.2072,40.5751],[-74.2073,40.5752],[-74.2072,40.5753],[-74.2071,40.5754],[-74.2069,40.5756],[-74.2069,40.5758],[-74.2068,40.5759],[-74.2068,40.576],[-74.2068,40.5761],[-74.2069,40.5762],[-74.2069,40.5762],[-74.207,40.5763],[-74.2071,40.5763],[-74.2071,40.5763],[-74.207,40.5764],[-74.207,40.5765],[-74.2069,40.5765],[-74.2069,40.5765],[-74.2069,40.5766],[-74.2068,40.5765],[-74.2067,40.5765],[-74.2066,40.5766],[-74.2066,40.5767],[-74.2065,40.5768],[-74.2065,40.5769],[-74.2065,40.5769],[-74.2066,40.577],[-74.2067,40.577],[-74.2067,40.577],[-74.2067,40.5771],[-74.2068,40.5771],[-74.2068,40.5772],[-74.2068,40.5772],[-74.2067,40.5772],[-74.2067,40.5773],[-74.2067,40.5774],[-74.2066,40.5774],[-74.2065,40.5774],[-74.2064,40.5775],[-74.2064,40.5775],[-74.2063,40.5775],[-74.2063,40.5777],[-74.2062,40.5778],[-74.2062,40.5779],[-74.2062,40.5781],[-74.2062,40.5781],[-74.2062,40.5782],[-74.2061,40.5782],[-74.2061,40.5783],[-74.2061,40.5783],[-74.206,40.5784],[-74.206,40.5784],[-74.206,40.5784],[-74.206,40.5785],[-74.206,40.5785],[-74.2059,40.5786],[-74.206,40.5793],[-74.206,40.5801],[-74.206,40.5803],[-74.206,40.5803],[-74.206,40.5803],[-74.206,40.5804],[-74.206,40.5804],[-74.2059,40.5805],[-74.2059,40.5805],[-74.2059,40.5806],[-74.2058,40.5806],[-74.2058,40.5807],[-74.2058,40.5807],[-74.2058,40.5808],[-74.2058,40.5808],[-74.2057,40.5809],[-74.2057,40.5809],[-74.2057,40.5809],[-74.2057,40.581],[-74.2056,40.581],[-74.2054,40.5811],[-74.2054,40.5811],[-74.2054,40.5811],[-74.2054,40.5811],[-74.2053,40.5812],[-74.2053,40.5813],[-74.2053,40.5814],[-74.2052,40.5814],[-74.2052,40.5815],[-74.2051,40.5815],[-74.2051,40.5816],[-74.2051,40.5816],[-74.2051,40.5817],[-74.2051,40.5817],[-74.2051,40.5818],[-74.2051,40.5819],[-74.2051,40.5819],[-74.2051,40.582],[-74.2051,40.5821],[-74.2051,40.5821],[-74.2051,40.5822],[-74.2051,40.5822],[-74.2051,40.5823],[-74.205,40.5823],[-74.205,40.5824],[-74.205,40.5825],[-74.205,40.5825],[-74.2049,40.5826],[-74.2049,40.5827],[-74.2048,40.5827],[-74.2048,40.5827],[-74.2048,40.5827],[-74.2048,40.5828],[-74.2047,40.5828],[-74.2047,40.5828],[-74.2047,40.5829],[-74.2047,40.5829],[-74.2047,40.583],[-74.2047,40.583],[-74.2047,40.583],[-74.2047,40.583],[-74.2047,40.5831],[-74.2047,40.5831],[-74.2048,40.5831],[-74.2047,40.5831],[-74.2047,40.5832],[-74.2047,40.5832],[-74.2046,40.5832],[-74.2046,40.5832],[-74.2046,40.5833],[-74.2046,40.5833],[-74.2046,40.5833],[-74.2045,40.5834],[-74.2045,40.5835],[-74.2045,40.5836],[-74.2044,40.5837],[-74.2044,40.5838],[-74.2044,40.5839],[-74.2045,40.584],[-74.2045,40.5841],[-74.2046,40.5843],[-74.2046,40.5843],[-74.2046,40.5844],[-74.2044,40.5846],[-74.2044,40.5846],[-74.2044,40.5847],[-74.2044,40.5848],[-74.2044,40.5849],[-74.2044,40.585],[-74.2044,40.5851],[-74.2044,40.5851],[-74.2044,40.5852],[-74.2044,40.5855],[-74.2044,40.5855],[-74.2043,40.5856],[-74.2043,40.5856],[-74.2043,40.5856],[-74.2043,40.5856],[-74.2043,40.5857],[-74.2044,40.5857],[-74.2043,40.5858],[-74.2042,40.5858],[-74.2041,40.5859],[-74.2041,40.5859],[-74.2042,40.586],[-74.2043,40.5861],[-74.2043,40.5861],[-74.2043,40.5863],[-74.2043,40.5863],[-74.2042,40.5863],[-74.2042,40.5864],[-74.2042,40.5866],[-74.2042,40.5868],[-74.2042,40.5869],[-74.2042,40.587],[-74.2043,40.5873],[-74.2044,40.5875],[-74.2044,40.5876],[-74.2044,40.5878],[-74.2044,40.5879],[-74.2044,40.588],[-74.2045,40.588],[-74.2046,40.5881],[-74.2046,40.5883],[-74.2044,40.5884],[-74.2044,40.5884],[-74.2044,40.5884],[-74.2043,40.5884],[-74.2043,40.5885],[-74.2043,40.5885],[-74.2043,40.5886],[-74.2043,40.5886],[-74.2042,40.5887],[-74.2042,40.5887],[-74.2041,40.5888],[-74.2041,40.5889],[-74.2041,40.589],[-74.2042,40.5891],[-74.2045,40.5892],[-74.2046,40.5893],[-74.2042,40.5896],[-74.2039,40.5898],[-74.2027,40.5907],[-74.2026,40.5907],[-74.2025,40.5906],[-74.2025,40.5906],[-74.2024,40.5906],[-74.2023,40.5907],[-74.2022,40.5907],[-74.2021,40.5909],[-74.202,40.591],[-74.2021,40.5912],[-74.2021,40.5912],[-74.2021,40.5912],[-74.2021,40.5912],[-74.2021,40.5913],[-74.2021,40.5913],[-74.2021,40.5913],[-74.202,40.5913],[-74.2019,40.5914],[-74.2019,40.5914],[-74.2018,40.5915],[-74.2018,40.5916],[-74.2018,40.5916],[-74.2019,40.5917],[-74.202,40.5917],[-74.2019,40.5918],[-74.2017,40.5921],[-74.2013,40.5925],[-74.2008,40.5928],[-74.2006,40.5928],[-74.2005,40.5928],[-74.2004,40.5928],[-74.2004,40.5929],[-74.2004,40.593],[-74.2003,40.5931],[-74.2002,40.5932],[-74.2,40.5933],[-74.1998,40.5935],[-74.1997,40.5937],[-74.1995,40.5939],[-74.1994,40.5941],[-74.1994,40.5942],[-74.1995,40.5942],[-74.1995,40.5942],[-74.1995,40.5942],[-74.1995,40.5943],[-74.1995,40.5943],[-74.1995,40.5943],[-74.1994,40.5944],[-74.1994,40.5944],[-74.1993,40.5945],[-74.199,40.5947],[-74.1989,40.5949],[-74.1989,40.5949],[-74.1988,40.595],[-74.1988,40.595],[-74.1987,40.5951],[-74.1987,40.5952],[-74.1986,40.5953],[-74.1986,40.5954],[-74.1986,40.5955],[-74.1985,40.5956],[-74.1985,40.5957],[-74.1984,40.5958],[-74.1983,40.5959],[-74.1982,40.596],[-74.1982,40.5961],[-74.1981,40.5962],[-74.198,40.5963],[-74.198,40.5963],[-74.198,40.5964],[-74.1979,40.5965],[-74.1979,40.5966],[-74.1978,40.5966],[-74.1977,40.5967],[-74.1976,40.5968],[-74.1976,40.5968],[-74.1976,40.5968],[-74.1975,40.5973],[-74.1975,40.5974],[-74.1975,40.5974],[-74.1975,40.5976],[-74.1975,40.5977],[-74.1975,40.5977],[-74.1974,40.5978],[-74.1974,40.5978],[-74.1973,40.5979],[-74.1973,40.598],[-74.1973,40.5981],[-74.1974,40.5982],[-74.1974,40.5985],[-74.1973,40.5986],[-74.1974,40.5987],[-74.1973,40.5987],[-74.1971,40.5986],[-74.197,40.5986],[-74.197,40.5987],[-74.1971,40.5988],[-74.1972,40.5989],[-74.197,40.599],[-74.1971,40.5998],[-74.1984,40.6009],[-74.1992,40.6024],[-74.2014,40.6046],[-74.2028,40.6083],[-74.2027,40.6098],[-74.2024,40.6133],[-74.2005,40.6163],[-74.2007,40.617],[-74.2008,40.6171],[-74.2008,40.6171],[-74.2008,40.6172],[-74.2008,40.6173],[-74.2009,40.6174],[-74.2009,40.6175],[-74.2009,40.6177],[-74.2009,40.6178],[-74.2009,40.6178],[-74.2009,40.6179],[-74.2009,40.618],[-74.2009,40.618],[-74.2009,40.6181],[-74.2008,40.6181],[-74.2008,40.6181],[-74.2007,40.618],[-74.2006,40.618],[-74.2006,40.618],[-74.2005,40.618],[-74.2004,40.6181],[-74.2004,40.6182],[-74.2004,40.6183],[-74.2004,40.6184],[-74.2004,40.6185],[-74.2005,40.6186],[-74.2006,40.6187],[-74.2008,40.6187],[-74.2008,40.6188],[-74.2008,40.6189],[-74.2007,40.6189],[-74.2007,40.619],[-74.2007,40.6191],[-74.2007,40.6192],[-74.2007,40.6193],[-74.2008,40.6194],[-74.2008,40.6195],[-74.2008,40.6196],[-74.2009,40.6197],[-74.201,40.6198],[-74.201,40.6199],[-74.201,40.62],[-74.201,40.6201],[-74.201,40.6201],[-74.201,40.6201],[-74.201,40.6202],[-74.201,40.6203],[-74.201,40.6204],[-74.2011,40.6204],[-74.2011,40.6204],[-74.2009,40.6204],[-74.2008,40.6204],[-74.2006,40.6203],[-74.2005,40.6203],[-74.2005,40.6203],[-74.2005,40.6204],[-74.2005,40.6204],[-74.2005,40.6205],[-74.2004,40.6205],[-74.2005,40.6206],[-74.2006,40.6206],[-74.2007,40.6206],[-74.2008,40.6206],[-74.2009,40.6206],[-74.2009,40.6207],[-74.2009,40.6207],[-74.2009,40.6207],[-74.201,40.6208],[-74.201,40.6209],[-74.2011,40.621],[-74.2011,40.6211],[-74.2011,40.6211],[-74.2011,40.6212],[-74.2012,40.6213],[-74.2012,40.6214],[-74.2012,40.6215],[-74.2013,40.6216],[-74.2014,40.6216],[-74.2014,40.6216],[-74.2014,40.6217],[-74.2013,40.6217],[-74.2013,40.6217],[-74.2013,40.6219],[-74.2013,40.6219],[-74.2013,40.622],[-74.2012,40.6221],[-74.2012,40.6222],[-74.2013,40.6223],[-74.2013,40.6224],[-74.2013,40.6225],[-74.2013,40.6226],[-74.2013,40.6227],[-74.2013,40.6227],[-74.2015,40.6227],[-74.2015,40.6227],[-74.2016,40.6228],[-74.2016,40.6229],[-74.2016,40.623],[-74.2016,40.6231],[-74.2016,40.6232],[-74.2016,40.6233],[-74.2016,40.6235],[-74.2016,40.6235],[-74.2014,40.6235],[-74.2013,40.6236],[-74.2013,40.6236],[-74.2014,40.6237],[-74.2014,40.6237],[-74.2013,40.6238],[-74.2012,40.6239],[-74.2011,40.624],[-74.2011,40.6241],[-74.2011,40.6242],[-74.2011,40.6243],[-74.2011,40.6244],[-74.2011,40.6245],[-74.2011,40.6246],[-74.2011,40.6247],[-74.2011,40.6249],[-74.201,40.625],[-74.201,40.6251],[-74.201,40.6252],[-74.201,40.6253],[-74.201,40.6254],[-74.201,40.6254],[-74.2011,40.6255],[-74.2011,40.6256],[-74.2011,40.6257],[-74.2011,40.6258],[-74.2011,40.626],[-74.2011,40.6261],[-74.2012,40.6261],[-74.2012,40.6261],[-74.2014,40.6262],[-74.2008,40.6293],[-74.2006,40.6296],[-74.2006,40.6296],[-74.2005,40.6297],[-74.2004,40.6298],[-74.2004,40.6299],[-74.2004,40.63],[-74.2004,40.6301],[-74.2004,40.6302],[-74.2004,40.6303],[-74.2004,40.6304],[-74.2004,40.6305],[-74.2003,40.6307],[-74.2003,40.6308],[-74.2003,40.6309],[-74.2003,40.631],[-74.2002,40.6311],[-74.2002,40.6312],[-74.2002,40.6313],[-74.2002,40.6313],[-74.2002,40.6314],[-74.2001,40.6315],[-74.2,40.6316],[-74.1999,40.6317],[-74.1998,40.6318],[-74.1997,40.6319],[-74.1996,40.6319],[-74.1989,40.6325],[-74.1987,40.6327],[-74.1985,40.6328],[-74.1985,40.6328],[-74.1984,40.6329],[-74.1983,40.633],[-74.1984,40.633],[-74.1984,40.6331],[-74.1984,40.6331],[-74.1983,40.6332],[-74.1982,40.6332],[-74.198,40.6333],[-74.1979,40.6332],[-74.1978,40.6332],[-74.1977,40.6331],[-74.1976,40.6331],[-74.1975,40.6332],[-74.1975,40.6332],[-74.1973,40.6333],[-74.1973,40.6333],[-74.1973,40.6334],[-74.1972,40.6335],[-74.1972,40.6336],[-74.1973,40.6337],[-74.1973,40.6338],[-74.1972,40.6339],[-74.1971,40.634],[-74.197,40.6339],[-74.1969,40.6339],[-74.1968,40.634],[-74.1968,40.634],[-74.1966,40.634],[-74.1965,40.6341],[-74.1964,40.6342],[-74.1964,40.6343],[-74.1964,40.6344],[-74.1964,40.6345],[-74.1963,40.6346],[-74.1962,40.6347],[-74.1962,40.6348],[-74.1961,40.6348],[-74.196,40.6349],[-74.196,40.635],[-74.196,40.635],[-74.1958,40.6351],[-74.1956,40.635],[-74.1925,40.6334],[-74.1926,40.6334],[-74.1946,40.6325],[-74.1959,40.6315],[-74.1974,40.6324],[-74.1958,40.6314],[-74.1945,40.6308],[-74.1931,40.6308],[-74.1924,40.6308],[-74.1923,40.6296],[-74.1923,40.6286],[-74.1913,40.6283],[-74.1903,40.629],[-74.1895,40.6306],[-74.1891,40.6305],[-74.1884,40.629],[-74.1877,40.6294],[-74.186,40.6291],[-74.1852,40.6285],[-74.1849,40.6278],[-74.1824,40.6275],[-74.1801,40.6265],[-74.1797,40.6263],[-74.1792,40.6259],[-74.1791,40.6257],[-74.179,40.6255],[-74.1788,40.6251],[-74.1779,40.6249],[-74.1777,40.6249],[-74.1773,40.6243],[-74.1768,40.6235],[-74.1766,40.6228],[-74.1765,40.6221],[-74.1765,40.6219],[-74.1765,40.6218],[-74.1765,40.6216],[-74.1766,40.621],[-74.1774,40.6184],[-74.1782,40.6159],[-74.1804,40.6122],[-74.1795,40.612],[-74.1794,40.6124],[-74.1792,40.6129],[-74.179,40.6134],[-74.1784,40.6142],[-74.1778,40.6153],[-74.176,40.618],[-74.1756,40.6185],[-74.1752,40.6189],[-74.1748,40.6192],[-74.1744,40.6194],[-74.174,40.6197],[-74.1736,40.6199],[-74.173,40.6201],[-74.1724,40.6203],[-74.1717,40.6205],[-74.171,40.6206],[-74.1703,40.6206],[-74.1695,40.6206],[-74.1689,40.621],[-74.1685,40.621],[-74.1677,40.6208],[-74.166,40.6201],[-74.1648,40.6197],[-74.1646,40.6199],[-74.1652,40.6209],[-74.165,40.6216],[-74.1642,40.6219],[-74.1626,40.6216],[-74.1584,40.6218],[-74.1513,40.6214],[-74.1507,40.6218],[-74.15,40.6224],[-74.1496,40.6228],[-74.1494,40.6229],[-74.1493,40.6231],[-74.1492,40.6233],[-74.1491,40.6235],[-74.1488,40.6251],[-74.1463,40.6249],[-74.1465,40.6242],[-74.1471,40.623],[-74.1475,40.6225],[-74.1477,40.6221],[-74.1483,40.6215],[-74.1486,40.6212],[-74.1492,40.6205],[-74.1498,40.6199],[-74.1504,40.6194],[-74.1509,40.6188],[-74.1517,40.618],[-74.1521,40.6175],[-74.1516,40.6175],[-74.1512,40.618],[-74.1508,40.6184],[-74.1499,40.6194],[-74.1479,40.6213],[-74.1474,40.6207],[-74.145,40.6202],[-74.1447,40.6199],[-74.1448,40.619],[-74.1453,40.6187],[-74.1454,40.6186],[-74.1473,40.6171],[-74.146,40.617],[-74.1442,40.6169],[-74.1423,40.6166],[-74.1416,40.6165],[-74.1412,40.618],[-74.1415,40.6189],[-74.1419,40.6199],[-74.1418,40.6208],[-74.1403,40.6214],[-74.1394,40.6213],[-74.1386,40.6218],[-74.1376,40.6216],[-74.1367,40.6215],[-74.1356,40.623],[-74.1339,40.6221],[-74.1326,40.6229],[-74.1321,40.6227],[-74.1304,40.6218],[-74.1305,40.6226],[-74.1286,40.6237],[-74.1262,40.6229],[-74.1247,40.6237],[-74.122,40.6241],[-74.1215,40.6229],[-74.1201,40.6217],[-74.1196,40.6214],[-74.1194,40.6208],[-74.1191,40.6201],[-74.1187,40.6195],[-74.1182,40.6185],[-74.1149,40.6182],[-74.1147,40.6181],[-74.1146,40.618],[-74.1144,40.6166],[-74.1144,40.6152],[-74.114,40.6138],[-74.1134,40.6138],[-74.1132,40.613],[-74.1131,40.6128],[-74.1129,40.6127],[-74.1132,40.6127],[-74.1139,40.6116],[-74.1111,40.6106],[-74.1105,40.6104],[-74.11,40.6102],[-74.1133,40.604],[-74.1149,40.6021],[-74.1168,40.6019],[-74.1167,40.6005],[-74.1166,40.5991],[-74.1178,40.5984],[-74.1195,40.599],[-74.1195,40.6004],[-74.1196,40.6018],[-74.1206,40.601],[-74.1206,40.6009],[-74.1207,40.6007],[-74.1226,40.5995],[-74.123,40.5988],[-74.1263,40.5935],[-74.1262,40.5915],[-74.1262,40.5912],[-74.1263,40.5909],[-74.1266,40.5906],[-74.1271,40.5901],[-74.1277,40.5895],[-74.1278,40.5894],[-74.1279,40.5892],[-74.1279,40.589],[-74.1277,40.5876],[-74.1278,40.5875],[-74.1279,40.5874],[-74.1291,40.5864],[-74.1291,40.5862],[-74.1289,40.5854],[-74.1291,40.5842],[-74.1292,40.5839],[-74.1294,40.5837],[-74.1305,40.5829],[-74.1307,40.583],[-74.131,40.5832],[-74.1312,40.5833],[-74.1315,40.5835],[-74.1318,40.5836],[-74.1321,40.5836],[-74.1324,40.5836],[-74.1326,40.5837],[-74.1328,40.5838],[-74.1331,40.5839],[-74.1333,40.584],[-74.1334,40.5842],[-74.1336,40.5843],[-74.1337,40.5844],[-74.1337,40.5846],[-74.1337,40.5847],[-74.1337,40.5849],[-74.1337,40.585],[-74.1336,40.5852],[-74.1335,40.5856],[-74.1335,40.5857],[-74.1335,40.5859],[-74.1336,40.586],[-74.1337,40.5861],[-74.1341,40.5864],[-74.1417,40.5887],[-74.1442,40.5886],[-74.1459,40.5879],[-74.1462,40.5867],[-74.1466,40.5858],[-74.1473,40.5853],[-74.1479,40.5848],[-74.1485,40.5843],[-74.1496,40.5834],[-74.1525,40.5806],[-74.1529,40.5803],[-74.1542,40.5796],[-74.1573,40.5778],[-74.1592,40.5768],[-74.1618,40.5753],[-74.1638,40.5742],[-74.1667,40.5726],[-74.1697,40.5709],[-74.1698,40.5707],[-74.1697,40.5696],[-74.1696,40.5683],[-74.1697,40.5669],[-74.1697,40.5665]],[[-74.1785,40.6153],[-74.1786,40.6153],[-74.1785,40.6153],[-74.1785,40.6153]]]]}},{"type":"Feature","id":"10456","properties":{"modzcta":"10456"},"geometry":{"type":"MultiPolygon","coordinates":[[[[-73.9119,40.8202],[-73.9117,40.8206],[-73.9115,40.8209],[-73.9101,40.8206],[-73.9095,40.8224],[-73.9094,40.8229],[-73.9091,40.8234],[-73.9099,40.8245],[-73.9113,40.8248],[-73.9117,40.8278],[-73.912,40.8279],[-73.9136,40.8269],[-73.9153,40.8265],[-73.9175,40.8273],[-73.9193,40.8278],[-73.9196,40.8291],[-73.9189,40.8303],[-73.9203,40.8308],[-73.9199,40.8319],[-73.919,40.8331],[-73.9178,40.8344],[-73.9177,40.8345],[-73.9176,40.8346],[-73.9167,40.8356],[-73.9159,40.8364],[-73.9148,40.8375],[-73.9138,40.8386],[-73.9137,40.8388],[-73.913,40.8398],[-73.9127,40.8384],[-73.9123,40.8382],[-73.9114,40.8379],[-73.9099,40.8387],[-73.9096,40.8371],[-73.9081,40.8371],[-73.908,40.8372],[-73.9079,40.8372],[-73.9078,40.8373],[-73.9076,40.8377],[-73.9074,40.8378],[-73.9072,40.8379],[-73.907,40.8381],[-73.9068,40.8383],[-73.9067,40.8384],[-73.9065,40.8387],[-73.9058,40.8396],[-73.9056,40.8398],[-73.906,40.8385],[-73.9048,40.8382],[-73.9045,40.838],[-73.9029,40.8375],[-73.9025,40.8374],[-73.9011,40.8368],[-73.9012,40.8355],[-73.8996,40.835],[-73.8981,40.8346],[-73.8968,40.8341],[-73.8968,40.8333],[-73.899,40.832],[-73.8987,40.8308],[-73.8986,40.8302],[-73.8988,40.8301],[-73.899,40.8296],[-73.8998,40.8277],[-73.8999,40.8274],[-73.9004,40.8263],[-73.9005,40.826],[-73.9018,40.8229],[-73.902,40.8224],[-73.903,40.82],[-73.9035,40.8187],[-73.9053,40.8179],[-73.907,40.8183],[-73.9076,40.8185],[-73.9088,40.8188],[-73.9106,40.8192],[-73.9115,40.8202],[-73.9119,40.8202],[-73.9119,40.8202]]]]}},{"type":"Feature","id":"10452","properties":{"modzcta":"10452"},"geometry":{"type":"MultiPolygon","coordinates":[[[[-73.9331,40.8282],[-73.9333,40.83],[-73.9335,40.8312],[-73.9336,40.8328],[-73.9336,40.8329],[-73.9335,40.8331],[-73.9335,40.8333],[-73.9335,40.8335],[-73.9332,40.8348],[-73.9331,40.8352],[-73.9327,40.8365],[-73.9319,40.8376],[-73.931,40.8393],[-73.9308,40.8394],[-73.9307,40.8396],[-73.9307,40.8397],[-73.9306,40.8399],[-73.9305,40.84],[-73.9305,40.8405],[-73.9304,40.8406],[-73.9296,40.8421],[-73.9294,40.8425],[-73.9292,40.8432],[-73.9283,40.845],[-73.9281,40.8454],[-73.9278,40.8453],[-73.9271,40.8451],[-73.9268,40.8451],[-73.9266,40.845],[-73.9253,40.8448],[-73.9248,40.8448],[-73.9235,40.8448],[-73.9226,40.8448],[-73.9225,40.845],[-73.9225,40.8452],[-73.9222,40.8456],[-73.9219,40.8459],[-73.9215,40.8462],[-73.921,40.8465],[-73.9197,40.8461],[-73.9182,40.8462],[-73.9169,40.8465],[-73.9171,40.8457],[-73.9169,40.8454],[-73.9167,40.8454],[-73.9165,40.8455],[-73.9162,40.8456],[-73.9161,40.8457],[-73.9159,40.8459],[-73.9157,40.8459],[-73.9154,40.846],[-73.9152,40.8459],[-73.9148,40.8458],[-73.9141,40.8452],[-73.9138,40.8452],[-73.9134,40.8452],[-73.9126,40.8452],[-73.9114,40.8451],[-73.911,40.8451],[-73.9113,40.8448],[-73.9115,40.8444],[-73.9117,40.8439],[-73.9119,40.8432],[-73.9122,40.8424],[-73.9125,40.8416],[-73.9127,40.8409],[-73.913,40.8402],[-73.9137,40.8388],[-73.9138,40.8386],[-73.9148,40.8375],[-73.9159,40.8364],[-73.9167,40.8356],[-73.9176,40.8346],[-73.9177,40.8345],[-73.9178,40.8344],[-73.919,40.8331],[-73.9199,40.8319],[-73.9208,40.8302],[-73.9212,40.8296],[-73.9217,40.8286],[-73.9221,40.8279],[-73.9223,40.8274],[-73.9226,40.8268],[-73.9229,40.8269],[-73.924,40.8272],[-73.9259,40.8278],[-73.9268,40.8281],[-73.9271,40.8282],[-73.9275,40.8284],[-73.9288,40.8292],[-73.9292,40.8289],[-73.9297,40.8287],[-73.9303,40.8285],[-73.931,40.8283],[-73.9312,40.8283],[-73.9314,40.8283],[-73.9321,40.8282],[-73.9329,40.8282],[-73.9331,40.8282],[-73.9331,40.8282]]]]}},{"type":"Feature","id":"10453","properties":{"modzcta":"10453"},"geometry":{"type":"MultiPolygon","coordinates":[[[[-73.9281,40.8454],[-73.9279,40.8456],[-73.9276,40.846],[-73.9275,40.8461],[-73.9274,40.8463],[-73.9274,40.8464],[-73.9273,40.8465],[-73.9272,40.8466],[-73.927,40.8468],[-73.9269,40.847],[-73.9269,40.8472],[-73.9268,40.8473],[-73.9268,40.8473],[-73.9266,40.8474],[-73.9265,40.8476],[-73.9264,40.8477],[-73.9262,40.848],[-73.926,40.8481],[-73.9259,40.8483],[-73.9258,40.8484],[-73.9247,40.8498],[-73.9242,40.8506],[-73.9238,40.8512],[-73.9235,40.8518],[-73.9226,40.8532],[-73.9215,40.8541],[-73.9215,40.8545],[-73.9208,40.8554],[-73.9203,40.8552],[-73.9206,40.8556],[-73.9204,40.8557],[-73.9203,40.8558],[-73.92,40.8563],[-73.919,40.8574],[-73.9179,40.857],[-73.9174,40.8571],[-73.9174,40.8567],[-73.9174,40.8563],[-73.9174,40.8561],[-73.9173,40.856],[-73.9172,40.8568],[-73.9171,40.8572],[-73.9169,40.8575],[-73.9168,40.8578],[-73.9166,40.8581],[-73.9151,40.8592],[-73.9133,40.8596],[-73.9129,40.8599],[-73.9124,40.8601],[-73.9119,40.8603],[-73.9115,40.8604],[-73.9111,40.8605],[-73.9109,40.8606],[-73.9106,40.8605],[-73.9104,40.8603],[-73.9102,40.8602],[-73.91,40.8601],[-73.9098,40.8601],[-73.9097,40.8602],[-73.9095,40.8603],[-73.9093,40.8603],[-73.9092,40.8603],[-73.9091,40.8603],[-73.9079,40.8597],[-73.9073,40.8594],[-73.9068,40.8594],[-73.9049,40.8587],[-73.9037,40.8587],[-73.9019,40.8581],[-73.9001,40.8575],[-73.9,40.8573],[-73.9005,40.8565],[-73.9008,40.856],[-73.9012,40.8555],[-73.9015,40.855],[-73.9024,40.8539],[-73.9031,40.8531],[-73.9036,40.8525],[-73.9036,40.8524],[-73.9037,40.8523],[-73.9042,40.8517],[-73.9045,40.8513],[-73.9051,40.8505],[-73.9056,40.8499],[-73.906,40.8495],[-73.906,40.8494],[-73.9062,40.8493],[-73.9075,40.8478],[-73.9082,40.8473],[-73.9088,40.8469],[-73.9095,40.8464],[-73.9106,40.8455],[-73.911,40.8451],[-73.9114,40.8451],[-73.9126,40.8452],[-73.9134,40.8452],[-73.9138,40.8452],[-73.9141,40.8452],[-73.9148,40.8458],[-73.9152,40.8459],[-73.9154,40.846],[-73.9157,40.8459],[-73.9159,40.8459],[-73.9161,40.8457],[-73.9162,40.8456],[-73.9165,40.8455],[-73.9167,40.8454],[-73.9169,40.8454],[-73.9171,40.8457],[-73.9169,40.8465],[-73.9182,40.8462],[-73.9197,40.8461],[-73.921,40.8465],[-73.9215,40.8462],[-73.9219,40.8459],[-73.9222,40.8456],[-73.9225,40.8452],[-73.9225,40.845],[-73.9226,40.8448],[-73.9235,40.8448],[-73.9248,40.8448],[-73.9253,40.8448],[-73.9266,40.845],[-73.9268,40.8451],[-73.9271,40.8451],[-73.9278,40.8453],[-73.9281,40.8454],[-73.9281,40.8454]]]]}},{"type":"Feature","id":"10454","properties":{"modzcta":"10454"},"geometry":{"type":"MultiPolygon","coordinates":[[[[-73.9318,40.8079],[-73.9314,40.808],[-73.9308,40.8084],[-73.9295,40.8093],[-73.9294,40.8094],[-73.9293,40.8095],[-73.9288,40.8099],[-73.9279,40.8106],[-73.9271,40.8109],[-73.9264,40.8115],[-73.9256,40.8119],[-73.9252,40.8121],[-73.9247,40.8124],[-73.9242,40.8126],[-73.924,40.8127],[-73.9237,40.8129],[-73.9221,40.8137],[-73.9206,40.8131],[-73.9197,40.8135],[-73.919,40.8136],[-73.9169,40.8124],[-73.9157,40.8121],[-73.9156,40.812],[-73.9148,40.8118],[-73.9145,40.8117],[-73.9146,40.8114],[-73.9147,40.8112],[-73.9149,40.8109],[-73.9152,40.8104],[-73.9137,40.8101],[-73.9135,40.8101],[-73.9133,40.8099],[-73.9133,40.8098],[-73.9133,40.8097],[-73.9116,40.8091],[-73.9105,40.8094],[-73.9094,40.8095],[-73.9075,40.8091],[-73.9062,40.8088],[-73.9062,40.8076],[-73.9062,40.8073],[-73.906,40.8074],[-73.903,40.8095],[-73.9029,40.8091],[-73.9022,40.8049],[-73.9022,40.8049],[-73.9022,40.8049],[-73.9022,40.8049],[-73.9022,40.8048],[-73.9023,40.8047],[-73.9023,40.8046],[-73.9028,40.8043],[-73.9029,40.8042],[-73.9031,40.804],[-73.9032,40.8039],[-73.9033,40.8039],[-73.9034,40.8039],[-73.9036,40.8038],[-73.9037,40.8038],[-73.9037,40.8038],[-73.9038,40.8038],[-73.9038,40.8037],[-73.9039,40.8037],[-73.9039,40.8036],[-73.904,40.8036],[-73.9041,40.8035],[-73.9044,40.8033],[-73.9045,40.8032],[-73.9045,40.8032],[-73.9046,40.8031],[-73.9047,40.803],[-73.9048,40.8029],[-73.905,40.8027],[-73.905,40.8026],[-73.9051,40.8026],[-73.9051,40.8025],[-73.9052,40.8024],[-73.9052,40.8023],[-73.9054,40.8022],[-73.9055,40.8021],[-73.9055,40.8021],[-73.9058,40.8018],[-73.9061,40.8016],[-73.9065,40.8012],[-73.9067,40.801],[-73.9067,40.8009],[-73.9068,40.8007],[-73.9073,40.8002],[-73.9074,40.8001],[-73.9074,40.8],[-73.9075,40.8],[-73.9075,40.8],[-73.9076,40.7999],[-73.9076,40.7999],[-73.9078,40.7998],[-73.9079,40.7996],[-73.908,40.7996],[-73.9081,40.7996],[-73.9082,40.7995],[-73.9082,40.7994],[-73.9082,40.7994],[-73.9084,40.7994],[-73.9085,40.7993],[-73.9084,40.7992],[-73.9083,40.7991],[-73.9082,40.7991],[-73.9083,40.799],[-73.9096,40.7979],[-73.9097,40.798],[-73.9098,40.7979],[-73.9099,40.7979],[-73.91,40.7978],[-73.9101,40.7976],[-73.9105,40.7973],[-73.9107,40.7972],[-73.9109,40.797],[-73.911,40.797],[-73.9111,40.7969],[-73.9113,40.7968],[-73.9115,40.7967],[-73.9117,40.7966],[-73.9118,40.7966],[-73.9119,40.7966],[-73.912,40.7966],[-73.9121,40.7967],[-73.9122,40.7967],[-73.9127,40.7967],[-73.9132,40.7968],[-73.9137,40.7968],[-73.9162,40.7978],[-73.9189,40.7989],[-73.9191,40.799],[-73.9202,40.7996],[-73.9208,40.8003],[-73.9213,40.8013],[-73.922,40.8019],[-73.9229,40.8024],[-73.9242,40.8025],[-73.927,40.8025],[-73.9275,40.8029],[-73.9274,40.8033],[-73.9276,40.804],[-73.9279,40.804],[-73.9284,40.804],[-73.9285,40.8042],[-73.9301,40.8059],[-73.9305,40.8065],[-73.9312,40.8071],[-73.9318,40.8078],[-73.9318,40.8079]]]]}},{"type":"Feature","id":"10455","properties":{"modzcta":"10455"},"geometry":{"type":"MultiPolygon","coordinates":[[[[-73.9221,40.8137],[-73.9212,40.8142],[-73.9203,40.8146],[-73.9199,40.8159],[-73.9192,40.8172],[-73.9171,40.8175],[-73.9186,40.8187],[-73.9182,40.8196],[-73.9182,40.8197],[-73.9181,40.8198],[-73.9177,40.8206],[-73.9176,40.8209],[-73.9156,40.8208],[-73.9131,40.8201],[-73.9119,40.8202],[-73.9115,40.8202],[-73.9106,40.8192],[-73.9088,40.8188],[-73.9076,40.8185],[-73.907,40.8183],[-73.9053,40.8179],[-73.9035,40.8187],[-73.903,40.82],[-73.9017,40.8195],[-73.9009,40.8178],[-73.9,40.8186],[-73.8993,40.8181],[-73.8978,40.8172],[-73.8962,40.8163],[-73.8954,40.8158],[-73.8953,40.8158],[-73.8951,40.8157],[-73.8965,40.8142],[-73.8964,40.8142],[-73.8976,40.8132],[-73.8987,40.8124],[-73.9004,40.8112],[-73.9018,40.8102],[-73.9025,40.8097],[-73.903,40.8095],[-73.906,40.8074],[-73.9062,40.8073],[-73.9062,40.8076],[-73.9062,40.8088],[-73.9075,40.8091],[-73.9094,40.8095],[-73.9105,40.8094],[-73.9116,40.8091],[-73.9133,40.8097],[-73.9133,40.8098],[-73.9133,40.8099],[-73.9135,40.8101],[-73.9137,40.8101],[-73.9152,40.8104],[-73.9149,40.8109],[-73.9147,40.8112],[-73.9146,40.8114],[-73.9145,40.8117],[-73.9148,40.8118],[-73.9156,40.812],[-73.9157,40.8121],[-73.9169,40.8124],[-73.919,40.8136],[-73.9197,40.8135],[-73.9206,40.8131],[-73.9221,40.8137],[-73.9221,40.8137]]]]}},{"type":"Feature","id":"10457","properties":{"modzcta":"10457"},"geometry":{"type":"MultiPolygon","coordinates":[[[[-73.8922,40.841],[-73.8941,40.8422],[-73.8949,40.8427],[-73.8951,40.8428],[-73.8954,40.8429],[-73.8948,40.8437],[-73.8946,40.8439],[-73.8929,40.8463],[-73.8936,40.8464],[-73.8941,40.8465],[-73.8954,40.8465],[-73.8968,40.8454],[-73.8975,40.844],[-73.8975,40.8439],[-73.8971,40.8437],[-73.8967,40.8435],[-73.8983,40.8407],[-73.9,40.8377],[-73.9001,40.8373],[-73.9002,40.8372],[-73.9003,40.8371],[-73.9004,40.8369],[-73.9011,40.8368],[-73.9025,40.8374],[-73.9029,40.8375],[-73.9045,40.838],[-73.9048,40.8382],[-73.906,40.8385],[-73.9056,40.8398],[-73.9054,40.8403],[-73.9052,40.8407],[-73.905,40.8423],[-73.9051,40.8425],[-73.906,40.8426],[-73.9077,40.8427],[-73.9096,40.8428],[-73.9094,40.8413],[-73.9091,40.8399],[-73.9089,40.8394],[-73.9089,40.8389],[-73.9089,40.8384],[-73.909,40.8379],[-73.9092,40.8375],[-73.9093,40.8373],[-73.9095,40.8372],[-73.9096,40.8371],[-73.9099,40.8387],[-73.9114,40.8379],[-73.9123,40.8382],[-73.9127,40.8384],[-73.913,40.8398],[-73.913,40.8402],[-73.9127,40.8409],[-73.9125,40.8416],[-73.9122,40.8424],[-73.9119,40.8432],[-73.9117,40.8439],[-73.9115,40.8444],[-73.9113,40.8448],[-73.911,40.8451],[-73.9106,40.8455],[-73.9095,40.8464],[-73.9088,40.8469],[-73.9082,40.8473],[-73.9075,40.8478],[-73.9062,40.8493],[-73.906,40.8494],[-73.906,40.8495],[-73.9056,40.8499],[-73.9051,40.8505],[-73.9045,40.8513],[-73.9042,40.8517],[-73.9037,40.8523],[-73.9036,40.8524],[-73.9036,40.8525],[-73.9031,40.8531],[-73.9024,40.8539],[-73.9015,40.855],[-73.9012,40.8555],[-73.9008,40.856],[-73.9005,40.8565],[-73.9,40.8573],[-73.8998,40.8574],[-73.8982,40.8568],[-73.8975,40.8562],[-73.8963,40.8557],[-73.8963,40.8557],[-73.8962,40.8557],[-73.896,40.8556],[-73.8956,40.8562],[-73.8946,40.8559],[-73.8931,40.8552],[-73.8918,40.8546],[-73.8907,40.8544],[-73.89,40.8542],[-73.8896,40.8532],[-73.8881,40.8527],[-73.888,40.851],[-73.8872,40.8511],[-73.8869,40.8512],[-73.8867,40.8512],[-73.8865,40.8512],[-73.8864,40.8513],[-73.8862,40.8512],[-73.886,40.8512],[-73.8855,40.852],[-73.8838,40.8515],[-73.8845,40.85],[-73.886,40.8479],[-73.8873,40.8463],[-73.888,40.8455],[-73.889,40.8444],[-73.89,40.8432],[-73.8904,40.8428],[-73.8905,40.8427],[-73.8922,40.841],[-73.8922,40.841]]]]}},{"type":"Feature","id":"10458","properties":{"modzcta":"10458"},"geometry":{"type":"MultiPolygon","coordinates":[[[[-73.9,40.8574],[-73.8988,40.8593],[-73.8986,40.8598],[-73.8982,40.8604],[-73.8977,40.8614],[-73.8958,40.8642],[-73.895,40.8652],[-73.8944,40.866],[-73.8944,40.8661],[-73.8943,40.8662],[-73.894,40.8666],[-73.8937,40.867],[-73.8924,40.8686],[-73.8919,40.8693],[-73.8916,40.8697],[-73.8912,40.87],[-73.8904,40.8705],[-73.8895,40.871],[-73.8887,40.8715],[-73.8879,40.872],[-73.8878,40.8722],[-73.8875,40.8725],[-73.8871,40.8734],[-73.8865,40.8746],[-73.8865,40.8748],[-73.8861,40.8755],[-73.8859,40.876],[-73.8856,40.8766],[-73.8854,40.8771],[-73.8852,40.8776],[-73.8849,40.8781],[-73.8847,40.8783],[-73.8839,40.877],[-73.8835,40.8763],[-73.8835,40.8761],[-73.8834,40.8758],[-73.8834,40.8754],[-73.8834,40.8739],[-73.8833,40.8736],[-73.8831,40.8732],[-73.8828,40.8729],[-73.8826,40.8726],[-73.8825,40.8723],[-73.8818,40.8723],[-73.8816,40.8719],[-73.8813,40.8711],[-73.881,40.8706],[-73.8808,40.87],[-73.8806,40.8697],[-73.8804,40.8692],[-73.8804,40.8692],[-73.8797,40.8681],[-73.8796,40.868],[-73.8795,40.868],[-73.8794,40.868],[-73.8792,40.868],[-73.8795,40.8677],[-73.8802,40.8673],[-73.8805,40.8672],[-73.8807,40.8671],[-73.8808,40.8669],[-73.8811,40.8667],[-73.8814,40.8665],[-73.8818,40.8664],[-73.8821,40.8664],[-73.8823,40.8663],[-73.8827,40.8661],[-73.8832,40.8658],[-73.8836,40.8655],[-73.8838,40.8653],[-73.8839,40.8651],[-73.884,40.8648],[-73.884,40.8646],[-73.8839,40.8643],[-73.882,40.862],[-73.881,40.8613],[-73.8808,40.861],[-73.8807,40.8609],[-73.8806,40.8606],[-73.8806,40.8604],[-73.881,40.8585],[-73.881,40.8583],[-73.881,40.8579],[-73.8809,40.8575],[-73.8807,40.8574],[-73.8786,40.8559],[-73.8784,40.8558],[-73.8776,40.8555],[-73.8774,40.8554],[-73.878,40.8556],[-73.8785,40.8558],[-73.8794,40.8563],[-73.8807,40.8571],[-73.8808,40.857],[-73.8807,40.8567],[-73.8817,40.8533],[-73.8833,40.8526],[-73.8847,40.8518],[-73.886,40.8512],[-73.8861,40.8512],[-73.8863,40.8513],[-73.8865,40.8513],[-73.8866,40.8512],[-73.8868,40.8512],[-73.8869,40.8511],[-73.8877,40.851],[-73.8872,40.8525],[-73.8889,40.853],[-73.8896,40.8536],[-73.8904,40.8547],[-73.8909,40.8541],[-73.8925,40.855],[-73.8944,40.8558],[-73.8948,40.8559],[-73.8958,40.856],[-73.8962,40.8556],[-73.8962,40.8557],[-73.8963,40.8557],[-73.8965,40.8558],[-73.8973,40.8565],[-73.8991,40.8571],[-73.9,40.8574],[-73.9,40.8574]]]]}},{"type":"Feature","id":"10459","properties":{"modzcta":"10459"},"geometry":{"type":"MultiPolygon","coordinates":[[[[-73.903,40.82],[-73.902,40.8224],[-73.9018,40.8229],[-73.9005,40.826],[-73.9004,40.8263],[-73.9,40.8271],[-73.8999,40.8275],[-73.8993,40.8289],[-73.8989,40.8299],[-73.8985,40.8299],[-73.8986,40.8305],[-73.8988,40.8317],[-73.898,40.8327],[-73.8963,40.8335],[-73.8951,40.8332],[-73.8944,40.8344],[-73.8941,40.8349],[-73.8931,40.8334],[-73.8917,40.8327],[-73.8907,40.8324],[-73.8889,40.8318],[-73.8872,40.8312],[-73.8856,40.8306],[-73.8855,40.8305],[-73.8854,40.8304],[-73.8853,40.8307],[-73.8852,40.8308],[-73.8852,40.8308],[-73.8852,40.8309],[-73.8852,40.8309],[-73.8852,40.8309],[-73.8852,40.8309],[-73.8852,40.8309],[-73.8851,40.8311],[-73.8845,40.8322],[-73.8847,40.8323],[-73.8837,40.8335],[-73.8836,40.8338],[-73.8834,40.8341],[-73.8832,40.8344],[-73.8829,40.8347],[-73.8827,40.8349],[-73.8825,40.835],[-73.8824,40.8352],[-73.8823,40.8353],[-73.8822,40.8355],[-73.882,40.8354],[-73.8814,40.8352],[-73.8812,40.8351],[-73.8801,40.8347],[-73.8806,40.834],[-73.8838,40.8299],[-73.8836,40.8295],[-73.8838,40.8283],[-73.8846,40.8253],[-73.8846,40.825],[-73.8844,40.823],[-73.8849,40.8229],[-73.8856,40.8228],[-73.887,40.8226],[-73.8872,40.8226],[-73.8873,40.8226],[-73.8874,40.8225],[-73.8876,40.8225],[-73.8883,40.822],[-73.8888,40.8217],[-73.8902,40.821],[-73.8907,40.8204],[-73.8909,40.8202],[-73.8913,40.8198],[-73.8933,40.8179],[-73.8949,40.8164],[-73.8954,40.8158],[-73.8962,40.8163],[-73.8978,40.8172],[-73.8993,40.8181],[-73.9,40.8186],[-73.9009,40.8178],[-73.9017,40.8195],[-73.903,40.82],[-73.903,40.82]]]]}},{"type":"Feature","id":"10460","properties":{"modzcta":"10460"},"geometry":{"type":"MultiPolygon","coordinates":[[[[-73.8963,40.8335],[-73.897,40.8343],[-73.8964,40.8346],[-73.8958,40.8349],[-73.8954,40.8352],[-73.895,40.8356],[-73.8947,40.8359],[-73.8943,40.8362],[-73.8939,40.8364],[-73.8934,40.8365],[-73.8913,40.8367],[-73.8909,40.8368],[-73.8906,40.8369],[-73.8884,40.8386],[-73.8866,40.8393],[-73.8881,40.8399],[-73.8894,40.8394],[-73.8922,40.841],[-73.8905,40.8427],[-73.8904,40.8428],[-73.89,40.8432],[-73.889,40.8444],[-73.888,40.8455],[-73.8873,40.8463],[-73.886,40.8479],[-73.8845,40.85],[-73.8838,40.8515],[-73.8827,40.8537],[-73.881,40.8556],[-73.8807,40.8568],[-73.8808,40.8571],[-73.8806,40.857],[-73.8786,40.8559],[-73.8784,40.8557],[-73.8777,40.8555],[-73.877,40.8554],[-73.877,40.8552],[-73.8771,40.8551],[-73.8772,40.8546],[-73.8769,40.8544],[-73.8764,40.8542],[-73.8761,40.8541],[-73.8756,40.8538],[-73.8752,40.8538],[-73.8751,40.8538],[-73.8748,40.8539],[-73.8747,40.8536],[-73.8743,40.8527],[-73.8749,40.8518],[-73.8752,40.8512],[-73.8753,40.851],[-73.8753,40.8509],[-73.8753,40.8508],[-73.8752,40.8507],[-73.8751,40.8502],[-73.8751,40.85],[-73.8751,40.8499],[-73.8752,40.8494],[-73.8753,40.8484],[-73.8754,40.8482],[-73.8755,40.8479],[-73.8759,40.8471],[-73.8762,40.8466],[-73.8764,40.846],[-73.8765,40.8454],[-73.8766,40.845],[-73.8767,40.8449],[-73.8768,40.8447],[-73.8772,40.8441],[-73.8782,40.8426],[-73.8769,40.8423],[-73.8768,40.8423],[-73.8746,40.8415],[-73.874,40.8425],[-73.8719,40.8437],[-73.8719,40.8435],[-73.8719,40.8433],[-73.8716,40.8434],[-73.8714,40.8436],[-73.8711,40.8438],[-73.8709,40.8441],[-73.8707,40.8443],[-73.8691,40.8451],[-73.8686,40.845],[-73.868,40.8448],[-73.8676,40.8443],[-73.8664,40.8435],[-73.8657,40.843],[-73.8647,40.8416],[-73.8639,40.84],[-73.8645,40.8378],[-73.8632,40.8355],[-73.8629,40.8343],[-73.8633,40.8344],[-73.865,40.8349],[-73.866,40.8352],[-73.8664,40.835],[-73.8665,40.835],[-73.8668,40.8348],[-73.869,40.8355],[-73.8707,40.8357],[-73.8721,40.8359],[-73.8731,40.8359],[-73.8739,40.836],[-73.874,40.836],[-73.8759,40.8362],[-73.8762,40.8362],[-73.8765,40.8362],[-73.8767,40.8362],[-73.8773,40.836],[-73.8775,40.8359],[-73.8777,40.8357],[-73.8779,40.8356],[-73.8781,40.8355],[-73.8787,40.835],[-73.8791,40.8346],[-73.8793,40.8344],[-73.8801,40.8347],[-73.8812,40.8351],[-73.8814,40.8352],[-73.882,40.8354],[-73.8822,40.8355],[-73.8823,40.8353],[-73.8824,40.8352],[-73.8825,40.835],[-73.8827,40.8349],[-73.8829,40.8347],[-73.8832,40.8344],[-73.8834,40.8341],[-73.8836,40.8338],[-73.8837,40.8335],[-73.8847,40.8323],[-73.8845,40.8322],[-73.8851,40.8311],[-73.8852,40.8309],[-73.8852,40.8309],[-73.8852,40.8309],[-73.8852,40.8309],[-73.8852,40.8309],[-73.8852,40.8308],[-73.8852,40.8308],[-73.8853,40.8307],[-73.8854,40.8304],[-73.8855,40.8305],[-73.8856,40.8306],[-73.8872,40.8312],[-73.8889,40.8318],[-73.8907,40.8324],[-73.8917,40.8327],[-73.8931,40.8334],[-73.8941,40.8349],[-73.8944,40.8344],[-73.8951,40.8332],[-73.8963,40.8335],[-73.8963,40.8335]]]]}},{"type":"Feature","id":"10461","properties":{"modzcta":"10461"},"geometry":{"type":"MultiPolygon","coordinates":[[[[-73.8327,40.8561],[-73.8329,40.8562],[-73.8331,40.8562],[-73.8332,40.8563],[-73.8333,40.8564],[-73.8333,40.8566],[-73.8332,40.8567],[-73.8328,40.8569],[-73.8326,40.8569],[-73.8325,40.8569],[-73.8323,40.8568],[-73.8323,40.8567],[-73.8323,40.8566],[-73.8324,40.8564],[-73.8327,40.8561]]],[[[-73.8428,40.8308],[-73.8446,40.8313],[-73.842,40.8331],[-73.841,40.834],[-73.84,40.8357],[-73.8432,40.8352],[-73.8453,40.8358],[-73.8456,40.8358],[-73.8457,40.836],[-73.8458,40.8362],[-73.8467,40.8368],[-73.8482,40.8378],[-73.8492,40.8385],[-73.8498,40.839],[-73.8505,40.8394],[-73.8517,40.8403],[-73.8529,40.8411],[-73.8533,40.8425],[-73.8552,40.843],[-73.8539,40.8433],[-73.852,40.8438],[-73.8511,40.8443],[-73.853,40.8453],[-73.8555,40.8485],[-73.8585,40.8524],[-73.8597,40.8539],[-73.8601,40.8547],[-73.8602,40.8549],[-73.861,40.8565],[-73.8619,40.8568],[-73.8618,40.8572],[-73.8618,40.8575],[-73.8588,40.8581],[-73.856,40.8582],[-73.8541,40.8583],[-73.8522,40.8585],[-73.8503,40.8587],[-73.8483,40.8587],[-73.8465,40.8586],[-73.8446,40.8584],[-73.8419,40.8581],[-73.84,40.8578],[-73.8382,40.8575],[-73.8368,40.8573],[-73.8369,40.857],[-73.835,40.8566],[-73.8347,40.8563],[-73.833,40.8561],[-73.8328,40.856],[-73.8327,40.8561],[-73.8321,40.8565],[-73.8313,40.8573],[-73.8307,40.858],[-73.8296,40.8594],[-73.8284,40.8608],[-73.8283,40.8608],[-73.8279,40.8607],[-73.8274,40.86],[-73.8272,40.8594],[-73.8272,40.8592],[-73.8272,40.859],[-73.8271,40.8591],[-73.8267,40.8581],[-73.8266,40.8577],[-73.8265,40.8569],[-73.8265,40.8566],[-73.8264,40.8565],[-73.8264,40.8562],[-73.8264,40.8559],[-73.8263,40.8556],[-73.8262,40.8548],[-73.8262,40.8543],[-73.8263,40.8536],[-73.8263,40.8533],[-73.8261,40.8531],[-73.8265,40.8517],[-73.8267,40.8513],[-73.8269,40.8507],[-73.827,40.8501],[-73.827,40.8495],[-73.8269,40.8489],[-73.8265,40.8478],[-73.8261,40.847],[-73.8255,40.8458],[-73.8251,40.8447],[-73.8251,40.8433],[-73.8256,40.8428],[-73.8258,40.8429],[-73.8261,40.8414],[-73.826,40.8407],[-73.826,40.84],[-73.8259,40.8381],[-73.8258,40.8369],[-73.8257,40.8364],[-73.8255,40.8361],[-73.8254,40.8358],[-73.8254,40.8355],[-73.8255,40.8352],[-73.8257,40.8348],[-73.826,40.8345],[-73.8262,40.8343],[-73.826,40.834],[-73.8282,40.8329],[-73.8297,40.832],[-73.8304,40.8316],[-73.8314,40.8311],[-73.8307,40.8317],[-73.8301,40.8321],[-73.8293,40.8328],[-73.8286,40.8336],[-73.8291,40.8343],[-73.8293,40.8345],[-73.8296,40.8346],[-73.8299,40.8348],[-73.8322,40.8353],[-73.8336,40.8346],[-73.8364,40.8358],[-73.8377,40.8354],[-73.8384,40.8351],[-73.8386,40.8359],[-73.8387,40.8376],[-73.8386,40.8391],[-73.8384,40.8407],[-73.8388,40.8408],[-73.8396,40.8405],[-73.8403,40.8395],[-73.8402,40.8391],[-73.8402,40.839],[-73.8401,40.8389],[-73.8401,40.8388],[-73.8401,40.8386],[-73.84,40.8383],[-73.8399,40.8378],[-73.8399,40.8376],[-73.8398,40.8369],[-73.8399,40.8367],[-73.8398,40.8361],[-73.8398,40.8356],[-73.8397,40.8354],[-73.8397,40.8352],[-73.8397,40.835],[-73.8397,40.8349],[-73.8396,40.8346],[-73.8395,40.8344],[-73.8396,40.834],[-73.8398,40.8337],[-73.8402,40.833],[-73.8411,40.8323],[-73.8422,40.8315],[-73.8425,40.8311],[-73.8428,40.8308],[-73.8428,40.8308]]]]}},{"type":"Feature","id":"11004","properties":{"modzcta":"11004"},"geometry":{"type":"MultiPolygon","coordinates":[[[[-73.7,40.7393],[-73.7006,40.739],[-73.7009,40.7387],[-73.7018,40.7383],[-73.7028,40.7385],[-73.7046,40.7381],[-73.7065,40.7377],[-73.7083,40.7373],[-73.7076,40.7355],[-73.7089,40.7363],[-73.7101,40.7369],[-73.7119,40.7366],[-73.7135,40.7362],[-73.7137,40.7362],[-73.7148,40.7379],[-73.715,40.7383],[-73.7154,40.7392],[-73.7166,40.7416],[-73.7172,40.7415],[-73.7175,40.7435],[-73.7176,40.744],[-73.7176,40.7441],[-73.7185,40.746],[-73.7189,40.7469],[-73.719,40.747],[-73.7201,40.7498],[-73.7205,40.7504],[-73.7218,40.7511],[-73.7212,40.752],[-73.7211,40.7522],[-73.7212,40.7524],[-73.7213,40.7526],[-73.7221,40.7531],[-73.7223,40.7533],[-73.7225,40.7535],[-73.7227,40.7537],[-73.7229,40.7541],[-73.7228,40.7544],[-73.7224,40.7549],[-73.7218,40.7561],[-73.7216,40.7564],[-73.7215,40.7567],[-73.7211,40.7571],[-73.7206,40.7576],[-73.72,40.7582],[-73.7196,40.7585],[-73.719,40.7588],[-73.7183,40.7591],[-73.7169,40.7595],[-73.7161,40.7597],[-73.7146,40.7598],[-73.7135,40.7598],[-73.7124,40.7592],[-73.7105,40.758],[-73.7053,40.7548],[-73.7027,40.7533],[-73.7017,40.7525],[-73.7016,40.7524],[-73.7012,40.7489],[-73.7009,40.7471],[-73.7006,40.7432],[-73.7,40.7394],[-73.7,40.7393]]]]}},{"type":"Feature","id":"11101","properties":{"modzcta":"11101"},"geometry":{"type":"MultiPolygon","coordinates":[[[[-73.9597,40.7438],[-73.9591,40.7439],[-73.9585,40.7443],[-73.956,40.7445],[-73.9555,40.7459],[-73.955,40.7473],[-73.9549,40.7478],[-73.9549,40.7479],[-73.9549,40.7479],[-73.9549,40.748],[-73.9547,40.748],[-73.9531,40.7481],[-73.9563,40.7491],[-73.9558,40.7496],[-73.9555,40.7497],[-73.9551,40.7496],[-73.9546,40.7508],[-73.9539,40.7517],[-73.9538,40.752],[-73.9536,40.752],[-73.953,40.7528],[-73.9527,40.7531],[-73.9521,40.7538],[-73.9516,40.7543],[-73.951,40.7551],[-73.9508,40.7552],[-73.9508,40.7553],[-73.9507,40.7554],[-73.9478,40.759],[-73.9458,40.7614],[-73.9447,40.7629],[-73.9444,40.7627],[-73.944,40.7625],[-73.9435,40.7623],[-73.943,40.7621],[-73.9425,40.762],[-73.9424,40.7604],[-73.9408,40.7598],[-73.9392,40.7592],[-73.9379,40.7587],[-73.9362,40.7578],[-73.9346,40.7569],[-73.9333,40.7562],[-73.9321,40.7556],[-73.9311,40.755],[-73.9295,40.7541],[-73.928,40.7533],[-73.9265,40.7524],[-73.9237,40.7559],[-73.9217,40.757],[-73.9201,40.7563],[-73.9189,40.7557],[-73.9177,40.7552],[-73.9161,40.7544],[-73.9155,40.7538],[-73.9145,40.7537],[-73.9126,40.7533],[-73.9113,40.7542],[-73.9112,40.754],[-73.9111,40.7538],[-73.911,40.7536],[-73.9109,40.7535],[-73.9108,40.7533],[-73.9108,40.7532],[-73.9107,40.753],[-73.9098,40.7516],[-73.9131,40.751],[-73.9153,40.7506],[-73.9195,40.7497],[-73.9203,40.7492],[-73.9217,40.747],[-73.9236,40.7472],[-73.9255,40.7474],[-73.9261,40.7442],[-73.9262,40.7439],[-73.9267,40.7412],[-73.9269,40.7402],[-73.9273,40.7383],[-73.9267,40.7365],[-73.9258,40.7363],[-73.9258,40.7361],[-73.9258,40.7359],[-73.9258,40.7357],[-73.9316,40.7368],[-73.9348,40.7356],[-73.9359,40.7343],[-73.9355,40.7318],[-73.9327,40.7299],[-73.931,40.7291],[-73.9313,40.7289],[-73.932,40.7288],[-73.9345,40.7291],[-73.9359,40.7295],[-73.9364,40.7296],[-73.9365,40.7297],[-73.9378,40.7304],[-73.9388,40.7311],[-73.9391,40.7314],[-73.9392,40.7316],[-73.9394,40.7319],[-73.9395,40.7321],[-73.9395,40.7322],[-73.9395,40.7323],[-73.9395,40.7324],[-73.9397,40.7328],[-73.9398,40.733],[-73.9399,40.7333],[-73.9401,40.7333],[-73.9402,40.7335],[-73.94,40.7335],[-73.9401,40.7337],[-73.9401,40.7338],[-73.9404,40.7344],[-73.9409,40.7351],[-73.9416,40.7358],[-73.9416,40.7358],[-73.9416,40.7358],[-73.9419,40.736],[-73.942,40.7361],[-73.9421,40.7361],[-73.9422,40.7361],[-73.9422,40.7362],[-73.9423,40.7362],[-73.9426,40.7363],[-73.9426,40.7364],[-73.9427,40.7364],[-73.9427,40.7364],[-73.9427,40.7364],[-73.9429,40.7364],[-73.943,40.7365],[-73.9432,40.7366],[-73.9434,40.7366],[-73.9435,40.7367],[-73.9436,40.7367],[-73.944,40.7368],[-73.9448,40.7371],[-73.9456,40.7374],[-73.9459,40.7375],[-73.9459,40.7375],[-73.9459,40.7375],[-73.9459,40.7375],[-73.9459,40.7375],[-73.9459,40.7375],[-73.9459,40.7376],[-73.9459,40.7376],[-73.9459,40.7376],[-73.9459,40.7376],[-73.9458,40.7375],[-73.9458,40.7375],[-73.9458,40.7375],[-73.9458,40.7376],[-73.9457,40.7376],[-73.9456,40.7376],[-73.9456,40.7377],[-73.9455,40.7377],[-73.9454,40.7378],[-73.9452,40.7378],[-73.9451,40.7379],[-73.945,40.7379],[-73.9449,40.7379],[-73.9449,40.738],[-73.9448,40.738],[-73.9448,40.738],[-73.9448,40.738],[-73.9447,40.7381],[-73.9446,40.7381],[-73.9446,40.7381],[-73.9446,40.7381],[-73.9446,40.7381],[-73.9445,40.7381],[-73.9445,40.7381],[-73.9445,40.7381],[-73.944,40.7383],[-73.9428,40.7389],[-73.9426,40.739],[-73.9415,40.7392],[-73.9414,40.7394],[-73.9408,40.7399],[-73.9404,40.7403],[-73.9403,40.7408],[-73.9397,40.7418],[-73.9387,40.7425],[-73.9393,40.7431],[-73.9398,40.7431],[-73.9402,40.7428],[-73.94,40.7421],[-73.9401,40.742],[-73.9412,40.7403],[-73.9416,40.7399],[-73.942,40.7397],[-73.9422,40.7396],[-73.9424,40.7394],[-73.9425,40.7394],[-73.9425,40.7394],[-73.9426,40.7394],[-73.9426,40.7394],[-73.9427,40.7393],[-73.9427,40.7392],[-73.9428,40.7392],[-73.9427,40.7391],[-73.9428,40.7391],[-73.9433,40.739],[-73.9436,40.7389],[-73.9436,40.7389],[-73.9437,40.7389],[-73.9439,40.7388],[-73.9439,40.7388],[-73.944,40.7388],[-73.9446,40.7386],[-73.9452,40.7384],[-73.9454,40.7383],[-73.946,40.7381],[-73.9503,40.739],[-73.9507,40.7391],[-73.9514,40.7393],[-73.9522,40.7395],[-73.9523,40.7395],[-73.9525,40.7396],[-73.9526,40.7396],[-73.9528,40.7396],[-73.9529,40.7397],[-73.9533,40.7397],[-73.9535,40.7398],[-73.9538,40.7398],[-73.9538,40.7398],[-73.9538,40.7398],[-73.9539,40.7398],[-73.954,40.7398],[-73.9542,40.7398],[-73.9545,40.7398],[-73.9547,40.7398],[-73.9548,40.7398],[-73.9548,40.7398],[-73.9549,40.7398],[-73.9549,40.7398],[-73.955,40.7398],[-73.9552,40.7398],[-73.9553,40.7398],[-73.9554,40.7398],[-73.9554,40.7398],[-73.9555,40.7398],[-73.9555,40.7398],[-73.9555,40.7398],[-73.9555,40.7398],[-73.9556,40.7398],[-73.9556,40.7398],[-73.9556,40.7397],[-73.9556,40.7397],[-73.9557,40.7397],[-73.9559,40.7397],[-73.9561,40.7397],[-73.9562,40.7397],[-73.9564,40.7397],[-73.9566,40.7397],[-73.9566,40.7396],[-73.9567,40.7396],[-73.9568,40.7396],[-73.9569,40.7396],[-73.9569,40.7396],[-73.957,40.7396],[-73.957,40.7396],[-73.957,40.7396],[-73.9571,40.7396],[-73.9572,40.7396],[-73.9573,40.7396],[-73.9574,40.7396],[-73.9575,40.7395],[-73.9576,40.7395],[-73.9576,40.7395],[-73.9576,40.7395],[-73.9576,40.7395],[-73.9576,40.7394],[-73.9577,40.7394],[-73.9578,40.7394],[-73.9578,40.7394],[-73.958,40.7393],[-73.958,40.7393],[-73.9581,40.7392],[-73.9581,40.7392],[-73.9584,40.7391],[-73.9586,40.739],[-73.9588,40.739],[-73.9589,40.7389],[-73.9589,40.7389],[-73.959,40.7388],[-73.9592,40.7388],[-73.9593,40.7387],[-73.9593,40.7387],[-73.9595,40.7386],[-73.9597,40.7385],[-73.9598,40.7385],[-73.9599,40.7385],[-73.96,40.7385],[-73.96,40.7385],[-73.96,40.7385],[-73.9601,40.7385],[-73.9601,40.7385],[-73.9601,40.7384],[-73.9601,40.7384],[-73.9601,40.7384],[-73.9601,40.7384],[-73.9601,40.7384],[-73.9601,40.7384],[-73.9602,40.7383],[-73.9602,40.7383],[-73.9602,40.7383],[-73.9603,40.7383],[-73.9607,40.7381],[-73.962,40.7382],[-73.9621,40.7383],[-73.9622,40.7383],[-73.9622,40.7383],[-73.9621,40.7384],[-73.9621,40.7384],[-73.9621,40.7384],[-73.9621,40.7385],[-73.9622,40.7385],[-73.9623,40.7385],[-73.9624,40.7386],[-73.9624,40.7386],[-73.9625,40.7386],[-73.9625,40.7387],[-73.9626,40.7387],[-73.9626,40.7388],[-73.9624,40.7397],[-73.9616,40.74],[-73.9615,40.7403],[-73.9613,40.7403],[-73.9613,40.7404],[-73.9615,40.7406],[-73.9618,40.7407],[-73.9619,40.741],[-73.9617,40.7411],[-73.9612,40.7411],[-73.9611,40.7416],[-73.9611,40.7418],[-73.9611,40.7418],[-73.9616,40.742],[-73.9611,40.7427],[-73.961,40.7428],[-73.9606,40.7434],[-73.9606,40.7435],[-73.9605,40.7435],[-73.9603,40.7436],[-73.9602,40.7436],[-73.9598,40.7435],[-73.9597,40.7438],[-73.9597,40.7438]]]]}},{"type":"Feature","id":"10462","properties":{"modzcta":"10462"},"geometry":{"type":"MultiPolygon","coordinates":[[[[-73.8456,40.8284],[-73.8458,40.8286],[-73.846,40.8286],[-73.8461,40.8285],[-73.8466,40.8287],[-73.8472,40.829],[-73.8473,40.8293],[-73.8474,40.8293],[-73.8482,40.8295],[-73.849,40.8298],[-73.8498,40.8301],[-73.8506,40.8303],[-73.8521,40.8307],[-73.8529,40.8309],[-73.854,40.8313],[-73.855,40.8316],[-73.8557,40.8318],[-73.8567,40.8321],[-73.8577,40.8324],[-73.8591,40.8328],[-73.8601,40.8331],[-73.8603,40.8333],[-73.8604,40.8334],[-73.8606,40.8335],[-73.8607,40.8336],[-73.8613,40.8335],[-73.8614,40.8334],[-73.8627,40.8329],[-73.8628,40.8337],[-73.8633,40.8338],[-73.8649,40.8343],[-73.8668,40.8348],[-73.8665,40.835],[-73.8664,40.835],[-73.866,40.8352],[-73.865,40.8349],[-73.8633,40.8344],[-73.8629,40.8343],[-73.8632,40.8355],[-73.8645,40.8378],[-73.8639,40.84],[-73.8647,40.8416],[-73.8657,40.843],[-73.8664,40.8435],[-73.8676,40.8443],[-73.868,40.8448],[-73.8686,40.845],[-73.8691,40.8451],[-73.8707,40.8443],[-73.8709,40.8441],[-73.8711,40.8438],[-73.8714,40.8436],[-73.8716,40.8434],[-73.8719,40.8433],[-73.8719,40.8435],[-73.8717,40.8442],[-73.8717,40.8446],[-73.8714,40.8458],[-73.8714,40.8463],[-73.8713,40.8472],[-73.8713,40.8474],[-73.8714,40.8512],[-73.8715,40.8519],[-73.8716,40.853],[-73.8717,40.8533],[-73.8718,40.8539],[-73.8718,40.8541],[-73.8718,40.8546],[-73.8717,40.8548],[-73.8716,40.855],[-73.8715,40.8552],[-73.8713,40.8554],[-73.8711,40.8557],[-73.8709,40.856],[-73.8707,40.8562],[-73.8705,40.8564],[-73.8702,40.8566],[-73.8693,40.8567],[-73.8689,40.8572],[-73.8684,40.8578],[-73.8682,40.858],[-73.8682,40.8579],[-73.8681,40.8578],[-73.8676,40.8578],[-73.8656,40.8579],[-73.8646,40.8579],[-73.8639,40.8579],[-73.8632,40.8579],[-73.8629,40.858],[-73.8618,40.8575],[-73.8618,40.8572],[-73.8619,40.8568],[-73.861,40.8565],[-73.8602,40.8549],[-73.8601,40.8547],[-73.8597,40.8539],[-73.8585,40.8524],[-73.8555,40.8485],[-73.853,40.8453],[-73.8511,40.8443],[-73.852,40.8438],[-73.8539,40.8433],[-73.8552,40.843],[-73.8533,40.8425],[-73.8529,40.8411],[-73.8517,40.8403],[-73.8505,40.8394],[-73.8498,40.839],[-73.8492,40.8385],[-73.8482,40.8378],[-73.8467,40.8368],[-73.8458,40.8362],[-73.8457,40.836],[-73.8456,40.8358],[-73.8453,40.8358],[-73.8432,40.8352],[-73.84,40.8357],[-73.841,40.834],[-73.842,40.8331],[-73.8446,40.8313],[-73.8428,40.8308],[-73.8429,40.8301],[-73.8431,40.83],[-73.843,40.83],[-73.8431,40.8298],[-73.843,40.8289],[-73.8429,40.8287],[-73.8429,40.8286],[-73.8437,40.8284],[-73.844,40.8284],[-73.845,40.8283],[-73.8456,40.8284],[-73.8456,40.8284]]]]}},{"type":"Feature","id":"10463","properties":{"modzcta":"10463"},"geometry":{"type":"MultiPolygon","coordinates":[[[[-73.9083,40.8672],[-73.9082,40.8676],[-73.9079,40.8684],[-73.9078,40.8693],[-73.9072,40.8709],[-73.9061,40.8732],[-73.9064,40.8733],[-73.9084,40.8689],[-73.9084,40.8698],[-73.9084,40.8706],[-73.9085,40.8714],[-73.9087,40.8722],[-73.909,40.8722],[-73.9091,40.8723],[-73.9091,40.8724],[-73.9091,40.8725],[-73.9092,40.8725],[-73.9092,40.8726],[-73.9093,40.8727],[-73.9094,40.8729],[-73.9095,40.873],[-73.9096,40.8731],[-73.9096,40.8731],[-73.9097,40.8731],[-73.9097,40.8732],[-73.9098,40.8732],[-73.9099,40.8734],[-73.91,40.8735],[-73.9101,40.8735],[-73.9101,40.8736],[-73.9102,40.8736],[-73.9102,40.8736],[-73.9104,40.8738],[-73.9105,40.8739],[-73.9107,40.874],[-73.9108,40.8741],[-73.9109,40.8741],[-73.9111,40.8742],[-73.9112,40.8743],[-73.9113,40.8743],[-73.9113,40.8743],[-73.9113,40.8743],[-73.9115,40.8744],[-73.9116,40.8744],[-73.9116,40.8744],[-73.9116,40.8745],[-73.9116,40.8745],[-73.9117,40.8745],[-73.9117,40.8745],[-73.9117,40.8745],[-73.9118,40.8745],[-73.9118,40.8745],[-73.9119,40.8745],[-73.9119,40.8746],[-73.9119,40.8746],[-73.9119,40.8746],[-73.9119,40.8746],[-73.912,40.8746],[-73.912,40.8746],[-73.9121,40.8746],[-73.9122,40.8746],[-73.9122,40.8746],[-73.9122,40.8747],[-73.9123,40.8747],[-73.9123,40.8747],[-73.9123,40.8747],[-73.9123,40.8747],[-73.9123,40.8747],[-73.9123,40.8747],[-73.9123,40.8747],[-73.9123,40.8747],[-73.9124,40.8747],[-73.9124,40.8747],[-73.9124,40.8747],[-73.9124,40.8747],[-73.9124,40.8747],[-73.9125,40.8747],[-73.9125,40.8747],[-73.9125,40.8747],[-73.9125,40.8747],[-73.9125,40.8747],[-73.9126,40.8748],[-73.9126,40.8748],[-73.9127,40.8748],[-73.9127,40.8748],[-73.9127,40.8748],[-73.9128,40.8748],[-73.9128,40.8748],[-73.9128,40.8748],[-73.9129,40.8748],[-73.9129,40.8749],[-73.9129,40.8749],[-73.9129,40.8749],[-73.9129,40.8748],[-73.9135,40.875],[-73.9135,40.875],[-73.9135,40.875],[-73.9136,40.8751],[-73.9136,40.8751],[-73.9136,40.8751],[-73.9136,40.8751],[-73.9138,40.8751],[-73.9139,40.8751],[-73.9141,40.8752],[-73.9153,40.8756],[-73.9154,40.8756],[-73.9155,40.8756],[-73.9155,40.8756],[-73.9155,40.8756],[-73.9156,40.8757],[-73.9156,40.8757],[-73.9157,40.8757],[-73.9157,40.8757],[-73.9173,40.8758],[-73.9174,40.8758],[-73.9177,40.8757],[-73.9178,40.8757],[-73.9179,40.8758],[-73.9181,40.8758],[-73.9183,40.8758],[-73.9183,40.8758],[-73.9191,40.8761],[-73.9198,40.8765],[-73.9199,40.8765],[-73.92,40.8765],[-73.9201,40.8766],[-73.9201,40.8767],[-73.9201,40.8767],[-73.9202,40.8767],[-73.9216,40.8781],[-73.9216,40.8782],[-73.9217,40.8783],[-73.9221,40.8786],[-73.9222,40.8786],[-73.9224,40.8787],[-73.9225,40.8787],[-73.9225,40.8788],[-73.9227,40.8789],[-73.9228,40.8789],[-73.923,40.879],[-73.9231,40.8789],[-73.9232,40.8789],[-73.9232,40.8789],[-73.9233,40.8789],[-73.9236,40.879],[-73.9237,40.879],[-73.9238,40.879],[-73.9239,40.879],[-73.924,40.879],[-73.9241,40.879],[-73.9242,40.879],[-73.9245,40.879],[-73.9245,40.879],[-73.9246,40.879],[-73.9247,40.879],[-73.9247,40.8789],[-73.9249,40.8789],[-73.9218,40.8845],[-73.9211,40.8862],[-73.9204,40.8871],[-73.9186,40.8861],[-73.9186,40.8859],[-73.9187,40.8857],[-73.9188,40.8856],[-73.9159,40.8849],[-73.9167,40.8869],[-73.9169,40.8879],[-73.9169,40.8885],[-73.9167,40.8895],[-73.9145,40.8905],[-73.9131,40.8906],[-73.9129,40.8898],[-73.9097,40.8895],[-73.9092,40.8894],[-73.9089,40.8894],[-73.9088,40.8894],[-73.9086,40.8893],[-73.9086,40.8892],[-73.9085,40.8892],[-73.9085,40.8891],[-73.9084,40.8891],[-73.908,40.8889],[-73.9074,40.8878],[-73.9059,40.8889],[-73.9055,40.89],[-73.9054,40.8901],[-73.9053,40.8901],[-73.9051,40.8901],[-73.9048,40.8901],[-73.9046,40.8901],[-73.9044,40.8898],[-73.9035,40.8896],[-73.9029,40.8894],[-73.9029,40.8892],[-73.9028,40.8891],[-73.9025,40.8875],[-73.9014,40.887],[-73.9001,40.8866],[-73.8998,40.8865],[-73.8989,40.8864],[-73.8972,40.886],[-73.8967,40.886],[-73.8965,40.8859],[-73.8951,40.8856],[-73.8945,40.8856],[-73.8929,40.8853],[-73.8908,40.8849],[-73.8889,40.8845],[-73.8877,40.8843],[-73.8871,40.8843],[-73.887,40.884],[-73.8871,40.8837],[-73.8871,40.8832],[-73.8871,40.8831],[-73.8872,40.8831],[-73.8872,40.8828],[-73.8875,40.8828],[-73.8878,40.8828],[-73.888,40.8828],[-73.89,40.8802],[-73.8904,40.8799],[-73.8908,40.8795],[-73.8912,40.8792],[-73.8921,40.8781],[-73.8941,40.8756],[-73.8978,40.8717],[-73.8979,40.8722],[-73.898,40.8728],[-73.8982,40.8734],[-73.8984,40.8738],[-73.8986,40.8739],[-73.8989,40.8741],[-73.8991,40.8741],[-73.8994,40.8742],[-73.8997,40.8742],[-73.9,40.8742],[-73.9002,40.8744],[-73.9004,40.8746],[-73.9004,40.8749],[-73.9004,40.8751],[-73.9003,40.8754],[-73.9001,40.8757],[-73.8996,40.8766],[-73.901,40.8764],[-73.9013,40.8761],[-73.9022,40.8756],[-73.9023,40.8738],[-73.9028,40.8724],[-73.9031,40.8712],[-73.9035,40.8705],[-73.904,40.8699],[-73.9048,40.8699],[-73.9066,40.8688],[-73.9079,40.8677],[-73.9083,40.8672]]]]}},{"type":"Feature","id":"10464","properties":{"modzcta":"10464"},"geometry":{"type":"MultiPolygon","coordinates":[[[[-73.7824,40.8751],[-73.7822,40.8746],[-73.7824,40.8751],[-73.7824,40.8751]]],[[[-73.7837,40.873],[-73.784,40.8737],[-73.7836,40.8738],[-73.7834,40.8732],[-73.7837,40.873]]],[[[-73.7857,40.8741],[-73.7858,40.8743],[-73.7855,40.8742],[-73.7857,40.8741],[-73.7857,40.8741]]],[[[-73.8151,40.8631],[-73.8149,40.8637],[-73.815,40.8642],[-73.8152,40.8648],[-73.8152,40.8656],[-73.8166,40.8642],[-73.817,40.8645],[-73.8158,40.8658],[-73.8194,40.868],[-73.821,40.8689],[-73.8211,40.869],[-73.8233,40.8731],[-73.8201,40.8821],[-73.8203,40.8855],[-73.8184,40.886],[-73.8167,40.8865],[-73.8154,40.8867],[-73.8153,40.8868],[-73.8151,40.8877],[-73.8152,40.889],[-73.8124,40.8884],[-73.8099,40.8877],[-73.8087,40.8875],[-73.8064,40.8868],[-73.8045,40.8864],[-73.8029,40.886],[-73.7993,40.8851],[-73.7973,40.8845],[-73.7949,40.8839],[-73.7939,40.8836],[-73.7932,40.8828],[-73.7938,40.882],[-73.7955,40.8807],[-73.7962,40.877],[-73.7972,40.8758],[-73.7986,40.8744],[-73.7998,40.8742],[-73.8003,40.8728],[-73.8014,40.8715],[-73.8032,40.8717],[-73.8034,40.8725],[-73.8037,40.871],[-73.8028,40.8701],[-73.8042,40.869],[-73.8055,40.869],[-73.8057,40.8697],[-73.8084,40.8706],[-73.8078,40.8698],[-73.8067,40.8688],[-73.8049,40.8682],[-73.8039,40.8672],[-73.8031,40.8658],[-73.8007,40.8681],[-73.7978,40.8723],[-73.7948,40.8732],[-73.7936,40.8761],[-73.7932,40.8771],[-73.7944,40.8776],[-73.793,40.8791],[-73.7926,40.8794],[-73.7919,40.8798],[-73.7915,40.88],[-73.7909,40.88],[-73.7906,40.8803],[-73.7905,40.8806],[-73.7902,40.881],[-73.7899,40.8812],[-73.7896,40.8813],[-73.7893,40.8806],[-73.7901,40.8796],[-73.7883,40.8789],[-73.7874,40.879],[-73.7869,40.879],[-73.7859,40.8791],[-73.7842,40.8777],[-73.7854,40.8755],[-73.7867,40.8743],[-73.7872,40.8732],[-73.7868,40.8725],[-73.786,40.8726],[-73.7855,40.8731],[-73.7851,40.8736],[-73.7857,40.8724],[-73.7853,40.8717],[-73.784,40.8728],[-73.7834,40.8723],[-73.7831,40.8717],[-73.7832,40.8713],[-73.7832,40.8709],[-73.7835,40.8705],[-73.7839,40.8704],[-73.7843,40.87],[-73.7849,40.8698],[-73.7852,40.8691],[-73.7856,40.8683],[-73.7855,40.8689],[-73.7857,40.8694],[-73.7866,40.8698],[-73.788,40.8698],[-73.789,40.8697],[-73.7904,40.869],[-73.7914,40.8681],[-73.7927,40.8641],[-73.7919,40.8613],[-73.7921,40.8608],[-73.7925,40.8607],[-73.7928,40.8606],[-73.7932,40.8606],[-73.7935,40.8606],[-73.7936,40.8604],[-73.7936,40.8601],[-73.7934,40.8601],[-73.7936,40.8598],[-73.7939,40.8598],[-73.7941,40.8595],[-73.7943,40.8592],[-73.7945,40.8589],[-73.7949,40.8581],[-73.7948,40.8577],[-73.7946,40.8574],[-73.7945,40.857],[-73.7944,40.857],[-73.7943,40.8569],[-73.7943,40.8568],[-73.7943,40.8568],[-73.7943,40.8567],[-73.7943,40.8566],[-73.7944,40.8565],[-73.7945,40.8564],[-73.7946,40.8564],[-73.7947,40.8564],[-73.7948,40.8565],[-73.7956,40.8565],[-73.797,40.8561],[-73.7973,40.8559],[-73.7975,40.8556],[-73.7977,40.8553],[-73.7979,40.855],[-73.7982,40.8548],[-73.7987,40.8549],[-73.799,40.854],[-73.799,40.8538],[-73.7989,40.8536],[-73.7987,40.8534],[-73.7986,40.8533],[-73.7983,40.8532],[-73.7981,40.8531],[-73.7978,40.8519],[-73.7993,40.8499],[-73.7995,40.8498],[-73.7996,40.8496],[-73.7997,40.8494],[-73.7998,40.8492],[-73.7999,40.849],[-73.7999,40.8488],[-73.7999,40.8487],[-73.8,40.8486],[-73.8001,40.8483],[-73.8002,40.8482],[-73.8002,40.8482],[-73.8003,40.8481],[-73.8005,40.8481],[-73.8007,40.8482],[-73.8009,40.8483],[-73.8011,40.8484],[-73.8013,40.8486],[-73.8015,40.8488],[-73.8016,40.849],[-73.8017,40.8492],[-73.8017,40.8494],[-73.8017,40.8496],[-73.8017,40.8498],[-73.8018,40.8499],[-73.8018,40.8501],[-73.8021,40.8506],[-73.8024,40.8511],[-73.8028,40.8516],[-73.8032,40.8521],[-73.8036,40.8525],[-73.8042,40.8533],[-73.8045,40.8548],[-73.8045,40.8549],[-73.8044,40.855],[-73.8043,40.8551],[-73.8042,40.8552],[-73.8041,40.8552],[-73.804,40.8552],[-73.8038,40.8552],[-73.8037,40.8553],[-73.8036,40.8553],[-73.8036,40.8554],[-73.8035,40.8555],[-73.8035,40.8556],[-73.8037,40.8561],[-73.8038,40.8565],[-73.8039,40.8569],[-73.8041,40.8575],[-73.8042,40.8581],[-73.8042,40.8587],[-73.8042,40.8588],[-73.8042,40.859],[-73.8044,40.8592],[-73.8046,40.8597],[-73.8047,40.8604],[-73.8047,40.8608],[-73.8046,40.861],[-73.8046,40.8613],[-73.8048,40.8615],[-73.8049,40.8616],[-73.8051,40.8617],[-73.8052,40.8618],[-73.8054,40.8618],[-73.8056,40.8619],[-73.8058,40.8618],[-73.8059,40.8618],[-73.8061,40.8617],[-73.8062,40.8616],[-73.8062,40.8615],[-73.8062,40.8614],[-73.8061,40.8599],[-73.8066,40.8598],[-73.8067,40.8599],[-73.8067,40.86],[-73.8068,40.8601],[-73.8069,40.8602],[-73.807,40.8603],[-73.8072,40.8603],[-73.8073,40.8604],[-73.8075,40.8604],[-73.8076,40.8604],[-73.8078,40.8603],[-73.8079,40.8602],[-73.808,40.8602],[-73.8081,40.86],[-73.8082,40.8599],[-73.8082,40.8598],[-73.8081,40.8595],[-73.8078,40.8592],[-73.8076,40.8588],[-73.8074,40.8586],[-73.8076,40.8585],[-73.8111,40.8625],[-73.8113,40.8625],[-73.8115,40.8626],[-73.8117,40.8627],[-73.8118,40.8627],[-73.812,40.8627],[-73.8121,40.8627],[-73.8121,40.8627],[-73.8121,40.8627],[-73.8121,40.8627],[-73.8122,40.8627],[-73.8122,40.8627],[-73.8122,40.8627],[-73.8122,40.8627],[-73.8122,40.8627],[-73.8123,40.8627],[-73.8123,40.8628],[-73.8123,40.8628],[-73.8123,40.8628],[-73.8123,40.8628],[-73.8123,40.8628],[-73.8123,40.8628],[-73.8123,40.8629],[-73.8123,40.8629],[-73.8124,40.863],[-73.8127,40.8631],[-73.8129,40.8632],[-73.813,40.8632],[-73.8131,40.8632],[-73.8131,40.8632],[-73.8132,40.8632],[-73.8132,40.8632],[-73.8132,40.8632],[-73.8133,40.8632],[-73.8133,40.8632],[-73.8133,40.8632],[-73.8134,40.8634],[-73.8136,40.8636],[-73.8136,40.8637],[-73.8137,40.8637],[-73.8137,40.8638],[-73.8137,40.8639],[-73.8137,40.8639],[-73.8138,40.8639],[-73.8138,40.8639],[-73.814,40.8638],[-73.814,40.8639],[-73.814,40.8641],[-73.814,40.8641],[-73.8142,40.8639],[-73.8142,40.8638],[-73.8141,40.8637],[-73.8145,40.8632],[-73.8147,40.8631],[-73.8148,40.863],[-73.8149,40.863],[-73.815,40.8631],[-73.8151,40.8631],[-73.8151,40.8631]]],[[[-73.7828,40.8374],[-73.7829,40.8372],[-73.7827,40.8368],[-73.7828,40.8363],[-73.7834,40.8369],[-73.7841,40.8367],[-73.7843,40.8368],[-73.7845,40.8371],[-73.7851,40.8374],[-73.7853,40.8378],[-73.7855,40.8385],[-73.7855,40.8388],[-73.7857,40.8391],[-73.7859,40.8394],[-73.7861,40.8396],[-73.7865,40.8397],[-73.7873,40.8397],[-73.7873,40.8397],[-73.7875,40.8399],[-73.7875,40.8401],[-73.7875,40.8401],[-73.7876,40.8405],[-73.7874,40.8406],[-73.7875,40.8408],[-73.7876,40.8409],[-73.7879,40.8411],[-73.7876,40.8412],[-73.7878,40.8415],[-73.788,40.8415],[-73.7881,40.8415],[-73.7882,40.8415],[-73.7883,40.8415],[-73.7883,40.8416],[-73.7883,40.8416],[-73.7882,40.8417],[-73.7881,40.8417],[-73.788,40.8418],[-73.7881,40.8419],[-73.7884,40.8424],[-73.7885,40.8424],[-73.7885,40.8424],[-73.7888,40.8427],[-73.7888,40.8427],[-73.7889,40.8431],[-73.7896,40.8431],[-73.7897,40.8434],[-73.7898,40.8435],[-73.7898,40.8436],[-73.7893,40.8437],[-73.7893,40.8438],[-73.7894,40.8438],[-73.7893,40.844],[-73.7893,40.844],[-73.7895,40.8443],[-73.7899,40.8449],[-73.79,40.8449],[-73.7905,40.8455],[-73.7907,40.8458],[-73.7909,40.8462],[-73.7909,40.8463],[-73.7911,40.8463],[-73.7912,40.8466],[-73.7914,40.8469],[-73.7914,40.8469],[-73.7915,40.847],[-73.7914,40.8474],[-73.7915,40.8475],[-73.7913,40.8476],[-73.7913,40.8476],[-73.7913,40.8481],[-73.7914,40.8482],[-73.7912,40.8485],[-73.7911,40.8487],[-73.791,40.8488],[-73.7909,40.8489],[-73.7898,40.8495],[-73.7899,40.85],[-73.79,40.8503],[-73.79,40.8505],[-73.7899,40.8506],[-73.7901,40.8509],[-73.7901,40.851],[-73.7901,40.8512],[-73.7896,40.8515],[-73.7897,40.8515],[-73.7897,40.8517],[-73.7902,40.8517],[-73.7902,40.8518],[-73.7901,40.852],[-73.7902,40.8523],[-73.7911,40.8521],[-73.7912,40.8522],[-73.7912,40.8523],[-73.7912,40.8523],[-73.7914,40.8526],[-73.7904,40.853],[-73.7908,40.8531],[-73.7908,40.8532],[-73.7911,40.8533],[-73.7913,40.8537],[-73.7911,40.8539],[-73.7911,40.854],[-73.7916,40.8539],[-73.7918,40.854],[-73.7919,40.8542],[-73.7913,40.8546],[-73.7921,40.8556],[-73.7925,40.8559],[-73.7924,40.856],[-73.7921,40.856],[-73.792,40.8562],[-73.792,40.8564],[-73.7918,40.8567],[-73.7918,40.8567],[-73.7918,40.8567],[-73.7917,40.8569],[-73.7918,40.8569],[-73.7919,40.857],[-73.7918,40.857],[-73.7916,40.8574],[-73.7909,40.8576],[-73.7908,40.8577],[-73.7904,40.8579],[-73.7901,40.8585],[-73.7899,40.8585],[-73.7893,40.8586],[-73.789,40.8584],[-73.789,40.8584],[-73.789,40.8584],[-73.789,40.8583],[-73.7889,40.8583],[-73.7889,40.8582],[-73.7889,40.8581],[-73.7889,40.858],[-73.7889,40.8579],[-73.7888,40.8578],[-73.7888,40.8577],[-73.7888,40.8576],[-73.7888,40.8574],[-73.7888,40.8574],[-73.7887,40.8573],[-73.7887,40.8572],[-73.7887,40.857],[-73.7887,40.857],[-73.7888,40.8569],[-73.7888,40.8568],[-73.7888,40.8567],[-73.7888,40.8566],[-73.7889,40.8566],[-73.7889,40.8565],[-73.7888,40.8564],[-73.7888,40.8564],[-73.7887,40.8563],[-73.7887,40.8563],[-73.7886,40.8563],[-73.7886,40.8562],[-73.7885,40.8559],[-73.7884,40.8558],[-73.7884,40.8553],[-73.7885,40.8552],[-73.7885,40.8551],[-73.7885,40.8551],[-73.7884,40.855],[-73.7883,40.855],[-73.7883,40.8549],[-73.7883,40.8548],[-73.7883,40.8548],[-73.7884,40.8548],[-73.7884,40.8547],[-73.7884,40.8546],[-73.7884,40.8546],[-73.7885,40.8545],[-73.7885,40.8544],[-73.7884,40.8543],[-73.7884,40.8543],[-73.7883,40.8541],[-73.7883,40.8541],[-73.7882,40.8541],[-73.7877,40.8542],[-73.7876,40.8542],[-73.7874,40.8542],[-73.7873,40.8542],[-73.7872,40.8542],[-73.7871,40.8541],[-73.7871,40.854],[-73.7872,40.854],[-73.7873,40.8539],[-73.7876,40.8538],[-73.7879,40.8538],[-73.788,40.8537],[-73.788,40.8537],[-73.788,40.8536],[-73.788,40.8535],[-73.7872,40.8528],[-73.7869,40.8526],[-73.7869,40.8526],[-73.7868,40.8526],[-73.7868,40.8525],[-73.7868,40.8525],[-73.7866,40.8523],[-73.7864,40.8521],[-73.7862,40.852],[-73.7857,40.8518],[-73.7854,40.8516],[-73.7852,40.8516],[-73.785,40.8517],[-73.7849,40.8517],[-73.7847,40.8517],[-73.7843,40.8518],[-73.784,40.8515],[-73.784,40.8515],[-73.7836,40.8516],[-73.7835,40.8515],[-73.7834,40.8514],[-73.7836,40.8513],[-73.784,40.8512],[-73.7844,40.8511],[-73.7846,40.8511],[-73.7845,40.8509],[-73.7845,40.8508],[-73.7844,40.8508],[-73.7843,40.8508],[-73.7843,40.8508],[-73.7842,40.8507],[-73.7841,40.8507],[-73.7841,40.8506],[-73.784,40.8505],[-73.784,40.8505],[-73.7841,40.8504],[-73.7842,40.8503],[-73.7843,40.8502],[-73.7842,40.8501],[-73.7842,40.85],[-73.7841,40.8499],[-73.7835,40.8492],[-73.7835,40.8492],[-73.7833,40.8492],[-73.7832,40.8492],[-73.7832,40.8492],[-73.7831,40.8492],[-73.7824,40.8493],[-73.7822,40.8491],[-73.7821,40.8491],[-73.7819,40.8489],[-73.7818,40.849],[-73.7817,40.8488],[-73.7816,40.8488],[-73.7815,40.8487],[-73.7815,40.8487],[-73.7818,40.8485],[-73.7818,40.8485],[-73.7821,40.8484],[-73.7822,40.8484],[-73.7826,40.8483],[-73.7826,40.8482],[-73.7827,40.8481],[-73.7825,40.8479],[-73.7815,40.8479],[-73.7814,40.8475],[-73.7818,40.8471],[-73.7821,40.847],[-73.7822,40.8469],[-73.7822,40.8466],[-73.7821,40.8466],[-73.7823,40.8465],[-73.7824,40.846],[-73.7825,40.8458],[-73.7831,40.8455],[-73.7832,40.8453],[-73.7831,40.845],[-73.7834,40.8444],[-73.7833,40.8444],[-73.7833,40.8443],[-73.7832,40.8444],[-73.7831,40.8444],[-73.783,40.8442],[-73.7831,40.8439],[-73.7835,40.8437],[-73.7832,40.8429],[-73.783,40.8426],[-73.7829,40.8425],[-73.7824,40.8425],[-73.7824,40.8424],[-73.7823,40.8423],[-73.7823,40.8422],[-73.7823,40.8421],[-73.7824,40.8421],[-73.7823,40.8419],[-73.7823,40.8418],[-73.7822,40.8417],[-73.7822,40.8417],[-73.7821,40.8417],[-73.7819,40.8417],[-73.7819,40.8417],[-73.7818,40.8415],[-73.7818,40.8413],[-73.7818,40.8412],[-73.7817,40.8412],[-73.7817,40.8411],[-73.7816,40.841],[-73.7816,40.8409],[-73.7815,40.8408],[-73.7815,40.8408],[-73.7814,40.8407],[-73.7814,40.8407],[-73.7815,40.8407],[-73.7815,40.8406],[-73.7815,40.8406],[-73.7815,40.8405],[-73.7815,40.8405],[-73.7815,40.8405],[-73.7815,40.8404],[-73.7815,40.8403],[-73.7815,40.8402],[-73.7815,40.8402],[-73.7814,40.8397],[-73.7813,40.8395],[-73.7813,40.8393],[-73.7816,40.8385],[-73.7817,40.8382],[-73.7819,40.8377],[-73.7827,40.8375],[-73.7828,40.8374],[-73.7828,40.8374]]]]}},{"type":"Feature","id":"10465","properties":{"modzcta":"10465"},"geometry":{"type":"MultiPolygon","coordinates":[[[[-73.8397,40.8396],[-73.8394,40.8409],[-73.8385,40.8407],[-73.8386,40.8396],[-73.8387,40.8379],[-73.8387,40.8367],[-73.8386,40.835],[-73.8382,40.8351],[-73.8372,40.8356],[-73.8353,40.8339],[-73.8324,40.8352],[-73.8307,40.835],[-73.8298,40.8347],[-73.8294,40.8346],[-73.8292,40.8344],[-73.8286,40.8337],[-73.8284,40.8333],[-73.8301,40.8323],[-73.83,40.8321],[-73.8315,40.8312],[-73.8312,40.8311],[-73.83,40.8318],[-73.829,40.8325],[-73.8268,40.8336],[-73.8261,40.8341],[-73.8262,40.8344],[-73.8259,40.8347],[-73.8256,40.835],[-73.8254,40.8354],[-73.8254,40.8357],[-73.8254,40.836],[-73.8256,40.8362],[-73.8257,40.8366],[-73.8258,40.8371],[-73.8259,40.8387],[-73.826,40.8403],[-73.826,40.841],[-73.8262,40.843],[-73.8257,40.8428],[-73.8252,40.8427],[-73.8251,40.8443],[-73.825,40.8461],[-73.824,40.8466],[-73.822,40.8477],[-73.8205,40.8485],[-73.8192,40.8482],[-73.8173,40.8484],[-73.8151,40.8491],[-73.8153,40.849],[-73.8154,40.8488],[-73.8153,40.8487],[-73.8153,40.8486],[-73.8155,40.8484],[-73.8156,40.8482],[-73.8158,40.8482],[-73.8158,40.8482],[-73.8159,40.848],[-73.8159,40.8478],[-73.8158,40.8477],[-73.8156,40.8477],[-73.8156,40.8477],[-73.8157,40.8477],[-73.8158,40.8477],[-73.816,40.8477],[-73.8161,40.8476],[-73.8161,40.8474],[-73.8162,40.847],[-73.8161,40.8466],[-73.8161,40.8465],[-73.8161,40.8464],[-73.8158,40.8463],[-73.8157,40.8463],[-73.8157,40.8463],[-73.8156,40.8463],[-73.8156,40.8463],[-73.8152,40.8465],[-73.8151,40.8465],[-73.815,40.8465],[-73.8149,40.8465],[-73.8147,40.8462],[-73.8144,40.8462],[-73.8146,40.8459],[-73.8147,40.8458],[-73.8149,40.8457],[-73.815,40.8455],[-73.814,40.8458],[-73.8132,40.8462],[-73.8138,40.8458],[-73.814,40.8456],[-73.814,40.8456],[-73.8139,40.8455],[-73.8139,40.8454],[-73.8138,40.8454],[-73.8136,40.8453],[-73.8133,40.8452],[-73.8132,40.8452],[-73.8132,40.8452],[-73.8131,40.8452],[-73.813,40.8452],[-73.8129,40.8452],[-73.8129,40.8451],[-73.8127,40.8451],[-73.8126,40.845],[-73.8126,40.845],[-73.8126,40.845],[-73.8126,40.8449],[-73.8127,40.8449],[-73.8127,40.8449],[-73.8129,40.8449],[-73.8131,40.8449],[-73.8133,40.845],[-73.8135,40.845],[-73.8136,40.845],[-73.8137,40.8451],[-73.8137,40.8451],[-73.8137,40.845],[-73.8138,40.845],[-73.8138,40.845],[-73.8139,40.845],[-73.814,40.8449],[-73.8141,40.8449],[-73.8141,40.8448],[-73.8142,40.8447],[-73.8142,40.8447],[-73.8142,40.8446],[-73.8141,40.8445],[-73.814,40.8445],[-73.8139,40.8445],[-73.8138,40.8445],[-73.8137,40.8444],[-73.8136,40.8444],[-73.8135,40.8443],[-73.8135,40.8443],[-73.8134,40.8442],[-73.8134,40.844],[-73.8134,40.8439],[-73.8134,40.8438],[-73.8134,40.8437],[-73.8135,40.8437],[-73.8135,40.8437],[-73.8135,40.8436],[-73.8136,40.8437],[-73.8137,40.8436],[-73.8138,40.8436],[-73.8139,40.8436],[-73.814,40.8436],[-73.8141,40.8436],[-73.8142,40.8436],[-73.8143,40.8435],[-73.8144,40.8435],[-73.8146,40.8434],[-73.8148,40.8435],[-73.8149,40.8435],[-73.8151,40.8437],[-73.8152,40.8441],[-73.8152,40.8441],[-73.8153,40.8441],[-73.8154,40.8442],[-73.8155,40.8442],[-73.8156,40.8443],[-73.8156,40.8443],[-73.8156,40.8443],[-73.8156,40.8444],[-73.8156,40.8444],[-73.8156,40.8444],[-73.8156,40.8444],[-73.8157,40.8444],[-73.8162,40.8444],[-73.8163,40.8444],[-73.8163,40.8444],[-73.8163,40.8444],[-73.8163,40.8444],[-73.8163,40.8444],[-73.8163,40.8444],[-73.8163,40.8444],[-73.8163,40.8443],[-73.8163,40.8443],[-73.8163,40.8443],[-73.8163,40.8442],[-73.8163,40.8442],[-73.8163,40.8441],[-73.8164,40.8441],[-73.8164,40.8441],[-73.8165,40.8441],[-73.8165,40.8441],[-73.8165,40.8441],[-73.8165,40.8441],[-73.8165,40.8441],[-73.8165,40.8441],[-73.8166,40.8441],[-73.8166,40.8441],[-73.8166,40.8441],[-73.8166,40.8441],[-73.8166,40.8441],[-73.8166,40.8441],[-73.8167,40.8441],[-73.8167,40.8441],[-73.8168,40.8441],[-73.8169,40.8441],[-73.8169,40.8441],[-73.8169,40.8441],[-73.817,40.8441],[-73.817,40.8441],[-73.8171,40.8441],[-73.8171,40.8442],[-73.8171,40.8442],[-73.8171,40.8442],[-73.8171,40.8442],[-73.8171,40.8442],[-73.8171,40.8443],[-73.8171,40.8443],[-73.8171,40.8443],[-73.8171,40.8443],[-73.8172,40.8443],[-73.8173,40.8443],[-73.8175,40.8444],[-73.8182,40.8444],[-73.8182,40.8443],[-73.8182,40.8443],[-73.8182,40.8443],[-73.8182,40.8443],[-73.8182,40.8442],[-73.8182,40.8442],[-73.8182,40.8442],[-73.8182,40.8442],[-73.8182,40.8441],[-73.8182,40.8441],[-73.8181,40.8441],[-73.8181,40.8441],[-73.8181,40.8441],[-73.818,40.8442],[-73.8179,40.8443],[-73.8177,40.8443],[-73.8176,40.8443],[-73.8176,40.8442],[-73.8175,40.8442],[-73.8174,40.8441],[-73.8173,40.8441],[-73.8173,40.844],[-73.8172,40.8439],[-73.8171,40.8439],[-73.8171,40.8439],[-73.8167,40.844],[-73.8166,40.8439],[-73.8166,40.8439],[-73.8166,40.8438],[-73.8166,40.8438],[-73.8165,40.8437],[-73.8164,40.8436],[-73.8164,40.8436],[-73.8164,40.8435],[-73.8164,40.8434],[-73.8163,40.8433],[-73.8163,40.8432],[-73.8162,40.8431],[-73.8161,40.843],[-73.816,40.8429],[-73.8159,40.8429],[-73.8159,40.8428],[-73.8157,40.8425],[-73.8155,40.8424],[-73.8154,40.8424],[-73.8154,40.8423],[-73.8155,40.8423],[-73.8155,40.8422],[-73.8156,40.8421],[-73.8156,40.842],[-73.8156,40.8419],[-73.8156,40.8418],[-73.8155,40.8416],[-73.8154,40.8415],[-73.8153,40.8414],[-73.8153,40.8413],[-73.8153,40.8413],[-73.8152,40.8412],[-73.8152,40.8411],[-73.8152,40.8411],[-73.8152,40.841],[-73.8152,40.8409],[-73.8151,40.8408],[-73.8151,40.8407],[-73.8151,40.8407],[-73.8151,40.8406],[-73.815,40.8405],[-73.815,40.8401],[-73.8148,40.8398],[-73.8148,40.8398],[-73.8148,40.8398],[-73.8147,40.8398],[-73.8147,40.8398],[-73.8147,40.8397],[-73.8147,40.8397],[-73.8147,40.8397],[-73.8147,40.8396],[-73.8147,40.8396],[-73.8148,40.8391],[-73.8154,40.8388],[-73.8154,40.8388],[-73.8155,40.8388],[-73.8155,40.8388],[-73.8157,40.8387],[-73.8158,40.8387],[-73.8159,40.8386],[-73.8161,40.8385],[-73.8162,40.8383],[-73.8163,40.8382],[-73.8163,40.838],[-73.8163,40.838],[-73.8163,40.8379],[-73.8164,40.8379],[-73.8165,40.8378],[-73.8165,40.8377],[-73.8164,40.8375],[-73.8164,40.8373],[-73.8164,40.837],[-73.8164,40.8368],[-73.8163,40.8367],[-73.8162,40.8366],[-73.8162,40.8366],[-73.8162,40.8364],[-73.8161,40.8362],[-73.8161,40.836],[-73.8159,40.836],[-73.8159,40.8359],[-73.8157,40.8359],[-73.8156,40.836],[-73.8155,40.836],[-73.8155,40.8359],[-73.8156,40.8359],[-73.8157,40.8359],[-73.8159,40.8358],[-73.816,40.8358],[-73.8161,40.8357],[-73.8161,40.8356],[-73.816,40.8355],[-73.816,40.8355],[-73.8159,40.8355],[-73.8157,40.8355],[-73.8156,40.8355],[-73.8156,40.8355],[-73.8156,40.8355],[-73.8158,40.8355],[-73.816,40.8354],[-73.816,40.8354],[-73.8161,40.8353],[-73.8161,40.8351],[-73.816,40.835],[-73.816,40.835],[-73.816,40.8349],[-73.8161,40.8348],[-73.8161,40.8346],[-73.816,40.8345],[-73.8159,40.8345],[-73.8158,40.8345],[-73.8157,40.8345],[-73.8157,40.8345],[-73.8158,40.8344],[-73.816,40.8344],[-73.816,40.8343],[-73.816,40.8342],[-73.816,40.8341],[-73.816,40.834],[-73.816,40.8339],[-73.8159,40.8336],[-73.8158,40.8335],[-73.8158,40.8335],[-73.8158,40.8335],[-73.8157,40.8335],[-73.8157,40.8334],[-73.8158,40.8334],[-73.8158,40.8334],[-73.8158,40.8332],[-73.8158,40.8331],[-73.8158,40.833],[-73.8157,40.8329],[-73.8156,40.8328],[-73.8157,40.8327],[-73.8156,40.8326],[-73.8155,40.8324],[-73.8155,40.8323],[-73.8155,40.8323],[-73.8154,40.8322],[-73.8154,40.8322],[-73.8153,40.8321],[-73.8153,40.832],[-73.8153,40.8319],[-73.8152,40.8318],[-73.8151,40.8317],[-73.8151,40.8317],[-73.815,40.8317],[-73.815,40.8317],[-73.8151,40.8316],[-73.8151,40.8316],[-73.8151,40.8316],[-73.8151,40.8316],[-73.8151,40.8315],[-73.815,40.8314],[-73.815,40.8314],[-73.815,40.8314],[-73.815,40.8314],[-73.8149,40.8312],[-73.8149,40.8311],[-73.8149,40.831],[-73.8148,40.8308],[-73.8147,40.8308],[-73.8146,40.8307],[-73.8145,40.8306],[-73.8145,40.8306],[-73.8145,40.8306],[-73.8144,40.8305],[-73.8144,40.8305],[-73.8143,40.8305],[-73.8143,40.8305],[-73.8143,40.8304],[-73.8143,40.8304],[-73.8143,40.8303],[-73.8142,40.8303],[-73.8141,40.8302],[-73.814,40.8301],[-73.8139,40.8301],[-73.8139,40.83],[-73.8139,40.83],[-73.8138,40.8299],[-73.8139,40.8299],[-73.8139,40.8298],[-73.8139,40.8297],[-73.8138,40.8296],[-73.8137,40.8296],[-73.8137,40.8295],[-73.8137,40.8294],[-73.8136,40.8294],[-73.8135,40.8293],[-73.8135,40.8294],[-73.8134,40.8294],[-73.8134,40.8294],[-73.8134,40.8293],[-73.8135,40.8293],[-73.8135,40.8292],[-73.8135,40.8292],[-73.8134,40.829],[-73.8133,40.829],[-73.8132,40.8289],[-73.8131,40.8289],[-73.813,40.829],[-73.813,40.829],[-73.8129,40.829],[-73.813,40.8289],[-73.813,40.8289],[-73.8131,40.8288],[-73.8132,40.8288],[-73.8132,40.8288],[-73.8131,40.8288],[-73.8131,40.8288],[-73.8131,40.8288],[-73.8131,40.8287],[-73.8131,40.8287],[-73.813,40.8287],[-73.8129,40.8287],[-73.8128,40.8286],[-73.8128,40.8285],[-73.8128,40.8285],[-73.8129,40.8284],[-73.8129,40.8284],[-73.8128,40.8283],[-73.8124,40.8283],[-73.8117,40.8283],[-73.8111,40.8283],[-73.8104,40.8283],[-73.81,40.8283],[-73.81,40.8282],[-73.81,40.8282],[-73.8099,40.8282],[-73.8099,40.8282],[-73.8099,40.8282],[-73.8099,40.828],[-73.81,40.828],[-73.81,40.8279],[-73.81,40.8279],[-73.8101,40.8278],[-73.8101,40.8278],[-73.8102,40.8279],[-73.8103,40.828],[-73.8111,40.828],[-73.8113,40.828],[-73.8115,40.828],[-73.8117,40.828],[-73.8119,40.828],[-73.8121,40.8279],[-73.8122,40.8279],[-73.8124,40.8278],[-73.8126,40.8278],[-73.8127,40.8278],[-73.8127,40.8278],[-73.8127,40.8278],[-73.8127,40.8277],[-73.8127,40.8277],[-73.8127,40.8276],[-73.8127,40.8276],[-73.8129,40.8274],[-73.8132,40.8273],[-73.8133,40.8272],[-73.8134,40.8271],[-73.8135,40.827],[-73.8135,40.8269],[-73.8136,40.8269],[-73.8138,40.8268],[-73.8138,40.8268],[-73.8139,40.8268],[-73.8139,40.8267],[-73.8139,40.8267],[-73.8139,40.8266],[-73.8138,40.8266],[-73.8138,40.8266],[-73.8137,40.8265],[-73.8137,40.8265],[-73.8137,40.8264],[-73.8137,40.8263],[-73.8137,40.8263],[-73.8138,40.8262],[-73.8138,40.8262],[-73.8139,40.8261],[-73.814,40.8261],[-73.814,40.826],[-73.814,40.826],[-73.814,40.8259],[-73.814,40.8258],[-73.814,40.8257],[-73.8139,40.8257],[-73.8139,40.8256],[-73.8138,40.8256],[-73.8138,40.8255],[-73.8138,40.8255],[-73.8138,40.8254],[-73.8138,40.8253],[-73.8137,40.8253],[-73.8136,40.8252],[-73.8135,40.8252],[-73.8133,40.8252],[-73.8133,40.8252],[-73.8132,40.8251],[-73.8131,40.8251],[-73.8131,40.825],[-73.8131,40.825],[-73.8131,40.8249],[-73.8132,40.8248],[-73.8134,40.8247],[-73.8136,40.8246],[-73.814,40.8245],[-73.814,40.8244],[-73.814,40.8242],[-73.8139,40.8241],[-73.8138,40.824],[-73.8133,40.824],[-73.8131,40.8242],[-73.813,40.8242],[-73.8129,40.8243],[-73.8128,40.8243],[-73.8128,40.8244],[-73.8128,40.8244],[-73.8128,40.8245],[-73.8128,40.8246],[-73.8128,40.8247],[-73.8128,40.8248],[-73.8128,40.8248],[-73.8127,40.8248],[-73.8127,40.8248],[-73.8126,40.8247],[-73.8126,40.8246],[-73.8125,40.8245],[-73.8124,40.8244],[-73.8123,40.8244],[-73.8121,40.8243],[-73.812,40.8243],[-73.8118,40.8243],[-73.8117,40.8244],[-73.8117,40.8244],[-73.8117,40.8244],[-73.8116,40.8245],[-73.8114,40.8246],[-73.8113,40.8246],[-73.8112,40.8246],[-73.8112,40.8247],[-73.8112,40.8247],[-73.8112,40.8248],[-73.8112,40.8248],[-73.8111,40.8248],[-73.8111,40.8247],[-73.811,40.8247],[-73.811,40.8248],[-73.8108,40.8249],[-73.8108,40.8249],[-73.8106,40.8249],[-73.8105,40.825],[-73.8104,40.825],[-73.8103,40.8251],[-73.8102,40.8252],[-73.8102,40.8251],[-73.8099,40.8252],[-73.8097,40.8253],[-73.8096,40.8254],[-73.8093,40.8255],[-73.8092,40.8256],[-73.8092,40.8258],[-73.8091,40.8259],[-73.8089,40.8258],[-73.8087,40.8258],[-73.8085,40.8259],[-73.8084,40.8258],[-73.8083,40.8258],[-73.8081,40.8258],[-73.808,40.8258],[-73.8078,40.8258],[-73.8077,40.8258],[-73.8077,40.8259],[-73.8076,40.8258],[-73.8075,40.8258],[-73.8074,40.8257],[-73.8073,40.8256],[-73.8072,40.8255],[-73.8071,40.8254],[-73.807,40.8254],[-73.807,40.8253],[-73.8069,40.8252],[-73.8068,40.825],[-73.8068,40.8249],[-73.8068,40.8248],[-73.8067,40.8247],[-73.8067,40.8246],[-73.8066,40.8246],[-73.8066,40.8246],[-73.8067,40.8245],[-73.8068,40.8245],[-73.8068,40.8243],[-73.8067,40.8242],[-73.8065,40.8242],[-73.8065,40.8242],[-73.8066,40.8242],[-73.8067,40.8241],[-73.8068,40.8241],[-73.8068,40.8239],[-73.8067,40.8238],[-73.8066,40.8238],[-73.8065,40.8238],[-73.8065,40.8238],[-73.8066,40.8237],[-73.8067,40.8237],[-73.8067,40.8236],[-73.8067,40.8234],[-73.8066,40.8233],[-73.8064,40.8233],[-73.8063,40.8233],[-73.8063,40.8233],[-73.8065,40.8232],[-73.8065,40.8231],[-73.8064,40.823],[-73.8063,40.8228],[-73.8061,40.8229],[-73.806,40.8229],[-73.806,40.8229],[-73.8061,40.8228],[-73.8062,40.8227],[-73.8062,40.8226],[-73.806,40.822],[-73.806,40.8218],[-73.806,40.8214],[-73.806,40.8208],[-73.8057,40.8202],[-73.8052,40.8197],[-73.8046,40.819],[-73.8044,40.8188],[-73.8042,40.8187],[-73.8039,40.8185],[-73.8037,40.8183],[-73.8035,40.8183],[-73.8033,40.8182],[-73.803,40.8182],[-73.8028,40.8182],[-73.8026,40.8183],[-73.8026,40.8184],[-73.8026,40.8184],[-73.8025,40.8185],[-73.8024,40.8185],[-73.8023,40.8185],[-73.8022,40.8185],[-73.8021,40.8186],[-73.802,40.8185],[-73.8019,40.8184],[-73.8018,40.8183],[-73.8016,40.8183],[-73.8014,40.8182],[-73.8012,40.8181],[-73.8011,40.8181],[-73.8009,40.8181],[-73.8007,40.818],[-73.8006,40.8179],[-73.8006,40.8178],[-73.8006,40.8177],[-73.8004,40.8176],[-73.8002,40.8175],[-73.8,40.8174],[-73.7998,40.8174],[-73.7996,40.8173],[-73.7994,40.8172],[-73.7984,40.8169],[-73.7982,40.8168],[-73.7982,40.8168],[-73.7981,40.8168],[-73.798,40.8167],[-73.7979,40.8166],[-73.7977,40.8165],[-73.7974,40.8158],[-73.7974,40.8157],[-73.7981,40.8157],[-73.799,40.8155],[-73.8001,40.814],[-73.8009,40.8138],[-73.8013,40.8133],[-73.8017,40.8129],[-73.802,40.8128],[-73.8021,40.8128],[-73.8022,40.8128],[-73.8022,40.8127],[-73.8024,40.8126],[-73.8025,40.8125],[-73.8027,40.8125],[-73.8029,40.8125],[-73.8031,40.8125],[-73.8032,40.8125],[-73.8034,40.8125],[-73.8035,40.8126],[-73.8035,40.8126],[-73.8035,40.8125],[-73.8036,40.8125],[-73.8036,40.8125],[-73.8037,40.8126],[-73.8036,40.8126],[-73.8035,40.8129],[-73.8035,40.813],[-73.8033,40.8132],[-73.8032,40.8133],[-73.8032,40.8134],[-73.8032,40.8135],[-73.8036,40.814],[-73.8042,40.8146],[-73.8043,40.8146],[-73.8044,40.8147],[-73.8045,40.8149],[-73.8046,40.8151],[-73.8047,40.8152],[-73.8048,40.8153],[-73.8049,40.8153],[-73.8049,40.8154],[-73.805,40.8155],[-73.805,40.8155],[-73.8051,40.8155],[-73.8051,40.8156],[-73.8052,40.8157],[-73.8052,40.8157],[-73.8058,40.816],[-73.8062,40.8163],[-73.8064,40.8165],[-73.8066,40.8166],[-73.8066,40.8167],[-73.8069,40.8166],[-73.807,40.8165],[-73.8068,40.816],[-73.8068,40.816],[-73.8066,40.8157],[-73.8064,40.8154],[-73.8056,40.8148],[-73.8056,40.8148],[-73.8055,40.8147],[-73.8055,40.8146],[-73.8056,40.8145],[-73.8055,40.8144],[-73.8054,40.8143],[-73.8054,40.8142],[-73.8054,40.8138],[-73.8055,40.8137],[-73.8055,40.8137],[-73.8055,40.8136],[-73.8054,40.8136],[-73.8054,40.8135],[-73.8054,40.8135],[-73.8054,40.8135],[-73.8055,40.8134],[-73.8054,40.8134],[-73.8053,40.8132],[-73.8053,40.8128],[-73.805,40.8126],[-73.805,40.8126],[-73.805,40.8125],[-73.8051,40.8124],[-73.8051,40.8123],[-73.805,40.8123],[-73.805,40.8122],[-73.8049,40.8121],[-73.8048,40.812],[-73.8045,40.8121],[-73.8045,40.8121],[-73.8044,40.8121],[-73.8044,40.812],[-73.8041,40.8121],[-73.8039,40.8121],[-73.8034,40.8116],[-73.8032,40.8112],[-73.8029,40.8105],[-73.8024,40.81],[-73.8022,40.81],[-73.8021,40.81],[-73.8022,40.8101],[-73.8021,40.8101],[-73.8021,40.8101],[-73.8015,40.8106],[-73.8012,40.8105],[-73.8001,40.8097],[-73.7958,40.8083],[-73.7937,40.8074],[-73.7923,40.8068],[-73.7917,40.8069],[-73.7915,40.8069],[-73.7914,40.807],[-73.7914,40.807],[-73.7913,40.8071],[-73.7913,40.8071],[-73.7913,40.8072],[-73.7913,40.8072],[-73.7914,40.8073],[-73.7914,40.8073],[-73.7915,40.8073],[-73.7916,40.8074],[-73.7916,40.8074],[-73.7916,40.8075],[-73.7915,40.8075],[-73.7915,40.8075],[-73.7915,40.8075],[-73.7913,40.8075],[-73.791,40.8074],[-73.7908,40.8073],[-73.7908,40.8071],[-73.7907,40.8069],[-73.7907,40.8067],[-73.7904,40.8063],[-73.7901,40.8058],[-73.7901,40.8054],[-73.7903,40.8048],[-73.7907,40.8045],[-73.7916,40.8041],[-73.7918,40.8041],[-73.7919,40.8041],[-73.7921,40.8041],[-73.7922,40.804],[-73.7925,40.8041],[-73.7927,40.8041],[-73.793,40.8042],[-73.7933,40.8042],[-73.7935,40.8043],[-73.7937,40.8044],[-73.794,40.8046],[-73.7945,40.805],[-73.7949,40.8055],[-73.7952,40.8057],[-73.7955,40.806],[-73.7958,40.8062],[-73.7964,40.8063],[-73.797,40.8063],[-73.7979,40.8067],[-73.8005,40.8084],[-73.8015,40.8089],[-73.8015,40.809],[-73.8017,40.809],[-73.8018,40.8091],[-73.802,40.8091],[-73.8024,40.8092],[-73.8028,40.8091],[-73.8031,40.809],[-73.8034,40.8088],[-73.8036,40.8088],[-73.8037,40.8087],[-73.8037,40.8086],[-73.8037,40.8085],[-73.8038,40.8085],[-73.8038,40.8085],[-73.8039,40.8085],[-73.8039,40.8085],[-73.804,40.8086],[-73.8041,40.8088],[-73.8043,40.809],[-73.8047,40.8092],[-73.805,40.8094],[-73.8052,40.8096],[-73.8055,40.8097],[-73.8058,40.8099],[-73.8062,40.81],[-73.8071,40.8107],[-73.8073,40.811],[-73.8076,40.8113],[-73.8079,40.8116],[-73.8081,40.8118],[-73.8084,40.812],[-73.8088,40.8123],[-73.8091,40.8125],[-73.8095,40.8127],[-73.8099,40.8129],[-73.8101,40.813],[-73.8103,40.813],[-73.8104,40.813],[-73.8106,40.8129],[-73.8108,40.8128],[-73.8108,40.8128],[-73.8108,40.8129],[-73.8109,40.8129],[-73.8109,40.8129],[-73.811,40.8129],[-73.811,40.8129],[-73.8111,40.8129],[-73.8112,40.8129],[-73.8112,40.813],[-73.8113,40.813],[-73.8115,40.813],[-73.8116,40.8131],[-73.8117,40.8131],[-73.8118,40.813],[-73.8118,40.813],[-73.8118,40.8129],[-73.8119,40.813],[-73.8119,40.813],[-73.8121,40.8131],[-73.8123,40.8131],[-73.8124,40.8131],[-73.8126,40.8131],[-73.8127,40.8131],[-73.8128,40.8132],[-73.813,40.8133],[-73.8131,40.8133],[-73.8135,40.8134],[-73.8136,40.8133],[-73.8136,40.8134],[-73.814,40.8136],[-73.8142,40.8135],[-73.8143,40.8135],[-73.8144,40.8135],[-73.8147,40.8135],[-73.8149,40.8135],[-73.815,40.8135],[-73.8155,40.8135],[-73.8158,40.8136],[-73.8162,40.8139],[-73.8167,40.8138],[-73.8169,40.8137],[-73.8174,40.8136],[-73.8174,40.8136],[-73.8176,40.8136],[-73.8178,40.8136],[-73.8179,40.8135],[-73.818,40.8135],[-73.8181,40.8135],[-73.8181,40.8135],[-73.8182,40.8135],[-73.8185,40.8135],[-73.8189,40.8134],[-73.8194,40.8133],[-73.8196,40.8132],[-73.8198,40.8132],[-73.82,40.8131],[-73.8201,40.813],[-73.8204,40.8128],[-73.8205,40.813],[-73.8206,40.813],[-73.821,40.813],[-73.8211,40.813],[-73.8212,40.8129],[-73.8212,40.8129],[-73.8212,40.8129],[-73.8212,40.8129],[-73.8212,40.8128],[-73.8213,40.8129],[-73.8214,40.8129],[-73.8215,40.8128],[-73.8217,40.8128],[-73.822,40.8128],[-73.8221,40.8126],[-73.8222,40.8127],[-73.8223,40.8127],[-73.8227,40.8125],[-73.8229,40.8125],[-73.8231,40.8125],[-73.8232,40.8124],[-73.8234,40.8124],[-73.8235,40.8123],[-73.8235,40.8123],[-73.8235,40.8122],[-73.8235,40.8122],[-73.8236,40.8123],[-73.8236,40.8123],[-73.8238,40.8122],[-73.8241,40.8122],[-73.8244,40.8121],[-73.8246,40.8119],[-73.8246,40.8118],[-73.8246,40.8117],[-73.8248,40.8117],[-73.8248,40.8118],[-73.8249,40.8118],[-73.825,40.8118],[-73.8251,40.8118],[-73.8252,40.8118],[-73.8254,40.8117],[-73.8255,40.8116],[-73.8257,40.8116],[-73.8257,40.8116],[-73.8258,40.8115],[-73.8259,40.8115],[-73.826,40.8115],[-73.8261,40.8114],[-73.8261,40.8113],[-73.8262,40.8113],[-73.8262,40.8113],[-73.8263,40.8113],[-73.8267,40.8114],[-73.8271,40.8114],[-73.8274,40.8115],[-73.8278,40.8115],[-73.8282,40.8114],[-73.8286,40.8114],[-73.829,40.8113],[-73.8293,40.8112],[-73.8297,40.8111],[-73.83,40.8109],[-73.8303,40.8107],[-73.8306,40.8105],[-73.831,40.8103],[-73.8312,40.81],[-73.8315,40.8097],[-73.8317,40.8094],[-73.8321,40.8083],[-73.8322,40.8081],[-73.8322,40.8078],[-73.8322,40.8076],[-73.8321,40.8074],[-73.8321,40.8072],[-73.8319,40.807],[-73.8318,40.8068],[-73.8316,40.8066],[-73.8314,40.8052],[-73.8316,40.8049],[-73.832,40.8049],[-73.8325,40.8049],[-73.833,40.805],[-73.8335,40.805],[-73.8341,40.8051],[-73.8346,40.8052],[-73.8351,40.8054],[-73.8359,40.8057],[-73.8367,40.8059],[-73.837,40.806],[-73.8373,40.8061],[-73.8374,40.8062],[-73.838,40.807],[-73.8381,40.807],[-73.8381,40.8071],[-73.8381,40.8071],[-73.838,40.8073],[-73.838,40.8076],[-73.8381,40.8078],[-73.8382,40.8081],[-73.8383,40.8083],[-73.8385,40.8085],[-73.8385,40.8087],[-73.8386,40.8089],[-73.8387,40.8091],[-73.8389,40.8093],[-73.8391,40.8096],[-73.8393,40.81],[-73.8394,40.8102],[-73.8397,40.8105],[-73.8399,40.8109],[-73.84,40.8111],[-73.8402,40.8113],[-73.8403,40.8116],[-73.8403,40.8118],[-73.8403,40.8122],[-73.8404,40.8124],[-73.8404,40.8125],[-73.8404,40.8127],[-73.8403,40.8129],[-73.8403,40.813],[-73.8403,40.8131],[-73.8402,40.8134],[-73.84,40.8136],[-73.8399,40.8138],[-73.8399,40.8138],[-73.8397,40.8139],[-73.8396,40.8141],[-73.8396,40.8142],[-73.8396,40.8145],[-73.8396,40.8154],[-73.8395,40.8158],[-73.8396,40.816],[-73.8397,40.8161],[-73.8397,40.8162],[-73.8397,40.8163],[-73.8397,40.8164],[-73.8398,40.8165],[-73.8398,40.8166],[-73.8399,40.8167],[-73.84,40.8167],[-73.8401,40.8169],[-73.8402,40.8172],[-73.8401,40.8176],[-73.8401,40.8177],[-73.8401,40.8179],[-73.84,40.818],[-73.8399,40.8181],[-73.8398,40.8182],[-73.8389,40.819],[-73.8387,40.8196],[-73.8391,40.8198],[-73.839,40.8202],[-73.839,40.8207],[-73.8389,40.8213],[-73.839,40.8219],[-73.8389,40.8221],[-73.839,40.8222],[-73.8391,40.8223],[-73.839,40.8224],[-73.8391,40.8225],[-73.8391,40.8227],[-73.8392,40.8229],[-73.8395,40.8229],[-73.8395,40.823],[-73.8395,40.8232],[-73.8394,40.8233],[-73.8396,40.8237],[-73.8396,40.8239],[-73.8397,40.8241],[-73.8398,40.8242],[-73.8399,40.8242],[-73.84,40.8242],[-73.8401,40.8243],[-73.8401,40.8243],[-73.8401,40.8244],[-73.8403,40.8248],[-73.8409,40.8258],[-73.8411,40.8263],[-73.8415,40.827],[-73.8419,40.8278],[-73.842,40.828],[-73.8422,40.8283],[-73.8422,40.8284],[-73.8423,40.8286],[-73.8423,40.8288],[-73.8423,40.8291],[-73.8419,40.8306],[-73.8408,40.8317],[-73.8402,40.8322],[-73.8392,40.8332],[-73.8389,40.8336],[-73.8388,40.8338],[-73.8388,40.8341],[-73.8389,40.8344],[-73.8389,40.8347],[-73.839,40.835],[-73.839,40.8353],[-73.839,40.8356],[-73.8391,40.8359],[-73.8392,40.8367],[-73.8393,40.8372],[-73.8392,40.8376],[-73.8393,40.838],[-73.8392,40.8383],[-73.8392,40.8387],[-73.8396,40.8388],[-73.8397,40.8396]]]]}},{"type":"Feature","id":"10466","properties":{"modzcta":"10466"},"geometry":{"type":"MultiPolygon","coordinates":[[[[-73.8557,40.8842],[-73.861,40.886],[-73.8645,40.8866],[-73.8646,40.8883],[-73.863,40.8911],[-73.8628,40.8917],[-73.8623,40.8927],[-73.862,40.8932],[-73.8615,40.8943],[-73.8614,40.8947],[-73.8618,40.8948],[-73.8621,40.8949],[-73.8622,40.8949],[-73.8623,40.896],[-73.8616,40.8971],[-73.8615,40.8973],[-73.8611,40.8978],[-73.8602,40.8988],[-73.8594,40.9004],[-73.8586,40.9001],[-73.857,40.8995],[-73.857,40.8979],[-73.8554,40.8989],[-73.8534,40.8981],[-73.8517,40.9003],[-73.8495,40.903],[-73.8476,40.9022],[-73.8474,40.902],[-73.8471,40.9018],[-73.847,40.9016],[-73.8468,40.9015],[-73.8465,40.9031],[-73.8462,40.9031],[-73.846,40.9032],[-73.8461,40.9038],[-73.8454,40.9043],[-73.8449,40.9047],[-73.8444,40.9042],[-73.8424,40.9042],[-73.8411,40.9035],[-73.841,40.9028],[-73.8408,40.9018],[-73.8408,40.9016],[-73.8407,40.9015],[-73.84,40.9006],[-73.8392,40.8994],[-73.8392,40.8993],[-73.8392,40.8991],[-73.8392,40.899],[-73.8392,40.8988],[-73.8397,40.8979],[-73.839,40.8956],[-73.838,40.8941],[-73.8363,40.8936],[-73.8336,40.8928],[-73.8318,40.8924],[-73.8301,40.8918],[-73.8287,40.8914],[-73.8272,40.8909],[-73.8239,40.89],[-73.8227,40.8896],[-73.8233,40.89],[-73.8229,40.8912],[-73.8196,40.8903],[-73.8199,40.8901],[-73.8202,40.8899],[-73.8214,40.8893],[-73.8227,40.8885],[-73.8237,40.8879],[-73.824,40.8877],[-73.8253,40.887],[-73.8267,40.8864],[-73.8278,40.886],[-73.8295,40.8853],[-73.8307,40.8849],[-73.8323,40.8846],[-73.8328,40.8845],[-73.8332,40.8844],[-73.8336,40.8842],[-73.8343,40.8839],[-73.8356,40.8829],[-73.8366,40.8821],[-73.8378,40.8816],[-73.8397,40.8809],[-73.8413,40.8803],[-73.8427,40.8794],[-73.8443,40.8804],[-73.8473,40.8813],[-73.8487,40.8814],[-73.8532,40.883],[-73.8557,40.8842],[-73.8557,40.8842]]]]}},{"type":"Feature","id":"10467","properties":{"modzcta":"10467"},"geometry":{"type":"MultiPolygon","coordinates":[[[[-73.8799,40.8684],[-73.8804,40.8692],[-73.8805,40.8694],[-73.8807,40.8699],[-73.8808,40.8702],[-73.8811,40.8708],[-73.8814,40.8714],[-73.8817,40.8721],[-73.8825,40.8721],[-73.8826,40.8725],[-73.8827,40.8728],[-73.883,40.8731],[-73.8832,40.8734],[-73.8834,40.8738],[-73.8835,40.8748],[-73.8834,40.8757],[-73.8834,40.876],[-73.8835,40.8762],[-73.8838,40.8768],[-73.8846,40.8781],[-73.8848,40.8784],[-73.8851,40.8789],[-73.8854,40.8791],[-73.8858,40.8793],[-73.8858,40.8799],[-73.8871,40.8825],[-73.8872,40.8828],[-73.8872,40.8831],[-73.8871,40.8831],[-73.8871,40.8832],[-73.8871,40.8837],[-73.887,40.884],[-73.8871,40.8843],[-73.8877,40.8843],[-73.8889,40.8845],[-73.8908,40.8849],[-73.8929,40.8853],[-73.8945,40.8856],[-73.8951,40.8856],[-73.8956,40.8858],[-73.8951,40.8859],[-73.8948,40.8861],[-73.8947,40.8863],[-73.895,40.8866],[-73.8953,40.8866],[-73.8955,40.8865],[-73.896,40.8863],[-73.8953,40.8868],[-73.8944,40.8874],[-73.893,40.888],[-73.8904,40.8887],[-73.8895,40.889],[-73.889,40.8891],[-73.8877,40.8897],[-73.8876,40.8898],[-73.8872,40.8909],[-73.8869,40.8916],[-73.8857,40.8937],[-73.885,40.8952],[-73.8848,40.8957],[-73.8846,40.8966],[-73.8845,40.8973],[-73.8846,40.8979],[-73.8848,40.8985],[-73.8853,40.8993],[-73.8856,40.8996],[-73.8861,40.9],[-73.8864,40.9001],[-73.8867,40.9003],[-73.8866,40.9003],[-73.8859,40.9028],[-73.8863,40.9034],[-73.8862,40.9038],[-73.8862,40.9047],[-73.8863,40.9052],[-73.8865,40.9058],[-73.8866,40.9065],[-73.8866,40.9067],[-73.8864,40.9076],[-73.886,40.9083],[-73.8848,40.9079],[-73.8841,40.9077],[-73.8815,40.9069],[-73.8782,40.906],[-73.8782,40.9055],[-73.8784,40.9043],[-73.8786,40.9028],[-73.879,40.9004],[-73.8794,40.8988],[-73.8795,40.8985],[-73.8801,40.8973],[-73.8804,40.8967],[-73.8802,40.8961],[-73.88,40.8954],[-73.88,40.8952],[-73.8801,40.8951],[-73.8802,40.8947],[-73.8802,40.8942],[-73.8804,40.8933],[-73.8804,40.8929],[-73.8803,40.8925],[-73.8802,40.8921],[-73.8782,40.8881],[-73.8781,40.8876],[-73.878,40.8873],[-73.878,40.8871],[-73.8778,40.8868],[-73.8777,40.8835],[-73.8772,40.882],[-73.8753,40.8817],[-73.8748,40.8801],[-73.8741,40.88],[-73.8719,40.8802],[-73.8708,40.8805],[-73.8692,40.8833],[-73.8688,40.8842],[-73.8684,40.8851],[-73.8681,40.8861],[-73.8678,40.8871],[-73.8674,40.8881],[-73.867,40.8891],[-73.8637,40.8943],[-73.8633,40.8953],[-73.8622,40.8949],[-73.8621,40.8949],[-73.8618,40.8948],[-73.8614,40.8947],[-73.8615,40.8943],[-73.862,40.8932],[-73.8623,40.8927],[-73.8628,40.8917],[-73.863,40.8911],[-73.8646,40.8883],[-73.8645,40.8866],[-73.861,40.886],[-73.8557,40.8842],[-73.8563,40.8832],[-73.8567,40.8824],[-73.8574,40.881],[-73.8582,40.8796],[-73.8586,40.8789],[-73.8593,40.8777],[-73.8601,40.8763],[-73.8605,40.8755],[-73.8611,40.8745],[-73.8613,40.8737],[-73.8613,40.8725],[-73.8614,40.8713],[-73.8624,40.8696],[-73.8617,40.8678],[-73.8615,40.8676],[-73.8616,40.8655],[-73.8622,40.8642],[-73.8616,40.8631],[-73.8617,40.8627],[-73.8617,40.8622],[-73.8617,40.8618],[-73.8617,40.8615],[-73.8618,40.8596],[-73.8618,40.8593],[-73.8618,40.859],[-73.8618,40.8586],[-73.8618,40.8582],[-73.8629,40.858],[-73.8632,40.8579],[-73.8639,40.8579],[-73.8646,40.8579],[-73.8656,40.8579],[-73.8676,40.8578],[-73.8681,40.8578],[-73.8682,40.8579],[-73.8682,40.858],[-73.8684,40.8578],[-73.8695,40.8577],[-73.8709,40.8573],[-73.8709,40.8573],[-73.871,40.8573],[-73.8711,40.8573],[-73.871,40.8578],[-73.8709,40.8589],[-73.8704,40.8633],[-73.8704,40.8638],[-73.8704,40.8643],[-73.8704,40.8648],[-73.8704,40.8654],[-73.8705,40.868],[-73.8705,40.8682],[-73.8705,40.8688],[-73.8705,40.8693],[-73.8705,40.8695],[-73.8705,40.8697],[-73.8704,40.8733],[-73.8703,40.8756],[-73.8703,40.8758],[-73.8703,40.8761],[-73.8702,40.8763],[-73.8702,40.8764],[-73.8695,40.878],[-73.8695,40.8781],[-73.8698,40.8782],[-73.8701,40.8783],[-73.8703,40.8784],[-73.8716,40.8769],[-73.8744,40.8727],[-73.8762,40.8705],[-73.8777,40.8696],[-73.8799,40.8684],[-73.8799,40.8684]]]]}},{"type":"Feature","id":"10468","properties":{"modzcta":"10468"},"geometry":{"type":"MultiPolygon","coordinates":[[[[-73.9,40.8574],[-73.9009,40.8578],[-73.9028,40.8584],[-73.9039,40.8584],[-73.9057,40.859],[-73.9071,40.8594],[-73.9078,40.8596],[-73.9086,40.86],[-73.9091,40.8603],[-73.9093,40.8603],[-73.9094,40.8603],[-73.9096,40.8603],[-73.9098,40.8602],[-73.9099,40.8601],[-73.9101,40.8601],[-73.9103,40.8602],[-73.9105,40.8604],[-73.9107,40.8605],[-73.911,40.8606],[-73.9113,40.8605],[-73.9116,40.8604],[-73.9121,40.8602],[-73.9126,40.86],[-73.9131,40.8598],[-73.9154,40.8587],[-73.9162,40.8588],[-73.9167,40.858],[-73.9168,40.8576],[-73.917,40.8573],[-73.9171,40.857],[-73.9172,40.8559],[-73.9173,40.856],[-73.9174,40.8562],[-73.9174,40.8564],[-73.9174,40.8569],[-73.9175,40.8569],[-73.9189,40.8573],[-73.9183,40.8582],[-73.9178,40.8587],[-73.9169,40.8593],[-73.9158,40.8606],[-73.9148,40.8617],[-73.9148,40.8619],[-73.9147,40.8619],[-73.9147,40.862],[-73.9146,40.8621],[-73.9146,40.8621],[-73.9142,40.8625],[-73.9128,40.863],[-73.9123,40.8636],[-73.9127,40.864],[-73.9106,40.8664],[-73.9105,40.8665],[-73.9104,40.8666],[-73.9104,40.8667],[-73.9104,40.8667],[-73.9104,40.8668],[-73.9102,40.8672],[-73.9097,40.8684],[-73.9093,40.8696],[-73.9087,40.8714],[-73.9087,40.8722],[-73.9085,40.8714],[-73.9084,40.8706],[-73.9084,40.8698],[-73.9084,40.8689],[-73.9064,40.8733],[-73.9061,40.8732],[-73.9072,40.8709],[-73.9078,40.8693],[-73.9079,40.8684],[-73.9082,40.8676],[-73.9084,40.8669],[-73.9079,40.8677],[-73.9066,40.8688],[-73.9048,40.8699],[-73.904,40.8699],[-73.9035,40.8705],[-73.9031,40.8712],[-73.9028,40.8724],[-73.9023,40.8738],[-73.9022,40.8756],[-73.9013,40.8761],[-73.901,40.8764],[-73.8996,40.8766],[-73.9001,40.8757],[-73.9003,40.8754],[-73.9004,40.8751],[-73.9004,40.8749],[-73.9004,40.8746],[-73.9002,40.8744],[-73.9,40.8742],[-73.8997,40.8742],[-73.8994,40.8742],[-73.8991,40.8741],[-73.8989,40.8741],[-73.8986,40.8739],[-73.8984,40.8738],[-73.8982,40.8734],[-73.898,40.8728],[-73.8979,40.8722],[-73.8978,40.8717],[-73.8941,40.8756],[-73.8921,40.8781],[-73.8912,40.8792],[-73.8908,40.8795],[-73.8904,40.8799],[-73.89,40.8802],[-73.888,40.8828],[-73.8878,40.8828],[-73.8875,40.8828],[-73.8872,40.8828],[-73.8871,40.8825],[-73.8858,40.8799],[-73.8858,40.8793],[-73.8854,40.8791],[-73.8851,40.8789],[-73.8848,40.8784],[-73.885,40.878],[-73.8853,40.8773],[-73.8856,40.8768],[-73.8859,40.8761],[-73.886,40.8759],[-73.8862,40.8754],[-73.8865,40.8747],[-73.8868,40.874],[-73.8874,40.8727],[-73.8876,40.8724],[-73.8879,40.8721],[-73.8883,40.8717],[-73.8888,40.8714],[-73.8899,40.8708],[-73.891,40.8702],[-73.8914,40.8698],[-73.8917,40.8695],[-73.8922,40.8689],[-73.893,40.8679],[-73.8938,40.8669],[-73.8941,40.8665],[-73.8944,40.8661],[-73.8944,40.866],[-73.8949,40.8654],[-73.8953,40.8648],[-73.8971,40.8624],[-73.898,40.8608],[-73.8983,40.8603],[-73.8988,40.8594],[-73.8992,40.8587],[-73.9,40.8574]]]]}},{"type":"Feature","id":"10469","properties":{"modzcta":"10469"},"geometry":{"type":"MultiPolygon","coordinates":[[[[-73.8618,40.858],[-73.8618,40.8583],[-73.8618,40.8587],[-73.8618,40.859],[-73.8618,40.8593],[-73.8617,40.8612],[-73.8617,40.8616],[-73.8617,40.8618],[-73.8617,40.8623],[-73.8617,40.8627],[-73.8622,40.8636],[-73.8621,40.8655],[-73.8615,40.8662],[-73.8615,40.8678],[-73.8625,40.8687],[-73.8614,40.8696],[-73.8614,40.8718],[-73.8613,40.8731],[-73.8613,40.8741],[-73.8607,40.8751],[-73.8603,40.8758],[-73.8597,40.8769],[-73.8589,40.8784],[-73.8586,40.879],[-73.8578,40.8803],[-73.8571,40.8817],[-73.8565,40.8828],[-73.8559,40.8839],[-73.853,40.8834],[-73.8507,40.8822],[-73.8475,40.8809],[-73.8445,40.8801],[-73.8433,40.88],[-73.842,40.8799],[-73.8405,40.8806],[-73.8387,40.8813],[-73.8375,40.8791],[-73.8366,40.8774],[-73.8363,40.8768],[-73.8359,40.8762],[-73.8357,40.8758],[-73.8354,40.8755],[-73.8352,40.8751],[-73.8347,40.8734],[-73.8346,40.8727],[-73.8343,40.872],[-73.8341,40.8713],[-73.8337,40.8705],[-73.8332,40.8684],[-73.8331,40.8683],[-73.8318,40.8659],[-73.8302,40.8634],[-73.8284,40.8609],[-73.8284,40.8608],[-73.8296,40.8594],[-73.8307,40.858],[-73.8313,40.8573],[-73.8321,40.8565],[-73.8327,40.8561],[-73.8328,40.856],[-73.833,40.8561],[-73.8347,40.8563],[-73.835,40.8566],[-73.8369,40.857],[-73.8368,40.8573],[-73.8382,40.8575],[-73.84,40.8578],[-73.8419,40.8581],[-73.8446,40.8584],[-73.8465,40.8586],[-73.8483,40.8587],[-73.8503,40.8587],[-73.8522,40.8585],[-73.8541,40.8583],[-73.856,40.8582],[-73.8588,40.8581],[-73.8618,40.858]],[[-73.8327,40.8561],[-73.8324,40.8565],[-73.8323,40.8566],[-73.8323,40.8567],[-73.8324,40.8569],[-73.8325,40.8569],[-73.8328,40.8569],[-73.833,40.8568],[-73.8333,40.8566],[-73.8333,40.8565],[-73.8333,40.8564],[-73.8332,40.8563],[-73.833,40.8562],[-73.8328,40.8561],[-73.8327,40.8561]]]]}},{"type":"Feature","id":"10470","properties":{"modzcta":"10470"},"geometry":{"type":"MultiPolygon","coordinates":[[[[-73.8449,40.9047],[-73.8454,40.9043],[-73.8461,40.9038],[-73.846,40.9032],[-73.8462,40.9031],[-73.8465,40.9031],[-73.8468,40.9015],[-73.847,40.9016],[-73.8471,40.9018],[-73.8474,40.902],[-73.8476,40.9022],[-73.8495,40.903],[-73.8517,40.9003],[-73.8534,40.8981],[-73.8554,40.8989],[-73.857,40.8979],[-73.857,40.8995],[-73.8586,40.9001],[-73.8594,40.9004],[-73.8602,40.8988],[-73.8611,40.8978],[-73.8615,40.8973],[-73.8616,40.8971],[-73.8623,40.896],[-73.8633,40.8953],[-73.8637,40.8943],[-73.867,40.8891],[-73.8674,40.8881],[-73.8678,40.8871],[-73.8681,40.8861],[-73.8684,40.8851],[-73.8688,40.8842],[-73.8692,40.8833],[-73.8708,40.8805],[-73.8719,40.8802],[-73.8741,40.88],[-73.8748,40.8801],[-73.8753,40.8817],[-73.8772,40.882],[-73.8777,40.8835],[-73.8778,40.8868],[-73.878,40.8871],[-73.878,40.8873],[-73.8781,40.8876],[-73.8782,40.8881],[-73.8802,40.8921],[-73.8803,40.8925],[-73.8804,40.8929],[-73.8804,40.8933],[-73.8802,40.8946],[-73.8802,40.8949],[-73.8801,40.8952],[-73.88,40.8953],[-73.8801,40.8957],[-73.8804,40.8967],[-73.8801,40.8972],[-73.88,40.8973],[-73.8794,40.8986],[-73.8793,40.8992],[-73.8788,40.9016],[-73.8785,40.9038],[-73.8783,40.9048],[-73.8781,40.9059],[-73.878,40.9059],[-73.8774,40.9057],[-73.8756,40.9052],[-73.8742,40.9048],[-73.871,40.9039],[-73.8665,40.9025],[-73.8648,40.902],[-73.8628,40.9015],[-73.8625,40.9014],[-73.862,40.9012],[-73.8616,40.9011],[-73.8611,40.901],[-73.8608,40.9009],[-73.8605,40.9008],[-73.8602,40.9007],[-73.8595,40.9005],[-73.8593,40.9007],[-73.8592,40.9011],[-73.8594,40.9015],[-73.8593,40.9016],[-73.859,40.9014],[-73.8593,40.9019],[-73.8595,40.9019],[-73.8595,40.9022],[-73.8593,40.9027],[-73.8591,40.9026],[-73.859,40.9025],[-73.8584,40.9022],[-73.8582,40.9026],[-73.8577,40.9028],[-73.8571,40.9036],[-73.857,40.9046],[-73.8571,40.9047],[-73.8574,40.9047],[-73.8572,40.9053],[-73.8568,40.9051],[-73.8567,40.9051],[-73.856,40.9053],[-73.8564,40.9055],[-73.8565,40.9056],[-73.8568,40.9062],[-73.856,40.9062],[-73.8558,40.9063],[-73.8551,40.9069],[-73.8537,40.9078],[-73.8542,40.908],[-73.8548,40.9081],[-73.8549,40.9084],[-73.8539,40.9095],[-73.8536,40.9096],[-73.853,40.9104],[-73.8526,40.9103],[-73.8525,40.9099],[-73.8518,40.9102],[-73.8515,40.9104],[-73.8516,40.9097],[-73.8524,40.9089],[-73.8535,40.9075],[-73.8523,40.9071],[-73.8509,40.9066],[-73.8502,40.9075],[-73.8486,40.9068],[-73.8462,40.9059],[-73.8448,40.9055],[-73.8449,40.9047]]]]}},{"type":"Feature","id":"11102","properties":{"modzcta":"11102"},"geometry":{"type":"MultiPolygon","coordinates":[[[[-73.9345,40.7712],[-73.9345,40.7713],[-73.9348,40.7716],[-73.9348,40.7717],[-73.9361,40.7721],[-73.9378,40.7736],[-73.9377,40.7751],[-73.937,40.7759],[-73.9361,40.7772],[-73.9355,40.7775],[-73.9347,40.7781],[-73.9338,40.7781],[-73.9328,40.7779],[-73.9327,40.778],[-73.9318,40.7779],[-73.9311,40.7774],[-73.9309,40.777],[-73.9299,40.7762],[-73.9286,40.7766],[-73.9283,40.7769],[-73.9263,40.7782],[-73.9257,40.7784],[-73.9256,40.7785],[-73.9242,40.7791],[-73.923,40.7804],[-73.9221,40.7809],[-73.92,40.7826],[-73.918,40.7813],[-73.9191,40.7804],[-73.9201,40.7795],[-73.9214,40.7785],[-73.9217,40.7777],[-73.9209,40.7772],[-73.9205,40.7759],[-73.9191,40.7749],[-73.9178,40.774],[-73.9164,40.773],[-73.9148,40.7719],[-73.9146,40.7713],[-73.9159,40.7703],[-73.9145,40.7699],[-73.9146,40.7698],[-73.9148,40.7696],[-73.9158,40.7696],[-73.9175,40.7682],[-73.9185,40.7677],[-73.9198,40.7661],[-73.9227,40.764],[-73.9243,40.7647],[-73.9264,40.7657],[-73.9278,40.7676],[-73.9286,40.7667],[-73.932,40.7683],[-73.9352,40.7695],[-73.9349,40.7698],[-73.9346,40.7702],[-73.9342,40.771],[-73.9345,40.7712]]]]}},{"type":"Feature","id":"11109","properties":{"modzcta":"11109"},"geometry":{"type":"MultiPolygon","coordinates":[[[[-73.9597,40.7438],[-73.9596,40.744],[-73.9594,40.7442],[-73.9594,40.7443],[-73.9592,40.7443],[-73.9592,40.7444],[-73.959,40.7444],[-73.9589,40.7445],[-73.9588,40.7446],[-73.9586,40.7449],[-73.9585,40.745],[-73.9585,40.7451],[-73.9586,40.7452],[-73.9587,40.7452],[-73.9592,40.7453],[-73.9592,40.7453],[-73.9593,40.7453],[-73.9593,40.7454],[-73.9593,40.7454],[-73.9593,40.7455],[-73.9593,40.7456],[-73.9592,40.7456],[-73.9592,40.7457],[-73.9591,40.7458],[-73.9588,40.7457],[-73.9585,40.7457],[-73.9584,40.7458],[-73.9584,40.7458],[-73.9584,40.746],[-73.9586,40.7465],[-73.9585,40.7468],[-73.9584,40.7469],[-73.9583,40.747],[-73.9583,40.7471],[-73.9549,40.748],[-73.9549,40.7479],[-73.9549,40.7479],[-73.9549,40.7478],[-73.955,40.7473],[-73.9555,40.7459],[-73.956,40.7445],[-73.9585,40.7443],[-73.9591,40.7439],[-73.9597,40.7438],[-73.9597,40.7438]]]]}},{"type":"Feature","id":"10471","properties":{"modzcta":"10471"},"geometry":{"type":"MultiPolygon","coordinates":[[[[-73.9206,40.8872],[-73.9198,40.8893],[-73.9189,40.8916],[-73.9182,40.8936],[-73.9178,40.8944],[-73.9179,40.8946],[-73.9176,40.8949],[-73.9168,40.8969],[-73.9167,40.8974],[-73.9167,40.8975],[-73.9167,40.8975],[-73.9152,40.9017],[-73.915,40.9031],[-73.9143,40.9041],[-73.9139,40.905],[-73.9129,40.9076],[-73.9129,40.9076],[-73.913,40.9077],[-73.913,40.9077],[-73.9131,40.9078],[-73.9131,40.9078],[-73.9131,40.9078],[-73.9131,40.9079],[-73.9131,40.9079],[-73.9129,40.9079],[-73.9127,40.908],[-73.9123,40.9091],[-73.9123,40.9092],[-73.9123,40.9092],[-73.9118,40.9111],[-73.9116,40.9121],[-73.9115,40.9122],[-73.9114,40.9128],[-73.9115,40.9129],[-73.9115,40.9131],[-73.9115,40.9138],[-73.9114,40.9138],[-73.9113,40.9139],[-73.9112,40.9141],[-73.9112,40.9141],[-73.9112,40.9141],[-73.9112,40.9141],[-73.9112,40.9143],[-73.9111,40.9144],[-73.9109,40.9146],[-73.9108,40.9146],[-73.9107,40.9146],[-73.9107,40.9148],[-73.9101,40.9154],[-73.9025,40.913],[-73.9,40.9124],[-73.8973,40.9117],[-73.8925,40.9102],[-73.8861,40.9083],[-73.8864,40.9075],[-73.8866,40.9067],[-73.8866,40.9062],[-73.8864,40.9054],[-73.8863,40.905],[-73.8862,40.9042],[-73.8863,40.9036],[-73.8865,40.903],[-73.8866,40.9003],[-73.8867,40.9003],[-73.8865,40.9002],[-73.8861,40.9],[-73.8859,40.8998],[-73.8855,40.8995],[-73.885,40.8988],[-73.8847,40.8981],[-73.8846,40.8974],[-73.8845,40.8968],[-73.8846,40.8963],[-73.8849,40.8954],[-73.8852,40.8946],[-73.8865,40.8923],[-73.8872,40.8909],[-73.8875,40.8903],[-73.8876,40.8898],[-73.8881,40.8895],[-73.8892,40.889],[-73.8898,40.8889],[-73.8918,40.8884],[-73.8942,40.8875],[-73.8946,40.8873],[-73.8962,40.8862],[-73.8957,40.8864],[-73.8954,40.8866],[-73.8951,40.8866],[-73.8948,40.8865],[-73.8947,40.8862],[-73.8949,40.886],[-73.8953,40.8859],[-73.896,40.8858],[-73.8966,40.886],[-73.8969,40.886],[-73.8974,40.8861],[-73.8997,40.8865],[-73.8999,40.8866],[-73.9005,40.8867],[-73.9024,40.8873],[-73.9028,40.8888],[-73.9029,40.8892],[-73.9029,40.8893],[-73.9029,40.8895],[-73.9039,40.8896],[-73.9044,40.8902],[-73.9047,40.8901],[-73.905,40.8901],[-73.9053,40.8901],[-73.9054,40.8901],[-73.9055,40.8902],[-73.9056,40.8896],[-73.9063,40.8876],[-73.9076,40.8882],[-73.9083,40.8891],[-73.9084,40.8891],[-73.9085,40.8892],[-73.9086,40.8892],[-73.9086,40.8892],[-73.9086,40.8893],[-73.9088,40.8894],[-73.909,40.8895],[-73.9095,40.8895],[-73.9115,40.8896],[-73.9127,40.8906],[-73.914,40.8905],[-73.9163,40.8913],[-73.9169,40.8887],[-73.9169,40.8882],[-73.9168,40.8876],[-73.914,40.8864],[-73.9163,40.8849],[-73.9187,40.8856],[-73.9187,40.8858],[-73.9186,40.886],[-73.9187,40.8869],[-73.9206,40.8872],[-73.9206,40.8872]]]]}},{"type":"Feature","id":"10472","properties":{"modzcta":"10472"},"geometry":{"type":"MultiPolygon","coordinates":[[[[-73.8844,40.823],[-73.8846,40.825],[-73.8846,40.8253],[-73.8838,40.8283],[-73.8836,40.8295],[-73.8838,40.8299],[-73.8806,40.834],[-73.8801,40.8347],[-73.8793,40.8344],[-73.8791,40.8346],[-73.8787,40.835],[-73.8781,40.8355],[-73.8779,40.8356],[-73.8777,40.8357],[-73.8775,40.8359],[-73.8773,40.836],[-73.8767,40.8362],[-73.8762,40.8362],[-73.8759,40.8362],[-73.874,40.836],[-73.8739,40.836],[-73.8731,40.8359],[-73.8721,40.8359],[-73.8707,40.8357],[-73.869,40.8355],[-73.8668,40.8348],[-73.8649,40.8343],[-73.8633,40.8338],[-73.8628,40.8337],[-73.8627,40.8329],[-73.8614,40.8334],[-73.8613,40.8335],[-73.8607,40.8336],[-73.8606,40.8335],[-73.8604,40.8334],[-73.8603,40.8333],[-73.8601,40.8331],[-73.8591,40.8328],[-73.8577,40.8324],[-73.8567,40.8321],[-73.8557,40.8318],[-73.855,40.8316],[-73.854,40.8313],[-73.8529,40.8309],[-73.8521,40.8307],[-73.8506,40.8303],[-73.8498,40.8301],[-73.849,40.8298],[-73.8482,40.8295],[-73.8474,40.8293],[-73.8473,40.8293],[-73.8472,40.829],[-73.8466,40.8287],[-73.8461,40.8285],[-73.846,40.8286],[-73.8458,40.8286],[-73.8456,40.8284],[-73.8461,40.8282],[-73.85,40.8276],[-73.8562,40.8268],[-73.8564,40.8267],[-73.857,40.8267],[-73.8587,40.8264],[-73.8612,40.8261],[-73.8635,40.8258],[-73.864,40.8257],[-73.8645,40.8257],[-73.8647,40.8256],[-73.8653,40.8255],[-73.8657,40.8255],[-73.8665,40.8254],[-73.8671,40.8253],[-73.8675,40.8252],[-73.8677,40.8252],[-73.8679,40.8252],[-73.8685,40.8251],[-73.8692,40.825],[-73.8705,40.8248],[-73.8722,40.8246],[-73.8726,40.8246],[-73.8729,40.8245],[-73.8742,40.8243],[-73.8753,40.8242],[-73.8771,40.824],[-73.8781,40.8238],[-73.8799,40.8236],[-73.8828,40.8232],[-73.8844,40.823],[-73.8844,40.823]]]]}},{"type":"Feature","id":"10473","properties":{"modzcta":"10473"},"geometry":{"type":"MultiPolygon","coordinates":[[[[-73.8765,40.8161],[-73.8786,40.817],[-73.8813,40.8189],[-73.882,40.8194],[-73.8825,40.8198],[-73.8828,40.8207],[-73.8829,40.8209],[-73.8833,40.8216],[-73.8837,40.8224],[-73.8839,40.8226],[-73.8841,40.8226],[-73.8843,40.8227],[-73.8844,40.8229],[-73.8842,40.823],[-73.8818,40.8234],[-73.879,40.8237],[-73.8779,40.8239],[-73.8762,40.8241],[-73.8744,40.8243],[-73.8736,40.8244],[-73.8726,40.8246],[-73.8725,40.8246],[-73.8715,40.8247],[-73.8698,40.8249],[-73.8691,40.825],[-73.8684,40.8251],[-73.8678,40.8252],[-73.8676,40.8252],[-73.8672,40.8253],[-73.8666,40.8254],[-73.8658,40.8255],[-73.8654,40.8255],[-73.8649,40.8256],[-73.8646,40.8256],[-73.8641,40.8257],[-73.8636,40.8258],[-73.8622,40.826],[-73.8597,40.8263],[-73.8573,40.8266],[-73.8567,40.8267],[-73.8564,40.8268],[-73.8531,40.8272],[-73.847,40.828],[-73.8458,40.8283],[-73.8453,40.8284],[-73.8441,40.8285],[-73.8439,40.8284],[-73.8431,40.8285],[-73.8429,40.8285],[-73.8427,40.8283],[-73.8427,40.8279],[-73.8426,40.8277],[-73.8425,40.8275],[-73.8425,40.8274],[-73.8421,40.8265],[-73.8417,40.8258],[-73.8414,40.8251],[-73.8413,40.8249],[-73.8411,40.8245],[-73.841,40.8242],[-73.8406,40.8236],[-73.8404,40.8233],[-73.8405,40.8231],[-73.8401,40.8224],[-73.84,40.8222],[-73.84,40.822],[-73.8399,40.8217],[-73.8398,40.8214],[-73.8399,40.821],[-73.84,40.8208],[-73.8401,40.8206],[-73.8401,40.8203],[-73.84,40.8202],[-73.8401,40.8198],[-73.8403,40.8198],[-73.8403,40.8197],[-73.8404,40.8196],[-73.8406,40.8196],[-73.8408,40.8194],[-73.8409,40.8193],[-73.8412,40.8192],[-73.8413,40.8192],[-73.8413,40.8191],[-73.8416,40.8189],[-73.8419,40.8189],[-73.842,40.8188],[-73.8421,40.8185],[-73.8421,40.8181],[-73.8428,40.8169],[-73.8431,40.8166],[-73.8432,40.8163],[-73.8434,40.8157],[-73.8437,40.8153],[-73.844,40.8148],[-73.8442,40.8144],[-73.8444,40.8136],[-73.8446,40.8132],[-73.8449,40.8128],[-73.8451,40.8123],[-73.8452,40.8119],[-73.8454,40.8118],[-73.8458,40.8116],[-73.8459,40.8113],[-73.8462,40.8107],[-73.8472,40.8106],[-73.8476,40.8113],[-73.8477,40.8115],[-73.8488,40.8129],[-73.85,40.8135],[-73.8504,40.8136],[-73.8506,40.8139],[-73.8518,40.8143],[-73.8522,40.8143],[-73.8524,40.8144],[-73.8523,40.8145],[-73.8525,40.8145],[-73.8528,40.8144],[-73.853,40.8146],[-73.8528,40.8143],[-73.8527,40.8142],[-73.8527,40.8141],[-73.8527,40.814],[-73.853,40.8138],[-73.853,40.8137],[-73.8529,40.8137],[-73.8534,40.8136],[-73.8543,40.8139],[-73.855,40.8142],[-73.8553,40.8144],[-73.8553,40.8142],[-73.8547,40.8138],[-73.8541,40.8136],[-73.8535,40.8135],[-73.8532,40.8135],[-73.853,40.8136],[-73.8529,40.8136],[-73.8527,40.8137],[-73.8527,40.8137],[-73.8526,40.8137],[-73.8525,40.8137],[-73.8519,40.8137],[-73.8515,40.8136],[-73.8512,40.8136],[-73.8509,40.8134],[-73.8506,40.8132],[-73.8504,40.8131],[-73.8502,40.813],[-73.8501,40.813],[-73.8499,40.8129],[-73.8497,40.8128],[-73.8495,40.8126],[-73.8493,40.8125],[-73.8491,40.8123],[-73.849,40.8121],[-73.849,40.812],[-73.8491,40.8118],[-73.8491,40.8117],[-73.8492,40.8116],[-73.8493,40.8115],[-73.8494,40.8113],[-73.8494,40.8112],[-73.8493,40.8111],[-73.8492,40.811],[-73.8492,40.8109],[-73.8493,40.8107],[-73.8494,40.8106],[-73.8495,40.8104],[-73.8495,40.8103],[-73.8496,40.8102],[-73.8498,40.8101],[-73.8498,40.81],[-73.8498,40.8098],[-73.8499,40.8097],[-73.85,40.8093],[-73.85,40.8092],[-73.85,40.8092],[-73.85,40.8091],[-73.85,40.809],[-73.85,40.8089],[-73.85,40.8088],[-73.85,40.8087],[-73.85,40.8087],[-73.85,40.8086],[-73.8499,40.8085],[-73.8499,40.8084],[-73.8498,40.8083],[-73.8498,40.8083],[-73.8497,40.8082],[-73.8497,40.8082],[-73.8496,40.8081],[-73.8495,40.808],[-73.8494,40.8079],[-73.8491,40.8078],[-73.8488,40.8076],[-73.8485,40.8075],[-73.8484,40.8072],[-73.8483,40.8069],[-73.8484,40.8065],[-73.8483,40.8062],[-73.848,40.8061],[-73.8476,40.806],[-73.8475,40.8057],[-73.8475,40.8053],[-73.8479,40.805],[-73.8483,40.8049],[-73.8486,40.8048],[-73.8486,40.8047],[-73.8487,40.8048],[-73.8487,40.8049],[-73.8488,40.8048],[-73.8488,40.8048],[-73.8489,40.8048],[-73.849,40.8048],[-73.8491,40.8049],[-73.8491,40.8049],[-73.8492,40.805],[-73.8494,40.8051],[-73.8496,40.8051],[-73.8498,40.8051],[-73.8501,40.8049],[-73.8501,40.8047],[-73.8501,40.8046],[-73.8502,40.8045],[-73.8504,40.8045],[-73.8509,40.8045],[-73.8513,40.8045],[-73.8515,40.8046],[-73.852,40.8046],[-73.8526,40.8045],[-73.8541,40.8045],[-73.8542,40.8045],[-73.8546,40.8045],[-73.855,40.8045],[-73.8552,40.8045],[-73.8556,40.8045],[-73.856,40.8046],[-73.8564,40.8047],[-73.8566,40.8049],[-73.8565,40.8049],[-73.8563,40.8049],[-73.856,40.8048],[-73.8558,40.8047],[-73.8556,40.8047],[-73.8556,40.8049],[-73.8556,40.8051],[-73.8559,40.8052],[-73.8561,40.8053],[-73.8564,40.8053],[-73.8565,40.8052],[-73.8568,40.8053],[-73.857,40.8053],[-73.8571,40.8053],[-73.8572,40.8053],[-73.8571,40.8052],[-73.8569,40.8051],[-73.8567,40.805],[-73.8567,40.805],[-73.8568,40.8049],[-73.8581,40.8055],[-73.8584,40.8056],[-73.8587,40.8058],[-73.8589,40.8059],[-73.8589,40.806],[-73.8588,40.806],[-73.8587,40.8059],[-73.8586,40.8059],[-73.8585,40.8058],[-73.8585,40.8059],[-73.8584,40.8059],[-73.8584,40.806],[-73.8583,40.806],[-73.8583,40.8061],[-73.8584,40.8062],[-73.8584,40.8063],[-73.8584,40.8064],[-73.8584,40.8064],[-73.8585,40.8064],[-73.8585,40.8065],[-73.8585,40.8066],[-73.8586,40.8067],[-73.8587,40.8067],[-73.8589,40.8067],[-73.859,40.8066],[-73.8591,40.8066],[-73.8591,40.8065],[-73.8591,40.8064],[-73.859,40.8063],[-73.859,40.8062],[-73.8589,40.8061],[-73.8589,40.806],[-73.8589,40.806],[-73.8589,40.806],[-73.859,40.806],[-73.8592,40.8063],[-73.8593,40.8065],[-73.8594,40.8068],[-73.8594,40.8071],[-73.8594,40.8074],[-73.8594,40.8076],[-73.8593,40.8075],[-73.8593,40.8074],[-73.8592,40.8071],[-73.8592,40.8069],[-73.8591,40.8068],[-73.8588,40.8068],[-73.8586,40.8073],[-73.8584,40.8083],[-73.8588,40.8092],[-73.859,40.8102],[-73.859,40.81],[-73.8592,40.81],[-73.8595,40.8099],[-73.8597,40.8098],[-73.8601,40.8096],[-73.8601,40.8096],[-73.86,40.8095],[-73.86,40.8095],[-73.8599,40.8094],[-73.8598,40.8093],[-73.8597,40.8092],[-73.8597,40.8092],[-73.8596,40.8091],[-73.8595,40.809],[-73.8593,40.809],[-73.8593,40.809],[-73.8593,40.809],[-73.8593,40.809],[-73.8594,40.8089],[-73.8594,40.8089],[-73.8594,40.8086],[-73.8593,40.8083],[-73.8593,40.8082],[-73.8593,40.8082],[-73.8593,40.8082],[-73.8594,40.8082],[-73.8594,40.8082],[-73.8594,40.8082],[-73.8594,40.8082],[-73.8594,40.8082],[-73.8595,40.8083],[-73.8596,40.8086],[-73.8597,40.8089],[-73.8598,40.809],[-73.8599,40.8092],[-73.86,40.8093],[-73.8602,40.8094],[-73.8604,40.8096],[-73.8607,40.8096],[-73.8609,40.8097],[-73.8626,40.81],[-73.8677,40.8106],[-73.8698,40.8134],[-73.8713,40.8147],[-73.8765,40.8161],[-73.8765,40.8161]]]]}},{"type":"Feature","id":"10474","properties":{"modzcta":"10474"},"geometry":{"type":"MultiPolygon","coordinates":[[[[-73.9022,40.8049],[-73.9029,40.8091],[-73.9025,40.8097],[-73.9018,40.8102],[-73.9004,40.8112],[-73.8987,40.8124],[-73.8976,40.8132],[-73.8964,40.8142],[-73.8965,40.8142],[-73.8951,40.8157],[-73.8953,40.8158],[-73.8954,40.8158],[-73.8949,40.8164],[-73.8933,40.8179],[-73.8913,40.8198],[-73.8909,40.8202],[-73.8907,40.8204],[-73.8902,40.821],[-73.8888,40.8217],[-73.8883,40.822],[-73.8876,40.8225],[-73.8874,40.8225],[-73.8873,40.8226],[-73.8872,40.8226],[-73.887,40.8226],[-73.8856,40.8228],[-73.8849,40.8229],[-73.8844,40.823],[-73.8843,40.8228],[-73.8842,40.8226],[-73.8844,40.8225],[-73.8844,40.8223],[-73.8843,40.8221],[-73.8841,40.8218],[-73.8839,40.8215],[-73.883,40.8195],[-73.882,40.8186],[-73.8808,40.8177],[-73.8802,40.8171],[-73.88,40.817],[-73.8798,40.8169],[-73.8795,40.8165],[-73.8793,40.8163],[-73.8789,40.8161],[-73.8786,40.816],[-73.878,40.8158],[-73.8767,40.8154],[-73.8745,40.8146],[-73.8724,40.8138],[-73.8721,40.8136],[-73.8718,40.8133],[-73.871,40.8121],[-73.8705,40.8115],[-73.8681,40.8068],[-73.8698,40.8041],[-73.8716,40.8019],[-73.8716,40.8017],[-73.8724,40.8013],[-73.8727,40.8012],[-73.8732,40.801],[-73.8747,40.801],[-73.8753,40.8014],[-73.878,40.8017],[-73.8781,40.8022],[-73.8782,40.8026],[-73.8784,40.8027],[-73.8789,40.8028],[-73.8793,40.8028],[-73.8796,40.8027],[-73.8798,40.8027],[-73.8801,40.8028],[-73.8803,40.8027],[-73.8806,40.8026],[-73.8809,40.8026],[-73.8812,40.8025],[-73.8814,40.8025],[-73.8817,40.8024],[-73.8819,40.8024],[-73.8821,40.8024],[-73.8822,40.8024],[-73.8824,40.8024],[-73.8825,40.8024],[-73.8825,40.8023],[-73.8828,40.8023],[-73.883,40.8023],[-73.8832,40.8022],[-73.8837,40.8022],[-73.8838,40.8021],[-73.8839,40.8021],[-73.8839,40.802],[-73.884,40.802],[-73.884,40.8019],[-73.8851,40.8023],[-73.8853,40.8024],[-73.8858,40.8027],[-73.886,40.803],[-73.8861,40.8031],[-73.8863,40.8033],[-73.8865,40.8034],[-73.8868,40.8036],[-73.8873,40.8039],[-73.8872,40.8042],[-73.8874,40.8044],[-73.8877,40.8046],[-73.888,40.805],[-73.8888,40.8049],[-73.8891,40.805],[-73.8893,40.8052],[-73.8893,40.8056],[-73.8892,40.8058],[-73.8893,40.8059],[-73.8893,40.8059],[-73.8895,40.8058],[-73.8898,40.8059],[-73.8898,40.8059],[-73.8899,40.8058],[-73.89,40.8057],[-73.8901,40.8057],[-73.8902,40.8057],[-73.8904,40.8058],[-73.8905,40.8058],[-73.8907,40.8059],[-73.891,40.8059],[-73.8915,40.8059],[-73.8917,40.8064],[-73.8925,40.8064],[-73.8927,40.8063],[-73.893,40.8063],[-73.8933,40.8063],[-73.8935,40.8063],[-73.8936,40.8063],[-73.8938,40.8062],[-73.894,40.8063],[-73.8942,40.8063],[-73.8946,40.8062],[-73.8948,40.8062],[-73.8949,40.8062],[-73.895,40.8062],[-73.8953,40.8068],[-73.8955,40.8066],[-73.8956,40.8066],[-73.8958,40.8065],[-73.8961,40.8065],[-73.8962,40.8064],[-73.8962,40.8062],[-73.8963,40.8062],[-73.8968,40.8062],[-73.8971,40.8061],[-73.8972,40.806],[-73.8973,40.8061],[-73.8975,40.8062],[-73.8978,40.8062],[-73.898,40.8062],[-73.8982,40.8061],[-73.8983,40.8061],[-73.8983,40.8059],[-73.8983,40.8059],[-73.8983,40.8059],[-73.8982,40.8058],[-73.8981,40.8057],[-73.8981,40.8057],[-73.8981,40.8057],[-73.8981,40.8057],[-73.8981,40.8056],[-73.8982,40.8056],[-73.8982,40.8056],[-73.8982,40.8055],[-73.8983,40.8055],[-73.8996,40.8052],[-73.8997,40.8052],[-73.8997,40.8052],[-73.9003,40.8051],[-73.9008,40.8049],[-73.9009,40.8049],[-73.9013,40.8049],[-73.9015,40.8048],[-73.9018,40.8048],[-73.9021,40.8048],[-73.9021,40.8048],[-73.9021,40.8048],[-73.9022,40.8049],[-73.9022,40.8049],[-73.9022,40.805],[-73.9022,40.8049],[-73.9022,40.8049]]]]}},{"type":"Feature","id":"11103","properties":{"modzcta":"11103"},"geometry":{"type":"MultiPolygon","coordinates":[[[[-73.9043,40.7675],[-73.9041,40.7675],[-73.903,40.7675],[-73.9025,40.7675],[-73.902,40.7674],[-73.9026,40.7669],[-73.9029,40.7666],[-73.9032,40.7663],[-73.9034,40.766],[-73.9036,40.7658],[-73.9039,40.7666],[-73.9041,40.7673],[-73.9043,40.7675]]],[[[-73.9225,40.7574],[-73.9211,40.76],[-73.9195,40.7624],[-73.9211,40.7632],[-73.9198,40.7661],[-73.9185,40.7677],[-73.9175,40.7682],[-73.9158,40.7696],[-73.9148,40.7696],[-73.9146,40.7698],[-73.9145,40.7699],[-73.9159,40.7703],[-73.9146,40.7713],[-73.9136,40.771],[-73.9122,40.77],[-73.9119,40.7699],[-73.9117,40.7696],[-73.9102,40.7694],[-73.9106,40.7691],[-73.9109,40.7688],[-73.909,40.7685],[-73.9071,40.7682],[-73.9058,40.768],[-73.9053,40.7679],[-73.9045,40.7676],[-73.9051,40.7677],[-73.9048,40.7675],[-73.9046,40.7672],[-73.9041,40.7664],[-73.9034,40.765],[-73.9045,40.7646],[-73.9047,40.763],[-73.9057,40.7617],[-73.9068,40.7618],[-73.9074,40.761],[-73.9078,40.7605],[-73.9092,40.7581],[-73.9099,40.7579],[-73.9124,40.7562],[-73.9122,40.7558],[-73.912,40.7554],[-73.9126,40.7533],[-73.9145,40.7537],[-73.9155,40.7538],[-73.9161,40.7544],[-73.9177,40.7552],[-73.9189,40.7557],[-73.9201,40.7563],[-73.9217,40.757],[-73.9225,40.7574]]]]}},{"type":"Feature","id":"10475","properties":{"modzcta":"10475"},"geometry":{"type":"MultiPolygon","coordinates":[[[[-73.8283,40.8609],[-73.8295,40.8622],[-73.8305,40.8637],[-73.8326,40.8673],[-73.8332,40.8683],[-73.8333,40.8686],[-73.8338,40.8707],[-73.8342,40.8718],[-73.8345,40.8724],[-73.8347,40.873],[-73.8348,40.8737],[-73.8353,40.8753],[-73.8355,40.8757],[-73.8358,40.876],[-73.8362,40.8766],[-73.8363,40.8769],[-73.8366,40.8775],[-73.8378,40.8796],[-73.8378,40.8816],[-73.8366,40.8821],[-73.8356,40.8829],[-73.8343,40.8839],[-73.8336,40.8842],[-73.8332,40.8844],[-73.8328,40.8845],[-73.8323,40.8846],[-73.8307,40.8849],[-73.8295,40.8853],[-73.8278,40.886],[-73.8267,40.8864],[-73.8253,40.887],[-73.824,40.8877],[-73.8237,40.8879],[-73.8227,40.8885],[-73.8214,40.8893],[-73.8202,40.8899],[-73.8199,40.8901],[-73.8196,40.8903],[-73.8194,40.8903],[-73.8176,40.8897],[-73.816,40.8893],[-73.8153,40.8891],[-73.8152,40.889],[-73.8151,40.8877],[-73.8153,40.8868],[-73.8154,40.8867],[-73.8167,40.8865],[-73.8184,40.886],[-73.8203,40.8855],[-73.8201,40.8821],[-73.8233,40.8731],[-73.8211,40.869],[-73.821,40.8689],[-73.8194,40.868],[-73.8158,40.8658],[-73.817,40.8645],[-73.8176,40.8636],[-73.8189,40.8624],[-73.8189,40.8624],[-73.8189,40.8622],[-73.819,40.8622],[-73.8194,40.8618],[-73.8194,40.8617],[-73.8195,40.8615],[-73.8198,40.8614],[-73.8199,40.8613],[-73.8201,40.8612],[-73.8202,40.8612],[-73.8203,40.8611],[-73.8203,40.8609],[-73.8203,40.8608],[-73.8204,40.8606],[-73.8205,40.8603],[-73.8202,40.86],[-73.82,40.8599],[-73.8201,40.8599],[-73.8204,40.8598],[-73.8207,40.8598],[-73.8208,40.86],[-73.821,40.86],[-73.821,40.8598],[-73.821,40.8596],[-73.8209,40.8595],[-73.821,40.8593],[-73.8212,40.8594],[-73.8214,40.8594],[-73.8214,40.8596],[-73.8214,40.8598],[-73.8216,40.86],[-73.8217,40.8602],[-73.8216,40.8605],[-73.8218,40.8606],[-73.822,40.8604],[-73.8223,40.8603],[-73.8224,40.8603],[-73.8227,40.8602],[-73.8226,40.8601],[-73.8224,40.8601],[-73.822,40.8601],[-73.8219,40.86],[-73.8221,40.86],[-73.8224,40.8598],[-73.8222,40.8598],[-73.8218,40.8598],[-73.8216,40.8596],[-73.8217,40.8595],[-73.822,40.8594],[-73.8218,40.8592],[-73.8213,40.8592],[-73.8205,40.8591],[-73.8203,40.8592],[-73.8203,40.8593],[-73.8201,40.8593],[-73.8197,40.8593],[-73.8194,40.8593],[-73.8191,40.8593],[-73.8188,40.8594],[-73.8186,40.8595],[-73.8184,40.8598],[-73.8185,40.86],[-73.8185,40.8602],[-73.8186,40.8604],[-73.8186,40.8606],[-73.8186,40.8607],[-73.8186,40.8608],[-73.8185,40.8609],[-73.8184,40.861],[-73.8183,40.861],[-73.8181,40.8611],[-73.818,40.8611],[-73.8178,40.8611],[-73.8177,40.861],[-73.8175,40.8609],[-73.8174,40.8609],[-73.8172,40.8608],[-73.8171,40.8609],[-73.817,40.8609],[-73.817,40.861],[-73.8169,40.861],[-73.8169,40.8611],[-73.8169,40.8612],[-73.8169,40.8612],[-73.8168,40.8612],[-73.8168,40.8612],[-73.8167,40.8612],[-73.8167,40.8612],[-73.8164,40.8612],[-73.8159,40.861],[-73.8153,40.8611],[-73.8149,40.8609],[-73.8127,40.8589],[-73.8164,40.8541],[-73.8168,40.8533],[-73.817,40.8527],[-73.817,40.8526],[-73.8171,40.8524],[-73.8171,40.8523],[-73.8172,40.8523],[-73.8171,40.8522],[-73.8171,40.852],[-73.8172,40.852],[-73.8172,40.8519],[-73.8172,40.8518],[-73.8171,40.8517],[-73.817,40.8517],[-73.8169,40.8517],[-73.8169,40.8517],[-73.817,40.8516],[-73.8171,40.8515],[-73.8171,40.8514],[-73.8171,40.8513],[-73.8171,40.8512],[-73.817,40.8511],[-73.8169,40.851],[-73.8168,40.8509],[-73.8166,40.8509],[-73.8164,40.8509],[-73.8163,40.8509],[-73.8162,40.8509],[-73.8162,40.8509],[-73.816,40.8508],[-73.8159,40.8508],[-73.8158,40.8508],[-73.8157,40.8508],[-73.8158,40.8507],[-73.8159,40.8507],[-73.816,40.8505],[-73.816,40.8504],[-73.8161,40.8504],[-73.8163,40.8503],[-73.8162,40.8501],[-73.8158,40.8496],[-73.8157,40.8495],[-73.8155,40.8492],[-73.8154,40.8492],[-73.8152,40.8492],[-73.8151,40.8492],[-73.8163,40.8486],[-73.8182,40.8483],[-73.8201,40.848],[-73.8211,40.8482],[-73.823,40.8472],[-73.8244,40.8464],[-73.8255,40.8458],[-73.8261,40.847],[-73.8265,40.8478],[-73.8269,40.8489],[-73.827,40.8495],[-73.827,40.8501],[-73.8269,40.8507],[-73.8267,40.8513],[-73.8265,40.8517],[-73.8261,40.8531],[-73.8263,40.8533],[-73.8263,40.8536],[-73.8262,40.8543],[-73.8262,40.8548],[-73.8263,40.8556],[-73.8264,40.8559],[-73.8264,40.8562],[-73.8264,40.8565],[-73.8265,40.8566],[-73.8265,40.8569],[-73.8266,40.8577],[-73.8267,40.8581],[-73.8271,40.8591],[-73.8272,40.859],[-73.8272,40.8592],[-73.8272,40.8594],[-73.8274,40.86],[-73.8279,40.8607],[-73.8283,40.8608],[-73.8283,40.8609]]]]}},{"type":"Feature","id":"11201","properties":{"modzcta":"11201"},"geometry":{"type":"MultiPolygon","coordinates":[[[[-73.99,40.6833],[-73.9946,40.6851],[-73.9954,40.6858],[-73.9973,40.6864],[-73.9989,40.6869],[-73.9998,40.6872],[-73.9999,40.6873],[-74.0005,40.6875],[-74.0024,40.6857],[-74.0029,40.6859],[-74.0045,40.6863],[-74.0053,40.6858],[-74.0075,40.6861],[-74.0075,40.6863],[-74.0064,40.6863],[-74.0057,40.6867],[-74.005,40.6876],[-74.0038,40.6889],[-74.003,40.6904],[-74.0019,40.6904],[-74.0007,40.6906],[-74.002,40.6918],[-74.0017,40.6924],[-74.0013,40.6933],[-74.0008,40.6943],[-74.0003,40.695],[-73.9995,40.6963],[-73.9994,40.6964],[-73.9995,40.6967],[-73.9992,40.6969],[-73.9989,40.6969],[-73.9988,40.6971],[-73.9984,40.6981],[-73.998,40.6988],[-73.9974,40.6996],[-73.9972,40.7],[-73.9972,40.7001],[-73.9954,40.7026],[-73.9951,40.703],[-73.995,40.7031],[-73.9948,40.7033],[-73.9949,40.7036],[-73.9949,40.7038],[-73.9947,40.704],[-73.9948,40.7041],[-73.9948,40.7041],[-73.9948,40.7042],[-73.9946,40.7043],[-73.9939,40.7046],[-73.9938,40.7045],[-73.9937,40.7045],[-73.9936,40.7045],[-73.9935,40.7046],[-73.9927,40.7046],[-73.9923,40.7047],[-73.9921,40.7044],[-73.9919,40.7041],[-73.9909,40.704],[-73.9905,40.7044],[-73.9903,40.7049],[-73.9901,40.7049],[-73.9893,40.7047],[-73.9891,40.7047],[-73.9887,40.7046],[-73.9883,40.7045],[-73.988,40.7051],[-73.9869,40.7052],[-73.9868,40.7051],[-73.9867,40.7051],[-73.9867,40.7051],[-73.9866,40.705],[-73.9864,40.7051],[-73.9847,40.7055],[-73.9834,40.7056],[-73.9834,40.7055],[-73.9833,40.7055],[-73.9831,40.7055],[-73.9827,40.7056],[-73.9827,40.7055],[-73.9825,40.7055],[-73.9823,40.7056],[-73.9809,40.7059],[-73.9802,40.7059],[-73.9796,40.7057],[-73.9793,40.7058],[-73.9793,40.7059],[-73.9792,40.706],[-73.9791,40.706],[-73.9792,40.7055],[-73.9793,40.7047],[-73.98,40.7035],[-73.9802,40.7029],[-73.9809,40.7019],[-73.9807,40.7013],[-73.9804,40.7005],[-73.9805,40.6997],[-73.9805,40.6993],[-73.9805,40.6974],[-73.9795,40.6965],[-73.9795,40.6963],[-73.9795,40.6962],[-73.9804,40.6962],[-73.9803,40.6956],[-73.9802,40.6953],[-73.9801,40.6947],[-73.98,40.6945],[-73.9799,40.6943],[-73.9796,40.6941],[-73.9794,40.6939],[-73.9792,40.6936],[-73.9792,40.6935],[-73.9772,40.6934],[-73.9764,40.6934],[-73.975,40.6933],[-73.9739,40.6933],[-73.9731,40.6896],[-73.9751,40.6897],[-73.9771,40.6898],[-73.9786,40.6898],[-73.9804,40.6899],[-73.9806,40.6888],[-73.9809,40.6889],[-73.9816,40.6891],[-73.9824,40.6889],[-73.9836,40.6888],[-73.9844,40.6876],[-73.987,40.6878],[-73.9879,40.6865],[-73.9887,40.6852],[-73.9888,40.6851],[-73.9891,40.6846],[-73.9892,40.6846],[-73.9894,40.6842],[-73.9896,40.6839],[-73.9897,40.6838],[-73.9898,40.6836],[-73.99,40.6833],[-73.99,40.6833]]]]}},{"type":"Feature","id":"11203","properties":{"modzcta":"11203"},"geometry":{"type":"MultiPolygon","coordinates":[[[[-73.9465,40.6401],[-73.9461,40.6411],[-73.9459,40.6434],[-73.9461,40.6453],[-73.9472,40.647],[-73.9465,40.6491],[-73.9468,40.6519],[-73.947,40.6543],[-73.9473,40.6564],[-73.9474,40.658],[-73.9476,40.6596],[-73.9473,40.6603],[-73.9461,40.6604],[-73.9426,40.6606],[-73.9428,40.6621],[-73.9428,40.6628],[-73.9373,40.6632],[-73.9344,40.6634],[-73.9316,40.6636],[-73.9316,40.6628],[-73.9305,40.6622],[-73.9291,40.6609],[-73.9282,40.6602],[-73.9272,40.6585],[-73.9262,40.6584],[-73.9252,40.6575],[-73.9241,40.6565],[-73.9233,40.6558],[-73.9221,40.6547],[-73.922,40.6546],[-73.9218,40.6544],[-73.9209,40.6536],[-73.9218,40.6525],[-73.9212,40.6507],[-73.9205,40.6497],[-73.9204,40.6486],[-73.9202,40.6469],[-73.9207,40.6467],[-73.9205,40.645],[-73.92,40.6447],[-73.9217,40.6434],[-73.9217,40.6427],[-73.9197,40.6428],[-73.9215,40.6413],[-73.9237,40.6396],[-73.9242,40.6393],[-73.9251,40.6387],[-73.9261,40.6382],[-73.9276,40.6373],[-73.9296,40.6363],[-73.9316,40.6353],[-73.9325,40.6349],[-73.9334,40.6344],[-73.9343,40.6337],[-73.9343,40.6342],[-73.9354,40.6348],[-73.9361,40.637],[-73.9375,40.6369],[-73.9387,40.6392],[-73.9406,40.6391],[-73.9425,40.639],[-73.9436,40.6403],[-73.9444,40.6395],[-73.9455,40.6402],[-73.9465,40.6401]]]]}},{"type":"Feature","id":"11204","properties":{"modzcta":"11204"},"geometry":{"type":"MultiPolygon","coordinates":[[[[-73.973,40.6088],[-73.974,40.6087],[-73.9759,40.6085],[-73.9778,40.6083],[-73.9797,40.6081],[-73.9811,40.6079],[-73.9825,40.6078],[-73.9844,40.6076],[-73.9863,40.6074],[-73.9884,40.6071],[-73.9874,40.6081],[-73.9899,40.6092],[-73.9916,40.6108],[-73.9924,40.6102],[-73.994,40.6122],[-73.9984,40.6148],[-74.0008,40.6163],[-73.9996,40.6175],[-73.9994,40.6176],[-73.999,40.618],[-73.9979,40.6192],[-73.9967,40.6203],[-73.9955,40.6214],[-73.9943,40.6226],[-73.9937,40.6232],[-73.9926,40.6243],[-73.9914,40.6254],[-73.9908,40.626],[-73.9896,40.6271],[-73.9884,40.6282],[-73.9878,40.6288],[-73.9867,40.6299],[-73.9855,40.631],[-73.9843,40.6322],[-73.9832,40.6333],[-73.982,40.6344],[-73.979,40.6335],[-73.9787,40.6333],[-73.9785,40.6323],[-73.9801,40.6324],[-73.9782,40.6303],[-73.9773,40.6305],[-73.9792,40.6294],[-73.9796,40.6293],[-73.9782,40.6284],[-73.9775,40.628],[-73.9766,40.6276],[-73.9764,40.627],[-73.9758,40.6236],[-73.9767,40.6234],[-73.9763,40.6232],[-73.9758,40.6211],[-73.9771,40.6215],[-73.9753,40.6209],[-73.9749,40.6186],[-73.9744,40.6164],[-73.9739,40.6138],[-73.9735,40.6114],[-73.973,40.6088],[-73.973,40.6088]]]]}},{"type":"Feature","id":"11205","properties":{"modzcta":"11205"},"geometry":{"type":"MultiPolygon","coordinates":[[[[-73.9727,40.6874],[-73.9735,40.6917],[-73.9742,40.6933],[-73.9758,40.6934],[-73.9771,40.6934],[-73.9778,40.6934],[-73.9792,40.6936],[-73.9793,40.6938],[-73.9795,40.694],[-73.9798,40.6942],[-73.98,40.6944],[-73.9801,40.6946],[-73.9802,40.6948],[-73.9803,40.6955],[-73.9803,40.6959],[-73.98,40.6962],[-73.9795,40.6963],[-73.9795,40.6964],[-73.9804,40.6966],[-73.9805,40.6982],[-73.9805,40.6994],[-73.9804,40.7002],[-73.9804,40.7007],[-73.9806,40.7016],[-73.98,40.7021],[-73.9803,40.703],[-73.9796,40.7042],[-73.9791,40.7055],[-73.9789,40.7055],[-73.9788,40.7055],[-73.9787,40.7055],[-73.9787,40.7055],[-73.9785,40.7056],[-73.9784,40.7056],[-73.9785,40.7049],[-73.9783,40.7047],[-73.9782,40.7045],[-73.978,40.7043],[-73.9773,40.7042],[-73.9772,40.7042],[-73.9774,40.7031],[-73.9771,40.703],[-73.9766,40.7025],[-73.9762,40.7022],[-73.976,40.7019],[-73.9768,40.7009],[-73.9758,40.7002],[-73.9762,40.6998],[-73.9736,40.7004],[-73.9732,40.6993],[-73.9733,40.6981],[-73.9728,40.6979],[-73.9712,40.6979],[-73.9697,40.6978],[-73.9677,40.6977],[-73.9658,40.6976],[-73.964,40.6979],[-73.9625,40.6981],[-73.9624,40.6981],[-73.9619,40.6982],[-73.9602,40.6985],[-73.958,40.6988],[-73.9561,40.6991],[-73.9543,40.6993],[-73.9534,40.6993],[-73.9532,40.6987],[-73.9532,40.6985],[-73.9531,40.6981],[-73.953,40.6974],[-73.9528,40.6965],[-73.9527,40.6962],[-73.9527,40.6958],[-73.9526,40.6956],[-73.9523,40.6943],[-73.9522,40.6934],[-73.9519,40.6921],[-73.9518,40.6913],[-73.9515,40.6899],[-73.9515,40.6896],[-73.9518,40.6895],[-73.9548,40.6887],[-73.9571,40.6885],[-73.9576,40.6892],[-73.9584,40.6891],[-73.9589,40.689],[-73.9598,40.6889],[-73.96,40.6889],[-73.9601,40.6896],[-73.9602,40.6898],[-73.9602,40.6901],[-73.9623,40.6901],[-73.9643,40.6899],[-73.9648,40.6883],[-73.9668,40.6881],[-73.9688,40.6879],[-73.9708,40.6876],[-73.9721,40.6896],[-73.9727,40.6874],[-73.9727,40.6874]]]]}},{"type":"Feature","id":"11206","properties":{"modzcta":"11206"},"geometry":{"type":"MultiPolygon","coordinates":[[[[-73.9456,40.692],[-73.9486,40.6924],[-73.9518,40.6917],[-73.9521,40.6928],[-73.9522,40.6935],[-73.9525,40.695],[-73.9526,40.6957],[-73.9527,40.6961],[-73.9527,40.6963],[-73.9529,40.6972],[-73.953,40.6975],[-73.9531,40.6983],[-73.9532,40.6986],[-73.9533,40.699],[-73.9534,40.6994],[-73.9552,40.6992],[-73.957,40.699],[-73.9572,40.7],[-73.9557,40.7019],[-73.9544,40.7037],[-73.9519,40.7044],[-73.9503,40.7059],[-73.9505,40.7074],[-73.9508,40.7088],[-73.9509,40.7095],[-73.951,40.7102],[-73.9489,40.7112],[-73.9471,40.7106],[-73.9468,40.7106],[-73.9459,40.7107],[-73.9456,40.7115],[-73.9438,40.7109],[-73.9433,40.711],[-73.9425,40.711],[-73.9422,40.7118],[-73.9405,40.7116],[-73.9404,40.7108],[-73.9403,40.7107],[-73.9377,40.7112],[-73.9383,40.7125],[-73.9348,40.7134],[-73.9343,40.7121],[-73.9336,40.7107],[-73.933,40.7093],[-73.9325,40.7082],[-73.9321,40.7071],[-73.9317,40.7057],[-73.9313,40.7043],[-73.9306,40.7035],[-73.9291,40.7026],[-73.9276,40.7018],[-73.9283,40.6999],[-73.93,40.6983],[-73.9323,40.6979],[-73.933,40.698],[-73.934,40.6971],[-73.9348,40.6967],[-73.9346,40.6959],[-73.9344,40.6948],[-73.9344,40.6946],[-73.9343,40.6941],[-73.9341,40.6934],[-73.9354,40.6932],[-73.9364,40.6931],[-73.9371,40.693],[-73.9371,40.6933],[-73.9372,40.6938],[-73.9388,40.6936],[-73.9401,40.6934],[-73.9401,40.6932],[-73.9428,40.6924],[-73.9456,40.692],[-73.9456,40.692]]]]}},{"type":"Feature","id":"11207","properties":{"modzcta":"11207"},"geometry":{"type":"MultiPolygon","coordinates":[[[[-73.9035,40.6755],[-73.903,40.6757],[-73.9028,40.6758],[-73.9027,40.6758],[-73.9029,40.6758],[-73.9035,40.6759],[-73.9035,40.676],[-73.9043,40.6772],[-73.9033,40.6779],[-73.9034,40.678],[-73.9035,40.6787],[-73.9035,40.6789],[-73.9046,40.6795],[-73.9054,40.68],[-73.9055,40.6801],[-73.9063,40.6805],[-73.907,40.6809],[-73.9085,40.6818],[-73.9091,40.6821],[-73.91,40.6827],[-73.9118,40.6832],[-73.9123,40.6839],[-73.9133,40.6845],[-73.9145,40.6852],[-73.9153,40.6856],[-73.916,40.6861],[-73.9132,40.689],[-73.9103,40.6919],[-73.9081,40.693],[-73.9066,40.6921],[-73.9051,40.6913],[-73.9036,40.6904],[-73.9016,40.6917],[-73.9014,40.6916],[-73.9004,40.6882],[-73.8965,40.6824],[-73.8964,40.6824],[-73.8964,40.6826],[-73.8963,40.6828],[-73.896,40.6832],[-73.8956,40.6837],[-73.8953,40.6841],[-73.8942,40.6853],[-73.894,40.6851],[-73.8926,40.6835],[-73.8902,40.685],[-73.8889,40.6831],[-73.8874,40.683],[-73.8863,40.6826],[-73.8856,40.6797],[-73.8851,40.6778],[-73.8853,40.6777],[-73.8845,40.6749],[-73.885,40.6735],[-73.8839,40.6724],[-73.8832,40.6696],[-73.8836,40.6679],[-73.8825,40.6665],[-73.8801,40.6633],[-73.88,40.6631],[-73.8799,40.663],[-73.8794,40.6623],[-73.8797,40.6612],[-73.8795,40.6609],[-73.8793,40.6606],[-73.8789,40.6602],[-73.8787,40.6599],[-73.8777,40.6601],[-73.8773,40.6595],[-73.8775,40.6584],[-73.8758,40.6573],[-73.8781,40.6563],[-73.879,40.6559],[-73.8797,40.6556],[-73.8793,40.655],[-73.8792,40.6546],[-73.8793,40.6546],[-73.8797,40.6544],[-73.8791,40.6537],[-73.8767,40.6504],[-73.8778,40.6496],[-73.8784,40.6493],[-73.8814,40.6533],[-73.8822,40.6544],[-73.8847,40.6535],[-73.8862,40.6528],[-73.8864,40.6527],[-73.8879,40.652],[-73.8896,40.6513],[-73.89,40.6512],[-73.8927,40.6514],[-73.8956,40.6531],[-73.8978,40.6536],[-73.8981,40.654],[-73.8989,40.6567],[-73.899,40.6573],[-73.8989,40.6574],[-73.8988,40.6575],[-73.8992,40.6591],[-73.8997,40.6607],[-73.9001,40.6607],[-73.9011,40.6621],[-73.9007,40.6638],[-73.9005,40.6638],[-73.9009,40.6653],[-73.9017,40.6684],[-73.9023,40.6709],[-73.903,40.6734],[-73.9034,40.6754],[-73.9035,40.6755],[-73.9035,40.6755]]]]}},{"type":"Feature","id":"11209","properties":{"modzcta":"11209"},"geometry":{"type":"MultiPolygon","coordinates":[[[[-74.0194,40.6029],[-74.0201,40.6033],[-74.0204,40.6034],[-74.0207,40.6035],[-74.021,40.6036],[-74.0213,40.6036],[-74.0251,40.6041],[-74.03,40.6048],[-74.031,40.6053],[-74.0318,40.6058],[-74.0321,40.6059],[-74.0336,40.6071],[-74.0343,40.6077],[-74.0344,40.6079],[-74.0345,40.6081],[-74.0346,40.6083],[-74.0348,40.6085],[-74.035,40.6087],[-74.0352,40.6088],[-74.0353,40.6089],[-74.0354,40.6089],[-74.0355,40.609],[-74.0357,40.609],[-74.0358,40.6091],[-74.0361,40.6093],[-74.0362,40.6096],[-74.0364,40.61],[-74.0365,40.6104],[-74.0366,40.6107],[-74.0368,40.611],[-74.037,40.6113],[-74.0372,40.6115],[-74.0374,40.6117],[-74.0387,40.6129],[-74.0392,40.6134],[-74.0398,40.6143],[-74.0404,40.6153],[-74.0407,40.6171],[-74.041,40.6183],[-74.0414,40.62],[-74.0415,40.6202],[-74.0416,40.6204],[-74.0416,40.6206],[-74.0416,40.6208],[-74.0416,40.6211],[-74.0416,40.6215],[-74.0418,40.6225],[-74.0417,40.6232],[-74.0418,40.6234],[-74.0418,40.6237],[-74.0419,40.6239],[-74.0419,40.6242],[-74.0419,40.6244],[-74.0418,40.6251],[-74.0416,40.626],[-74.0414,40.6281],[-74.0413,40.6289],[-74.0411,40.6297],[-74.0411,40.6299],[-74.0411,40.6301],[-74.041,40.6303],[-74.0409,40.6305],[-74.0408,40.6306],[-74.0407,40.6309],[-74.0402,40.632],[-74.0393,40.6339],[-74.0383,40.6357],[-74.038,40.6358],[-74.0372,40.636],[-74.0365,40.6367],[-74.0363,40.6369],[-74.0361,40.6372],[-74.0361,40.6381],[-74.0361,40.6385],[-74.036,40.6388],[-74.0339,40.6382],[-74.0317,40.6375],[-74.0287,40.6365],[-74.026,40.6357],[-74.0232,40.6343],[-74.0216,40.6333],[-74.0197,40.6329],[-74.017,40.6316],[-74.0166,40.6314],[-74.0162,40.6311],[-74.0163,40.6303],[-74.0169,40.6288],[-74.0172,40.6281],[-74.0188,40.6243],[-74.0191,40.6236],[-74.0197,40.6222],[-74.0201,40.6223],[-74.0204,40.6222],[-74.0206,40.6218],[-74.0212,40.6213],[-74.0218,40.6206],[-74.0229,40.6195],[-74.0239,40.6183],[-74.0252,40.6167],[-74.0261,40.6155],[-74.0265,40.6147],[-74.0275,40.6129],[-74.0264,40.6125],[-74.0264,40.6129],[-74.0257,40.6148],[-74.0248,40.6156],[-74.0228,40.6146],[-74.0246,40.6102],[-74.0246,40.61],[-74.0245,40.6098],[-74.0244,40.6095],[-74.0237,40.6091],[-74.0215,40.6078],[-74.021,40.6075],[-74.0204,40.6073],[-74.0199,40.6071],[-74.0194,40.607],[-74.0182,40.6069],[-74.0179,40.607],[-74.0177,40.6071],[-74.0175,40.6073],[-74.0173,40.6074],[-74.017,40.6077],[-74.0155,40.6068],[-74.0167,40.6057],[-74.0175,40.605],[-74.018,40.6044],[-74.0182,40.6043],[-74.0182,40.6041],[-74.0187,40.6036],[-74.0192,40.6032],[-74.0192,40.6031],[-74.0194,40.6029],[-74.0194,40.6029]]]]}},{"type":"Feature","id":"11208","properties":{"modzcta":"11208"},"geometry":{"type":"MultiPolygon","coordinates":[[[[-73.8739,40.6464],[-73.8747,40.6457],[-73.8768,40.6472],[-73.8784,40.6493],[-73.8778,40.6496],[-73.8767,40.6504],[-73.874,40.6464],[-73.8739,40.6464]]],[[[-73.8572,40.6503],[-73.8576,40.6499],[-73.8577,40.6487],[-73.8584,40.6473],[-73.8574,40.6436],[-73.8579,40.6434],[-73.8584,40.6433],[-73.8589,40.6432],[-73.8595,40.6431],[-73.86,40.6431],[-73.8605,40.6431],[-73.861,40.643],[-73.8616,40.643],[-73.862,40.6429],[-73.8633,40.6423],[-73.8644,40.6414],[-73.8653,40.6408],[-73.8668,40.64],[-73.8673,40.6399],[-73.8699,40.6433],[-73.8706,40.6449],[-73.8716,40.6454],[-73.8721,40.6454],[-73.8734,40.6467],[-73.8735,40.6468],[-73.8762,40.6506],[-73.8792,40.6546],[-73.8793,40.655],[-73.8797,40.6556],[-73.879,40.6559],[-73.8781,40.6563],[-73.8758,40.6573],[-73.8775,40.6584],[-73.8773,40.6595],[-73.8777,40.6601],[-73.8787,40.6599],[-73.8789,40.6602],[-73.8793,40.6606],[-73.8795,40.6609],[-73.8797,40.6612],[-73.8794,40.6623],[-73.8799,40.663],[-73.88,40.6631],[-73.8801,40.6633],[-73.8825,40.6665],[-73.8836,40.6679],[-73.8832,40.6696],[-73.8839,40.6724],[-73.885,40.6735],[-73.8845,40.6749],[-73.8853,40.6777],[-73.8851,40.6778],[-73.8856,40.6797],[-73.8863,40.6826],[-73.8874,40.683],[-73.8889,40.6831],[-73.8891,40.6846],[-73.8881,40.6853],[-73.8845,40.6867],[-73.8823,40.689],[-73.8796,40.6911],[-73.8794,40.6912],[-73.87,40.6949],[-73.8684,40.6947],[-73.8686,40.6939],[-73.8679,40.6905],[-73.8676,40.6891],[-73.8673,40.6877],[-73.8669,40.6863],[-73.8665,40.6845],[-73.8663,40.6832],[-73.866,40.6819],[-73.8646,40.6822],[-73.864,40.6819],[-73.8634,40.6794],[-73.8633,40.6791],[-73.8623,40.6792],[-73.862,40.6779],[-73.8614,40.6753],[-73.8611,40.6743],[-73.8608,40.6728],[-73.8595,40.6714],[-73.8576,40.6717],[-73.8573,40.6703],[-73.8572,40.6702],[-73.8568,40.6686],[-73.8567,40.6679],[-73.8562,40.6658],[-73.8557,40.6639],[-73.8566,40.6637],[-73.8584,40.6635],[-73.858,40.6617],[-73.8576,40.6601],[-73.8594,40.6598],[-73.8612,40.6592],[-73.8632,40.6583],[-73.863,40.6575],[-73.863,40.6575],[-73.863,40.6574],[-73.863,40.6574],[-73.863,40.6573],[-73.863,40.6573],[-73.863,40.6573],[-73.863,40.6572],[-73.863,40.6572],[-73.8631,40.6572],[-73.8631,40.6572],[-73.8631,40.6572],[-73.8631,40.6572],[-73.8631,40.6572],[-73.8631,40.6572],[-73.8631,40.6572],[-73.8631,40.6572],[-73.8631,40.6572],[-73.8631,40.6572],[-73.8631,40.6571],[-73.8631,40.6571],[-73.8632,40.6571],[-73.8632,40.657],[-73.8632,40.657],[-73.8632,40.657],[-73.8632,40.657],[-73.8632,40.657],[-73.8632,40.657],[-73.8633,40.657],[-73.8633,40.6569],[-73.8632,40.6568],[-73.8631,40.6568],[-73.863,40.6567],[-73.863,40.6565],[-73.8631,40.6565],[-73.8631,40.6565],[-73.8631,40.6565],[-73.8631,40.6565],[-73.863,40.6564],[-73.863,40.6564],[-73.863,40.6564],[-73.863,40.6564],[-73.863,40.6563],[-73.863,40.6563],[-73.8631,40.6563],[-73.8631,40.6564],[-73.8631,40.6564],[-73.8632,40.6564],[-73.8632,40.6564],[-73.8632,40.6564],[-73.8632,40.6564],[-73.8632,40.6563],[-73.8632,40.6563],[-73.8631,40.6562],[-73.863,40.656],[-73.8628,40.6558],[-73.8626,40.6557],[-73.8616,40.6553],[-73.8613,40.6553],[-73.861,40.6552],[-73.8606,40.6547],[-73.8605,40.6546],[-73.86,40.654],[-73.8572,40.6503],[-73.8572,40.6503]]]]}},{"type":"Feature","id":"11210","properties":{"modzcta":"11210"},"geometry":{"type":"MultiPolygon","coordinates":[[[[-73.9448,40.616],[-73.9458,40.6155],[-73.947,40.617],[-73.9466,40.6148],[-73.9477,40.6142],[-73.9483,40.6138],[-73.9491,40.6131],[-73.9493,40.614],[-73.95,40.6125],[-73.9508,40.6116],[-73.9507,40.6115],[-73.9516,40.6111],[-73.9526,40.6111],[-73.9535,40.6136],[-73.9536,40.6163],[-73.9545,40.6211],[-73.9553,40.6211],[-73.955,40.6214],[-73.9559,40.6233],[-73.9554,40.6258],[-73.956,40.6295],[-73.9571,40.6296],[-73.9566,40.6306],[-73.9566,40.6307],[-73.9566,40.6308],[-73.9566,40.631],[-73.9565,40.6311],[-73.9564,40.6312],[-73.9572,40.6354],[-73.9584,40.6363],[-73.9566,40.6372],[-73.9558,40.6384],[-73.954,40.6389],[-73.9536,40.6384],[-73.9521,40.6384],[-73.9502,40.6385],[-73.9494,40.6399],[-73.9474,40.64],[-73.9455,40.6402],[-73.9444,40.6395],[-73.9436,40.6403],[-73.9425,40.639],[-73.9406,40.6391],[-73.9387,40.6392],[-73.9375,40.6369],[-73.9361,40.637],[-73.9354,40.6348],[-73.9343,40.6342],[-73.9352,40.6334],[-73.9351,40.6324],[-73.9341,40.6325],[-73.9339,40.6302],[-73.9346,40.6278],[-73.9335,40.626],[-73.9334,40.6257],[-73.9343,40.6249],[-73.9352,40.6251],[-73.9363,40.6247],[-73.9355,40.6239],[-73.9358,40.6235],[-73.9372,40.623],[-73.9393,40.6227],[-73.94,40.6213],[-73.9408,40.6204],[-73.9408,40.6201],[-73.9415,40.62],[-73.9427,40.6199],[-73.9424,40.6186],[-73.9432,40.6177],[-73.944,40.6168],[-73.9448,40.616],[-73.9448,40.616]]]]}},{"type":"Feature","id":"11211","properties":{"modzcta":"11211"},"geometry":{"type":"MultiPolygon","coordinates":[[[[-73.9557,40.7239],[-73.9555,40.7241],[-73.9553,40.7243],[-73.9545,40.7232],[-73.9557,40.7239]]],[[[-73.9231,40.7164],[-73.9285,40.715],[-73.9306,40.7145],[-73.9311,40.7146],[-73.9299,40.7151],[-73.9293,40.7153],[-73.9293,40.7153],[-73.9289,40.7166],[-73.9289,40.7166],[-73.9289,40.7167],[-73.9289,40.7167],[-73.9288,40.7167],[-73.9288,40.7168],[-73.9287,40.7168],[-73.9286,40.7169],[-73.9286,40.7169],[-73.9284,40.717],[-73.9283,40.7171],[-73.9282,40.7171],[-73.9282,40.7171],[-73.9281,40.7171],[-73.9281,40.7171],[-73.9259,40.7177],[-73.925,40.7179],[-73.925,40.7179],[-73.9249,40.7179],[-73.9249,40.7179],[-73.9248,40.7179],[-73.9248,40.7179],[-73.9247,40.7179],[-73.9247,40.7179],[-73.9247,40.7179],[-73.9246,40.718],[-73.9246,40.718],[-73.9246,40.7179],[-73.9246,40.7179],[-73.9245,40.7179],[-73.9245,40.7179],[-73.9245,40.7179],[-73.9244,40.7179],[-73.9244,40.7179],[-73.9244,40.7178],[-73.9243,40.7178],[-73.9243,40.7178],[-73.9242,40.7178],[-73.9242,40.7177],[-73.9242,40.7177],[-73.9242,40.7177],[-73.9241,40.7177],[-73.9241,40.7177],[-73.9241,40.7176],[-73.924,40.7176],[-73.924,40.7176],[-73.924,40.7176],[-73.924,40.7175],[-73.9239,40.7175],[-73.9239,40.7175],[-73.9239,40.7175],[-73.9238,40.7174],[-73.9238,40.7174],[-73.9238,40.7174],[-73.9237,40.7174],[-73.9237,40.7174],[-73.9237,40.7173],[-73.9236,40.7173],[-73.9236,40.7173],[-73.9236,40.7173],[-73.9236,40.7172],[-73.9235,40.7172],[-73.9235,40.7172],[-73.9235,40.7172],[-73.9235,40.7171],[-73.9235,40.7171],[-73.9234,40.7171],[-73.9234,40.7171],[-73.9234,40.717],[-73.9234,40.717],[-73.9234,40.717],[-73.9234,40.717],[-73.9232,40.7167],[-73.9231,40.7165],[-73.9231,40.7165],[-73.9231,40.7164],[-73.9231,40.7164]]],[[[-73.957,40.699],[-73.9589,40.6987],[-73.9611,40.6983],[-73.9623,40.6981],[-73.9624,40.6981],[-73.9628,40.698],[-73.9649,40.6977],[-73.9667,40.6977],[-73.9687,40.6978],[-73.9708,40.6978],[-73.9718,40.6979],[-73.9733,40.6979],[-73.9733,40.6988],[-73.9726,40.6996],[-73.9755,40.6992],[-73.9759,40.7],[-73.9763,40.7005],[-73.9759,40.7019],[-73.9756,40.7018],[-73.9756,40.7018],[-73.9754,40.7019],[-73.9756,40.7],[-73.9758,40.6997],[-73.9758,40.6997],[-73.9758,40.6996],[-73.9757,40.6995],[-73.9756,40.6995],[-73.9755,40.6995],[-73.9754,40.6995],[-73.9754,40.6996],[-73.9743,40.7012],[-73.9739,40.7011],[-73.9738,40.7011],[-73.9736,40.7009],[-73.9729,40.7003],[-73.9724,40.7002],[-73.973,40.7008],[-73.9733,40.7011],[-73.9735,40.7013],[-73.9732,40.7017],[-73.9728,40.7014],[-73.9711,40.6999],[-73.9708,40.7],[-73.9725,40.7016],[-73.9733,40.7024],[-73.9698,40.7002],[-73.9728,40.7033],[-73.9718,40.703],[-73.9689,40.7016],[-73.9715,40.7033],[-73.9722,40.704],[-73.9711,40.7035],[-73.971,40.7038],[-73.9734,40.7055],[-73.9726,40.7062],[-73.9722,40.7065],[-73.9712,40.7058],[-73.9702,40.7049],[-73.9675,40.7034],[-73.9683,40.7045],[-73.9692,40.706],[-73.9696,40.7076],[-73.9699,40.7086],[-73.9696,40.7101],[-73.9697,40.7103],[-73.9701,40.7105],[-73.9699,40.7105],[-73.9697,40.7105],[-73.9697,40.7107],[-73.9698,40.7108],[-73.9694,40.7109],[-73.9698,40.7112],[-73.9697,40.7112],[-73.9696,40.7112],[-73.9693,40.7112],[-73.9693,40.7113],[-73.9691,40.7115],[-73.9691,40.7116],[-73.9689,40.7122],[-73.9689,40.7123],[-73.9689,40.7124],[-73.9689,40.7125],[-73.9689,40.7126],[-73.9688,40.7127],[-73.9688,40.7128],[-73.9687,40.7127],[-73.9687,40.7129],[-73.9685,40.7128],[-73.9685,40.7129],[-73.9685,40.7129],[-73.9685,40.7131],[-73.9684,40.7143],[-73.9677,40.7159],[-73.9673,40.7165],[-73.9673,40.7167],[-73.9672,40.7169],[-73.9668,40.7177],[-73.9666,40.718],[-73.9665,40.718],[-73.9665,40.7181],[-73.9663,40.7183],[-73.9662,40.7183],[-73.9661,40.7184],[-73.9661,40.7185],[-73.9659,40.7188],[-73.9657,40.7189],[-73.9655,40.7189],[-73.9653,40.7194],[-73.9654,40.7196],[-73.9654,40.72],[-73.9651,40.7203],[-73.9649,40.7203],[-73.9645,40.7201],[-73.9644,40.7202],[-73.9645,40.7202],[-73.9644,40.7204],[-73.9641,40.7208],[-73.9636,40.7215],[-73.9634,40.7216],[-73.963,40.722],[-73.9623,40.7235],[-73.9621,40.7239],[-73.9619,40.7241],[-73.9617,40.7249],[-73.9619,40.7253],[-73.9615,40.7251],[-73.9612,40.7253],[-73.9604,40.725],[-73.9583,40.7244],[-73.9577,40.7243],[-73.9576,40.7251],[-73.9557,40.7239],[-73.9548,40.7225],[-73.9551,40.7223],[-73.9553,40.7221],[-73.956,40.7214],[-73.9516,40.7235],[-73.9505,40.7208],[-73.9501,40.7183],[-73.9472,40.7186],[-73.9468,40.7187],[-73.9466,40.7186],[-73.9453,40.7188],[-73.9434,40.7189],[-73.9415,40.7191],[-73.9405,40.7187],[-73.9404,40.7183],[-73.9402,40.7181],[-73.9373,40.7188],[-73.937,40.7183],[-73.9361,40.7183],[-73.9356,40.7192],[-73.9362,40.7206],[-73.935,40.7217],[-73.9356,40.723],[-73.9324,40.7238],[-73.9293,40.7246],[-73.9278,40.7249],[-73.9256,40.7201],[-73.9248,40.7202],[-73.9247,40.72],[-73.9247,40.7199],[-73.9245,40.7197],[-73.9245,40.7196],[-73.9245,40.7193],[-73.9246,40.7192],[-73.9247,40.7187],[-73.9248,40.7186],[-73.9249,40.7184],[-73.925,40.7184],[-73.9262,40.7181],[-73.9284,40.7176],[-73.9284,40.7176],[-73.9284,40.7176],[-73.9284,40.7176],[-73.9285,40.7176],[-73.9285,40.7176],[-73.9285,40.7176],[-73.9286,40.7176],[-73.9286,40.7176],[-73.9287,40.7177],[-73.9287,40.7177],[-73.9288,40.7177],[-73.9288,40.7177],[-73.9288,40.7177],[-73.9288,40.7177],[-73.9288,40.7177],[-73.9289,40.7177],[-73.9289,40.7177],[-73.929,40.7176],[-73.9291,40.7176],[-73.9291,40.7175],[-73.9291,40.7175],[-73.9291,40.7175],[-73.9291,40.7175],[-73.9291,40.7175],[-73.9292,40.7174],[-73.9292,40.7174],[-73.9296,40.7172],[-73.9296,40.7172],[-73.9297,40.7171],[-73.9297,40.7171],[-73.9297,40.717],[-73.9297,40.717],[-73.9297,40.717],[-73.9297,40.717],[-73.9295,40.7166],[-73.9295,40.7166],[-73.9295,40.7166],[-73.9295,40.7165],[-73.9295,40.7165],[-73.9293,40.7161],[-73.9293,40.716],[-73.9293,40.7159],[-73.9294,40.7159],[-73.9294,40.7158],[-73.9295,40.7157],[-73.9295,40.7157],[-73.9295,40.7157],[-73.9295,40.7157],[-73.9296,40.7157],[-73.9315,40.7152],[-73.9315,40.7152],[-73.9316,40.7152],[-73.9317,40.7152],[-73.9318,40.7152],[-73.9319,40.7151],[-73.932,40.7151],[-73.9321,40.715],[-73.9322,40.715],[-73.9322,40.715],[-73.9322,40.7149],[-73.9322,40.7149],[-73.9322,40.7149],[-73.9322,40.7148],[-73.9322,40.7148],[-73.9322,40.7147],[-73.9321,40.7147],[-73.9318,40.7147],[-73.9316,40.7144],[-73.9314,40.7144],[-73.9315,40.7142],[-73.9323,40.714],[-73.9348,40.7134],[-73.9383,40.7125],[-73.9377,40.7112],[-73.9403,40.7107],[-73.9404,40.7108],[-73.9405,40.7116],[-73.9422,40.7118],[-73.9425,40.711],[-73.9433,40.711],[-73.9438,40.7109],[-73.9456,40.7115],[-73.9459,40.7107],[-73.9468,40.7106],[-73.9471,40.7106],[-73.9489,40.7112],[-73.951,40.7102],[-73.9509,40.7095],[-73.9508,40.7088],[-73.9505,40.7074],[-73.9503,40.7059],[-73.9519,40.7044],[-73.9544,40.7037],[-73.9557,40.7019],[-73.9572,40.7],[-73.957,40.699],[-73.957,40.699]]]]}},{"type":"Feature","id":"11212","properties":{"modzcta":"11212"},"geometry":{"type":"MultiPolygon","coordinates":[[[[-73.9218,40.6544],[-73.922,40.6546],[-73.9221,40.6547],[-73.9233,40.6558],[-73.9241,40.6565],[-73.9252,40.6575],[-73.9262,40.6584],[-73.9272,40.6585],[-73.9282,40.6602],[-73.9291,40.6609],[-73.9305,40.6622],[-73.9316,40.6628],[-73.9316,40.6636],[-73.9299,40.664],[-73.9292,40.6643],[-73.9287,40.6645],[-73.9277,40.6649],[-73.9264,40.6655],[-73.9255,40.6659],[-73.9242,40.6664],[-73.9232,40.6669],[-73.923,40.667],[-73.9228,40.6671],[-73.9219,40.6675],[-73.9201,40.6682],[-73.92,40.6683],[-73.9192,40.6686],[-73.9186,40.6691],[-73.92,40.6691],[-73.92,40.6695],[-73.9189,40.6699],[-73.9171,40.6698],[-73.917,40.6707],[-73.9169,40.6707],[-73.9149,40.6705],[-73.9145,40.6707],[-73.9141,40.671],[-73.9142,40.6712],[-73.9142,40.6714],[-73.9132,40.6714],[-73.9122,40.6717],[-73.9112,40.6722],[-73.911,40.6722],[-73.9104,40.6725],[-73.9101,40.6726],[-73.9099,40.6727],[-73.9093,40.6729],[-73.9083,40.6734],[-73.9079,40.6736],[-73.907,40.674],[-73.9061,40.6744],[-73.9052,40.6747],[-73.9044,40.6752],[-73.9037,40.6754],[-73.9035,40.6755],[-73.9032,40.6745],[-73.9027,40.6722],[-73.902,40.6697],[-73.9013,40.6669],[-73.9004,40.6638],[-73.9006,40.6638],[-73.9015,40.6637],[-73.9007,40.6606],[-73.8999,40.6606],[-73.8997,40.6607],[-73.8988,40.6575],[-73.8988,40.6574],[-73.899,40.6574],[-73.8997,40.6573],[-73.9,40.6573],[-73.9004,40.6572],[-73.9006,40.6571],[-73.9012,40.6565],[-73.9025,40.6557],[-73.9028,40.6555],[-73.9032,40.6553],[-73.9045,40.6551],[-73.9051,40.655],[-73.9061,40.6549],[-73.9078,40.6546],[-73.9086,40.6545],[-73.9097,40.6543],[-73.9107,40.6542],[-73.9122,40.6541],[-73.9124,40.6541],[-73.9132,40.6542],[-73.9138,40.6542],[-73.9153,40.6542],[-73.9159,40.6542],[-73.9176,40.6543],[-73.9178,40.6542],[-73.9185,40.6537],[-73.9191,40.6543],[-73.9196,40.6544],[-73.9204,40.6544],[-73.9206,40.6545],[-73.9215,40.6546],[-73.9218,40.6544],[-73.9218,40.6544]]]]}},{"type":"Feature","id":"11213","properties":{"modzcta":"11213"},"geometry":{"type":"MultiPolygon","coordinates":[[[[-73.94,40.663],[-73.9422,40.6635],[-73.9425,40.6639],[-73.9427,40.6645],[-73.9426,40.6654],[-73.9425,40.6658],[-73.9481,40.6661],[-73.948,40.667],[-73.9479,40.6679],[-73.9478,40.6695],[-73.9477,40.6697],[-73.9477,40.6706],[-73.9476,40.6715],[-73.9474,40.6733],[-73.9472,40.6751],[-73.9471,40.6765],[-73.9447,40.6761],[-73.9444,40.6758],[-73.944,40.6761],[-73.9418,40.6764],[-73.9415,40.6772],[-73.9414,40.678],[-73.9413,40.6792],[-73.9403,40.6799],[-73.9374,40.6797],[-73.9344,40.6796],[-73.9313,40.6794],[-73.9291,40.6793],[-73.9298,40.6785],[-73.93,40.6783],[-73.9301,40.6783],[-73.9302,40.678],[-73.9303,40.6777],[-73.9303,40.6775],[-73.9303,40.6774],[-73.9304,40.6766],[-73.9277,40.6757],[-73.9273,40.6749],[-73.9259,40.6748],[-73.925,40.6747],[-73.9251,40.6734],[-73.9252,40.6721],[-73.9253,40.6715],[-73.9253,40.6714],[-73.9254,40.6703],[-73.9256,40.6687],[-73.9253,40.6685],[-73.9253,40.6683],[-73.925,40.668],[-73.9248,40.6676],[-73.9242,40.6664],[-73.9255,40.6659],[-73.9264,40.6655],[-73.9277,40.6649],[-73.9287,40.6645],[-73.9292,40.6643],[-73.9299,40.664],[-73.9316,40.6636],[-73.9344,40.6634],[-73.9373,40.6632],[-73.94,40.663]]]]}},{"type":"Feature","id":"11218","properties":{"modzcta":"11218"},"geometry":{"type":"MultiPolygon","coordinates":[[[[-73.9772,40.6307],[-73.9783,40.6313],[-73.9796,40.6329],[-73.9786,40.633],[-73.9788,40.6337],[-73.9814,40.635],[-73.983,40.6364],[-73.9831,40.6368],[-73.9858,40.6376],[-73.9875,40.6395],[-73.9919,40.6422],[-73.9905,40.6432],[-73.9891,40.6441],[-73.9853,40.6458],[-73.9823,40.6469],[-73.9813,40.6472],[-73.9804,40.6477],[-73.9811,40.6516],[-73.9815,40.6534],[-73.9812,40.6558],[-73.9809,40.6561],[-73.9808,40.6562],[-73.9801,40.6569],[-73.9776,40.6559],[-73.9772,40.6561],[-73.9769,40.6559],[-73.9767,40.6557],[-73.9766,40.6554],[-73.9763,40.656],[-73.9767,40.6569],[-73.9757,40.6581],[-73.9745,40.6583],[-73.9743,40.658],[-73.9741,40.6577],[-73.974,40.6573],[-73.9736,40.6556],[-73.973,40.6539],[-73.9724,40.6518],[-73.9723,40.6514],[-73.9724,40.6514],[-73.9725,40.6513],[-73.9726,40.6513],[-73.9727,40.6512],[-73.9727,40.6511],[-73.9727,40.651],[-73.9727,40.6509],[-73.9726,40.6509],[-73.9726,40.6508],[-73.9725,40.6508],[-73.9724,40.6507],[-73.9723,40.6507],[-73.9722,40.6506],[-73.9721,40.6507],[-73.972,40.6507],[-73.9719,40.6508],[-73.9718,40.6508],[-73.9717,40.6509],[-73.9717,40.651],[-73.9717,40.651],[-73.9717,40.6511],[-73.9662,40.6532],[-73.9652,40.6517],[-73.9653,40.6506],[-73.967,40.6499],[-73.9675,40.6477],[-73.9673,40.6465],[-73.9664,40.6465],[-73.9669,40.6441],[-73.9663,40.6435],[-73.9663,40.6411],[-73.9653,40.6408],[-73.9658,40.6384],[-73.9663,40.6359],[-73.9676,40.6352],[-73.969,40.6346],[-73.9709,40.6337],[-73.9722,40.6331],[-73.9724,40.633],[-73.9727,40.6324],[-73.976,40.6313],[-73.9772,40.6307]]]]}},{"type":"Feature","id":"11214","properties":{"modzcta":"11214"},"geometry":{"type":"MultiPolygon","coordinates":[[[[-74.0148,40.6021],[-74.015,40.6025],[-74.015,40.6026],[-74.0142,40.6031],[-74.0138,40.6036],[-74.0128,40.6054],[-74.0108,40.6067],[-74.0098,40.6088],[-74.0073,40.6101],[-74.0064,40.611],[-74.0058,40.6115],[-74.0052,40.6121],[-74.0047,40.6126],[-74.0041,40.6132],[-74.0032,40.614],[-74.002,40.6152],[-74.0008,40.6163],[-73.9984,40.6148],[-73.994,40.6122],[-73.9924,40.6102],[-73.9916,40.6108],[-73.9899,40.6092],[-73.9874,40.6081],[-73.9884,40.6071],[-73.987,40.606],[-73.9875,40.6045],[-73.9865,40.603],[-73.9863,40.6022],[-73.9861,40.601],[-73.9859,40.6],[-73.9857,40.5989],[-73.9855,40.5979],[-73.9852,40.5964],[-73.985,40.5954],[-73.9846,40.5936],[-73.9845,40.5929],[-73.9844,40.5925],[-73.9844,40.5923],[-73.9843,40.5918],[-73.9842,40.5912],[-73.984,40.5902],[-73.9838,40.589],[-73.9835,40.5873],[-73.983,40.5848],[-73.9827,40.5834],[-73.9827,40.5832],[-73.9826,40.5829],[-73.9828,40.5829],[-73.9829,40.583],[-73.983,40.5831],[-73.9832,40.5832],[-73.9833,40.5832],[-73.9835,40.5832],[-73.9836,40.5832],[-73.9836,40.583],[-73.9842,40.5827],[-73.9857,40.5813],[-73.9858,40.5813],[-73.986,40.5817],[-73.9869,40.5811],[-73.9871,40.5809],[-73.9873,40.5807],[-73.9874,40.5805],[-73.9876,40.58],[-73.9876,40.5799],[-73.9878,40.5798],[-73.9878,40.5798],[-73.9878,40.5798],[-73.9878,40.5798],[-73.988,40.5797],[-73.988,40.5797],[-73.988,40.5796],[-73.9881,40.5796],[-73.9881,40.5796],[-73.9881,40.5797],[-73.9882,40.5797],[-73.9883,40.5797],[-73.9884,40.5798],[-73.9885,40.5798],[-73.9886,40.5798],[-73.9891,40.5802],[-73.9897,40.5804],[-73.9912,40.581],[-73.9917,40.5812],[-73.9917,40.5815],[-73.9919,40.5816],[-73.9917,40.5819],[-73.9904,40.5843],[-73.9904,40.5844],[-73.9903,40.5845],[-73.9903,40.5846],[-73.9927,40.5836],[-73.9928,40.5835],[-73.9929,40.5835],[-73.9929,40.5834],[-73.993,40.5834],[-73.9931,40.5834],[-73.9931,40.5833],[-73.9931,40.5833],[-73.9932,40.5833],[-73.9933,40.5832],[-73.9935,40.5831],[-73.9939,40.5829],[-73.9942,40.5828],[-73.9945,40.5827],[-73.9946,40.5826],[-73.9947,40.5826],[-73.9948,40.5825],[-73.9949,40.5825],[-73.995,40.5825],[-73.995,40.5825],[-73.9952,40.5824],[-73.9952,40.5824],[-73.9953,40.5823],[-73.9953,40.5823],[-73.9954,40.5822],[-73.9955,40.5822],[-73.9956,40.5822],[-73.9959,40.5822],[-73.9962,40.5822],[-73.9974,40.5824],[-74.0002,40.5831],[-74.0004,40.5835],[-74.0004,40.5842],[-74.0001,40.5844],[-73.9999,40.5845],[-73.9996,40.5846],[-73.9995,40.5848],[-73.9992,40.5849],[-73.9988,40.5852],[-73.9985,40.5853],[-73.9981,40.5854],[-73.9983,40.5855],[-73.9993,40.5855],[-73.9995,40.5858],[-73.9996,40.5862],[-73.999,40.5864],[-73.9986,40.5865],[-73.9982,40.5865],[-73.9962,40.5874],[-73.9942,40.5884],[-73.9957,40.5879],[-73.9942,40.5889],[-73.9951,40.5886],[-73.9952,40.5886],[-73.9949,40.5888],[-73.9955,40.5895],[-73.9979,40.5884],[-73.9987,40.5892],[-73.9995,40.5892],[-73.9984,40.5898],[-73.9985,40.59],[-73.9986,40.59],[-73.9987,40.5901],[-73.9988,40.5902],[-73.9988,40.5903],[-73.9987,40.5903],[-73.9986,40.5902],[-73.9985,40.5902],[-73.9984,40.5903],[-73.9978,40.591],[-73.9971,40.5913],[-73.9971,40.5914],[-73.9972,40.5916],[-73.9972,40.5917],[-73.9976,40.5919],[-73.9992,40.5911],[-73.9994,40.5911],[-73.9996,40.5911],[-73.9998,40.5911],[-73.9999,40.5911],[-74.0,40.5912],[-74.0001,40.5913],[-74.0002,40.5914],[-74.0002,40.5915],[-74.0001,40.5917],[-73.9993,40.5922],[-73.9993,40.5926],[-73.9994,40.5927],[-73.9995,40.5928],[-73.9995,40.593],[-73.999,40.5933],[-73.9985,40.5936],[-74.0011,40.5925],[-74.0019,40.5939],[-74.002,40.5941],[-74.0023,40.5945],[-74.0025,40.5949],[-74.0028,40.5953],[-74.0031,40.5956],[-74.0035,40.5959],[-74.0055,40.5975],[-74.0085,40.5994],[-74.0096,40.6],[-74.0099,40.6002],[-74.0104,40.6005],[-74.0109,40.6007],[-74.0114,40.601],[-74.0119,40.6011],[-74.0124,40.6013],[-74.013,40.6016],[-74.0148,40.6021],[-74.0148,40.6021]]]]}},{"type":"Feature","id":"11215","properties":{"modzcta":"11215"},"geometry":{"type":"MultiPolygon","coordinates":[[[[-73.9982,40.6712],[-73.9985,40.6717],[-73.9986,40.6719],[-73.9981,40.6724],[-73.9974,40.6732],[-73.997,40.6738],[-73.996,40.675],[-73.9954,40.6756],[-73.9951,40.6758],[-73.9948,40.676],[-73.9946,40.6761],[-73.9943,40.6761],[-73.9941,40.6762],[-73.9938,40.6762],[-73.9935,40.6762],[-73.9932,40.6762],[-73.9928,40.6761],[-73.9926,40.6761],[-73.9904,40.6762],[-73.9894,40.6775],[-73.9893,40.6784],[-73.9885,40.6795],[-73.9878,40.68],[-73.987,40.6797],[-73.9827,40.6781],[-73.983,40.6774],[-73.9805,40.6764],[-73.9755,40.6745],[-73.971,40.6727],[-73.9704,40.6726],[-73.9709,40.6719],[-73.9718,40.6706],[-73.9728,40.6694],[-73.9738,40.6682],[-73.9748,40.667],[-73.9758,40.6658],[-73.9768,40.6646],[-73.9778,40.6634],[-73.9789,40.6622],[-73.9797,40.6612],[-73.9798,40.6613],[-73.9799,40.6613],[-73.98,40.6613],[-73.9801,40.6612],[-73.9802,40.6612],[-73.9802,40.661],[-73.9802,40.6609],[-73.9802,40.6609],[-73.9801,40.6608],[-73.9799,40.6607],[-73.9798,40.6607],[-73.9796,40.6608],[-73.9775,40.6599],[-73.9757,40.6581],[-73.9767,40.6569],[-73.9763,40.656],[-73.9766,40.6554],[-73.9767,40.6557],[-73.9769,40.6559],[-73.9772,40.6561],[-73.9776,40.6559],[-73.9801,40.6569],[-73.9808,40.6562],[-73.9809,40.6561],[-73.9812,40.6558],[-73.9815,40.6534],[-73.9811,40.6516],[-73.9804,40.6477],[-73.9813,40.6472],[-73.9823,40.6469],[-73.9853,40.6458],[-73.9891,40.6441],[-73.9939,40.6471],[-73.9983,40.6497],[-74.0022,40.653],[-74.0004,40.6546],[-73.9993,40.6557],[-73.9981,40.6569],[-73.9969,40.658],[-73.9958,40.6591],[-73.9946,40.6602],[-73.9934,40.6613],[-73.9923,40.6625],[-73.9938,40.6643],[-73.994,40.6645],[-73.9958,40.6657],[-73.9953,40.6661],[-73.995,40.6665],[-73.9949,40.6667],[-73.9951,40.6671],[-73.9959,40.668],[-73.9959,40.6681],[-73.9962,40.6684],[-73.9965,40.6689],[-73.9967,40.6687],[-73.9969,40.6692],[-73.9971,40.6695],[-73.9976,40.6703],[-73.9977,40.6704],[-73.998,40.6708],[-73.9982,40.6712]]]]}},{"type":"Feature","id":"11216","properties":{"modzcta":"11216"},"geometry":{"type":"MultiPolygon","coordinates":[[[[-73.9477,40.6697],[-73.9509,40.6699],[-73.9533,40.67],[-73.958,40.6707],[-73.9577,40.6715],[-73.9565,40.6722],[-73.957,40.6733],[-73.9564,40.675],[-73.9557,40.6768],[-73.9552,40.6783],[-73.953,40.6786],[-73.9541,40.679],[-73.9553,40.6793],[-73.9555,40.6802],[-73.9558,40.6819],[-73.9561,40.6833],[-73.9564,40.6848],[-73.9567,40.6863],[-73.957,40.6877],[-73.955,40.6887],[-73.9547,40.6891],[-73.9517,40.6896],[-73.9514,40.6898],[-73.9516,40.6906],[-73.9518,40.6917],[-73.9486,40.6924],[-73.9456,40.692],[-73.9453,40.6906],[-73.948,40.6895],[-73.9451,40.6891],[-73.9449,40.6883],[-73.9447,40.6874],[-73.9446,40.6869],[-73.9443,40.6854],[-73.944,40.684],[-73.9413,40.6838],[-73.9382,40.6839],[-73.9379,40.6824],[-73.9376,40.681],[-73.9384,40.6798],[-73.9412,40.6799],[-73.9414,40.6781],[-73.9414,40.6779],[-73.9415,40.6764],[-73.9419,40.6761],[-73.9442,40.6758],[-73.9447,40.6758],[-73.9448,40.6762],[-73.9471,40.6759],[-73.9473,40.6742],[-73.9475,40.6724],[-73.9476,40.6707],[-73.9477,40.6699],[-73.9477,40.6697]]]]}},{"type":"Feature","id":"11217","properties":{"modzcta":"11217"},"geometry":{"type":"MultiPolygon","coordinates":[[[[-73.9709,40.6727],[-73.973,40.6735],[-73.978,40.6754],[-73.983,40.6774],[-73.9826,40.678],[-73.985,40.679],[-73.9877,40.68],[-73.9882,40.6794],[-73.9881,40.6802],[-73.9887,40.6812],[-73.9904,40.6827],[-73.9902,40.683],[-73.9901,40.6832],[-73.99,40.6833],[-73.9898,40.6836],[-73.9897,40.6838],[-73.9896,40.6839],[-73.9894,40.6842],[-73.9892,40.6846],[-73.9891,40.6846],[-73.9888,40.6851],[-73.9887,40.6852],[-73.9879,40.6865],[-73.987,40.6878],[-73.9844,40.6876],[-73.9836,40.6888],[-73.9824,40.6889],[-73.9816,40.6891],[-73.9809,40.6889],[-73.9806,40.6888],[-73.9804,40.6899],[-73.9786,40.6898],[-73.9771,40.6898],[-73.9751,40.6897],[-73.9731,40.6896],[-73.9736,40.6873],[-73.9731,40.6858],[-73.9723,40.6855],[-73.9722,40.685],[-73.9721,40.6842],[-73.9728,40.6829],[-73.9719,40.6827],[-73.9707,40.6823],[-73.9708,40.6816],[-73.9714,40.6801],[-73.972,40.6783],[-73.9724,40.6772],[-73.9714,40.6758],[-73.9711,40.6752],[-73.9712,40.6751],[-73.9713,40.6749],[-73.9714,40.6747],[-73.9714,40.6745],[-73.9715,40.6741],[-73.9714,40.6737],[-73.9713,40.6733],[-73.9711,40.673],[-73.9709,40.6728],[-73.9709,40.6727]]]]}},{"type":"Feature","id":"11219","properties":{"modzcta":"11219"},"geometry":{"type":"MultiPolygon","coordinates":[[[[-73.9973,40.6197],[-73.9995,40.621],[-74.0039,40.6237],[-74.0067,40.6245],[-74.0083,40.6264],[-74.0121,40.6287],[-74.0121,40.6296],[-74.0115,40.6302],[-74.0103,40.6313],[-74.0091,40.6325],[-74.007,40.6321],[-74.0066,40.6324],[-74.008,40.6336],[-74.0068,40.6347],[-74.0062,40.6353],[-74.005,40.6364],[-74.0041,40.6373],[-74.0012,40.636],[-74.0033,40.6381],[-74.0024,40.639],[-74.0015,40.6398],[-74.0007,40.6406],[-73.9998,40.6415],[-73.9986,40.6426],[-73.9977,40.6434],[-73.9968,40.6443],[-73.9957,40.6454],[-73.9947,40.6463],[-73.9942,40.6468],[-73.9918,40.6458],[-73.9898,40.6436],[-73.9912,40.6427],[-73.9897,40.6408],[-73.988,40.6389],[-73.9852,40.6382],[-73.9829,40.6367],[-73.9812,40.6352],[-73.982,40.6344],[-73.9832,40.6333],[-73.9843,40.6322],[-73.9855,40.631],[-73.9867,40.6299],[-73.9878,40.6288],[-73.9884,40.6282],[-73.9896,40.6271],[-73.9908,40.626],[-73.9914,40.6254],[-73.9926,40.6243],[-73.9937,40.6232],[-73.9943,40.6226],[-73.9955,40.6214],[-73.9967,40.6203],[-73.9973,40.6197]]]]}},{"type":"Feature","id":"11220","properties":{"modzcta":"11220"},"geometry":{"type":"MultiPolygon","coordinates":[[[[-74.0121,40.6287],[-74.0125,40.6288],[-74.0128,40.6288],[-74.0148,40.63],[-74.0157,40.6308],[-74.0162,40.6311],[-74.0166,40.6314],[-74.017,40.6316],[-74.0197,40.6329],[-74.0216,40.6333],[-74.0232,40.6343],[-74.026,40.6357],[-74.0287,40.6365],[-74.0317,40.6375],[-74.0339,40.6382],[-74.036,40.6388],[-74.0361,40.6385],[-74.0361,40.6381],[-74.0361,40.6372],[-74.0363,40.6369],[-74.0365,40.6367],[-74.0372,40.636],[-74.038,40.6358],[-74.0383,40.6357],[-74.0382,40.6362],[-74.0375,40.6377],[-74.0368,40.639],[-74.0366,40.6394],[-74.0363,40.6398],[-74.0361,40.6402],[-74.0358,40.6405],[-74.036,40.6409],[-74.0367,40.6415],[-74.0368,40.6415],[-74.0368,40.6416],[-74.0368,40.6416],[-74.0367,40.6417],[-74.0367,40.6417],[-74.0345,40.6439],[-74.0328,40.6436],[-74.0326,40.6438],[-74.0322,40.6436],[-74.0321,40.6438],[-74.032,40.6439],[-74.0316,40.6442],[-74.0291,40.6444],[-74.029,40.6445],[-74.0285,40.6442],[-74.0278,40.6445],[-74.026,40.6463],[-74.0254,40.6469],[-74.0248,40.6469],[-74.0246,40.6472],[-74.0241,40.6476],[-74.025,40.6486],[-74.0248,40.6506],[-74.0245,40.6509],[-74.0245,40.6509],[-74.0209,40.6487],[-74.0193,40.6469],[-74.0181,40.648],[-74.0169,40.6491],[-74.0158,40.6502],[-74.0146,40.6513],[-74.0134,40.6525],[-74.0107,40.6517],[-74.0095,40.6528],[-74.0093,40.6527],[-74.0105,40.6516],[-74.0104,40.6515],[-74.0085,40.6504],[-74.0062,40.649],[-74.0046,40.6471],[-74.0021,40.6461],[-74.0003,40.6446],[-73.9999,40.6443],[-73.9977,40.6434],[-73.9986,40.6426],[-73.9998,40.6415],[-74.0007,40.6406],[-74.0015,40.6398],[-74.0024,40.639],[-74.0033,40.6381],[-74.0012,40.636],[-74.0041,40.6373],[-74.005,40.6364],[-74.0062,40.6353],[-74.0068,40.6347],[-74.008,40.6336],[-74.0066,40.6324],[-74.007,40.6321],[-74.0091,40.6325],[-74.0103,40.6313],[-74.0115,40.6302],[-74.0121,40.6296],[-74.0121,40.6287],[-74.0121,40.6287]]]]}},{"type":"Feature","id":"11221","properties":{"modzcta":"11221"},"geometry":{"type":"MultiPolygon","coordinates":[[[[-73.916,40.6861],[-73.9168,40.6865],[-73.9177,40.687],[-73.918,40.687],[-73.9181,40.6866],[-73.9204,40.6863],[-73.9206,40.6859],[-73.9235,40.6856],[-73.9264,40.6856],[-73.9265,40.6852],[-73.9271,40.6856],[-73.9295,40.6852],[-73.9324,40.6846],[-73.9359,40.6845],[-73.938,40.684],[-73.9382,40.6839],[-73.9413,40.6838],[-73.944,40.684],[-73.9443,40.6854],[-73.9446,40.6869],[-73.9447,40.6874],[-73.9449,40.6883],[-73.9451,40.6891],[-73.948,40.6895],[-73.9453,40.6906],[-73.9456,40.692],[-73.9428,40.6924],[-73.9401,40.6932],[-73.9401,40.6934],[-73.9388,40.6936],[-73.9372,40.6938],[-73.9371,40.6933],[-73.9371,40.693],[-73.9364,40.6931],[-73.9354,40.6932],[-73.9341,40.6934],[-73.9343,40.6941],[-73.9344,40.6946],[-73.9344,40.6948],[-73.9346,40.6959],[-73.9348,40.6967],[-73.934,40.6971],[-73.933,40.698],[-73.9323,40.6979],[-73.93,40.6983],[-73.9283,40.6999],[-73.9276,40.7018],[-73.9261,40.7009],[-73.9246,40.7001],[-73.9231,40.6992],[-73.9223,40.6988],[-73.9216,40.6983],[-73.9205,40.6977],[-73.9201,40.6975],[-73.9196,40.6972],[-73.9186,40.6966],[-73.9184,40.6965],[-73.9182,40.6964],[-73.918,40.6963],[-73.9176,40.6964],[-73.9175,40.6966],[-73.9174,40.6967],[-73.9173,40.6968],[-73.9171,40.6969],[-73.9164,40.6977],[-73.9161,40.6976],[-73.9159,40.6974],[-73.9158,40.6974],[-73.9155,40.6972],[-73.9153,40.6971],[-73.9152,40.697],[-73.9149,40.6968],[-73.9134,40.696],[-73.911,40.6971],[-73.9119,40.6951],[-73.9104,40.6943],[-73.9089,40.6934],[-73.9117,40.6905],[-73.9146,40.6875],[-73.916,40.6861]]]]}},{"type":"Feature","id":"11222","properties":{"modzcta":"11222"},"geometry":{"type":"MultiPolygon","coordinates":[[[[-73.9557,40.7239],[-73.9576,40.7251],[-73.9577,40.7243],[-73.958,40.7244],[-73.9579,40.725],[-73.9584,40.7252],[-73.9601,40.7253],[-73.9611,40.7258],[-73.9617,40.7262],[-73.9615,40.7268],[-73.9611,40.7281],[-73.961,40.7285],[-73.9611,40.7288],[-73.9611,40.7294],[-73.9612,40.7295],[-73.9613,40.7302],[-73.9613,40.7303],[-73.9617,40.7315],[-73.962,40.7324],[-73.9623,40.7331],[-73.9623,40.7335],[-73.9623,40.7339],[-73.9622,40.7343],[-73.962,40.7346],[-73.9618,40.7349],[-73.9612,40.7356],[-73.9605,40.7364],[-73.9604,40.7364],[-73.9602,40.7366],[-73.9602,40.7366],[-73.9601,40.7367],[-73.9601,40.7368],[-73.96,40.7369],[-73.9599,40.737],[-73.9598,40.7371],[-73.9598,40.7371],[-73.9597,40.7371],[-73.9597,40.7371],[-73.9596,40.7372],[-73.9596,40.7373],[-73.9594,40.7374],[-73.9593,40.7374],[-73.9592,40.7376],[-73.9591,40.7376],[-73.959,40.7377],[-73.9588,40.7378],[-73.9588,40.7378],[-73.9588,40.7378],[-73.9587,40.7379],[-73.9586,40.7379],[-73.9585,40.738],[-73.9584,40.7381],[-73.9582,40.7382],[-73.958,40.7383],[-73.9579,40.7384],[-73.9577,40.7385],[-73.9575,40.7386],[-73.9572,40.7388],[-73.957,40.7389],[-73.9569,40.7389],[-73.9569,40.7389],[-73.9556,40.739],[-73.9556,40.739],[-73.9556,40.739],[-73.9552,40.7391],[-73.9548,40.7391],[-73.9547,40.7391],[-73.9546,40.7391],[-73.9544,40.7391],[-73.9543,40.7391],[-73.9542,40.7391],[-73.9541,40.7391],[-73.954,40.7391],[-73.9537,40.739],[-73.9535,40.739],[-73.9532,40.739],[-73.9529,40.7389],[-73.9527,40.7389],[-73.9526,40.7389],[-73.9522,40.7388],[-73.9521,40.7388],[-73.952,40.7388],[-73.952,40.7388],[-73.952,40.7387],[-73.952,40.7387],[-73.9519,40.7387],[-73.9519,40.7387],[-73.9519,40.7387],[-73.9519,40.7387],[-73.9519,40.7387],[-73.9519,40.7387],[-73.9519,40.7387],[-73.9518,40.7387],[-73.9515,40.7386],[-73.9505,40.7383],[-73.9504,40.7383],[-73.9501,40.7382],[-73.9496,40.738],[-73.9494,40.7379],[-73.9488,40.7377],[-73.9486,40.7376],[-73.9481,40.7374],[-73.9481,40.7375],[-73.9472,40.7372],[-73.9472,40.7372],[-73.9471,40.7371],[-73.947,40.7371],[-73.947,40.7371],[-73.947,40.7371],[-73.9469,40.737],[-73.9468,40.737],[-73.9468,40.737],[-73.9466,40.7369],[-73.9465,40.7369],[-73.9467,40.7364],[-73.9469,40.7359],[-73.9472,40.7354],[-73.9472,40.735],[-73.9471,40.7344],[-73.9466,40.7346],[-73.9467,40.7354],[-73.9466,40.7356],[-73.9465,40.7356],[-73.9465,40.7357],[-73.9465,40.7358],[-73.9464,40.7358],[-73.9463,40.7361],[-73.9462,40.7362],[-73.9453,40.7359],[-73.945,40.7354],[-73.945,40.7355],[-73.945,40.7356],[-73.9449,40.7357],[-73.9449,40.7358],[-73.9448,40.736],[-73.9448,40.736],[-73.9447,40.7361],[-73.9446,40.7361],[-73.9446,40.7362],[-73.9446,40.7362],[-73.9445,40.7362],[-73.9445,40.7362],[-73.9445,40.7362],[-73.9445,40.7362],[-73.9445,40.7363],[-73.9445,40.7363],[-73.9445,40.7363],[-73.9445,40.7363],[-73.9445,40.7363],[-73.9445,40.7363],[-73.9444,40.7363],[-73.9443,40.7362],[-73.9433,40.7358],[-73.9432,40.7358],[-73.943,40.7357],[-73.9429,40.7356],[-73.9424,40.7354],[-73.9421,40.7352],[-73.9418,40.735],[-73.9418,40.7349],[-73.9418,40.7349],[-73.9416,40.7347],[-73.9413,40.7344],[-73.941,40.7338],[-73.9411,40.7337],[-73.9409,40.7335],[-73.9409,40.7335],[-73.9408,40.7333],[-73.9406,40.7332],[-73.9406,40.7331],[-73.9404,40.7322],[-73.9398,40.7312],[-73.9389,40.7304],[-73.9381,40.7297],[-73.9373,40.7293],[-73.9369,40.7291],[-73.9366,40.729],[-73.9356,40.7288],[-73.9353,40.7286],[-73.9349,40.7285],[-73.9343,40.7284],[-73.9342,40.7284],[-73.9342,40.7284],[-73.9335,40.7283],[-73.9335,40.7283],[-73.9333,40.7282],[-73.9329,40.7282],[-73.9324,40.7281],[-73.9324,40.7282],[-73.9321,40.7282],[-73.932,40.7281],[-73.9318,40.7281],[-73.9317,40.728],[-73.9312,40.7279],[-73.9307,40.7278],[-73.9299,40.7276],[-73.9297,40.7275],[-73.9296,40.7276],[-73.9296,40.7276],[-73.9296,40.7276],[-73.9294,40.7275],[-73.9292,40.7274],[-73.9292,40.7273],[-73.9291,40.7272],[-73.9285,40.7266],[-73.9282,40.7262],[-73.9281,40.7261],[-73.9279,40.7259],[-73.9279,40.7259],[-73.9279,40.7259],[-73.9279,40.7258],[-73.9293,40.7246],[-73.9324,40.7238],[-73.9356,40.723],[-73.935,40.7217],[-73.9362,40.7206],[-73.9356,40.7192],[-73.9361,40.7183],[-73.937,40.7183],[-73.9373,40.7188],[-73.9402,40.7181],[-73.9404,40.7183],[-73.9405,40.7187],[-73.9415,40.7191],[-73.9434,40.7189],[-73.9453,40.7188],[-73.9466,40.7186],[-73.9468,40.7187],[-73.9472,40.7186],[-73.9501,40.7183],[-73.9505,40.7208],[-73.9516,40.7235],[-73.956,40.7214],[-73.9553,40.7221],[-73.9551,40.7223],[-73.9548,40.7225],[-73.9557,40.7239],[-73.9557,40.7239]],[[-73.9557,40.7239],[-73.9551,40.7243],[-73.9554,40.7242],[-73.9556,40.724],[-73.9557,40.7239]]]]}},{"type":"Feature","id":"11223","properties":{"modzcta":"11223"},"geometry":{"type":"MultiPolygon","coordinates":[[[[-73.9731,40.5834],[-73.9745,40.5832],[-73.9747,40.5831],[-73.9801,40.5833],[-73.9818,40.5836],[-73.983,40.5848],[-73.9835,40.5873],[-73.9838,40.589],[-73.984,40.5902],[-73.9842,40.5912],[-73.9843,40.5918],[-73.9844,40.5923],[-73.9844,40.5925],[-73.9845,40.5929],[-73.9846,40.5936],[-73.985,40.5954],[-73.9852,40.5964],[-73.9855,40.5979],[-73.9857,40.5989],[-73.9859,40.6],[-73.9861,40.601],[-73.9863,40.6022],[-73.9865,40.603],[-73.9875,40.6045],[-73.987,40.606],[-73.9863,40.6074],[-73.9844,40.6076],[-73.9825,40.6078],[-73.9811,40.6079],[-73.9797,40.6081],[-73.9778,40.6083],[-73.9759,40.6085],[-73.974,40.6087],[-73.973,40.6088],[-73.9709,40.609],[-73.969,40.6093],[-73.9678,40.6094],[-73.9674,40.6095],[-73.9652,40.6097],[-73.9634,40.6099],[-73.962,40.6078],[-73.9617,40.6054],[-73.9606,40.6031],[-73.9602,40.5984],[-73.961,40.5962],[-73.9609,40.5944],[-73.9594,40.5939],[-73.9591,40.5925],[-73.9597,40.5917],[-73.9628,40.5914],[-73.9648,40.5911],[-73.9653,40.5904],[-73.9656,40.5889],[-73.9659,40.5889],[-73.9675,40.5887],[-73.9678,40.5879],[-73.966,40.5881],[-73.966,40.5874],[-73.9663,40.5874],[-73.9676,40.5865],[-73.9663,40.5866],[-73.9663,40.5859],[-73.9666,40.5859],[-73.9691,40.5849],[-73.9667,40.5851],[-73.9665,40.5851],[-73.9666,40.5846],[-73.9667,40.5846],[-73.9669,40.5846],[-73.969,40.5841],[-73.9701,40.5839],[-73.9708,40.5838],[-73.9731,40.5834],[-73.9731,40.5834]]]]}},{"type":"Feature","id":"11224","properties":{"modzcta":"11224"},"geometry":{"type":"MultiPolygon","coordinates":[[[[-73.986,40.5817],[-73.9858,40.5813],[-73.9857,40.5813],[-73.9842,40.5827],[-73.9836,40.583],[-73.9836,40.5832],[-73.9835,40.5832],[-73.9833,40.5832],[-73.9832,40.5832],[-73.983,40.5831],[-73.9829,40.583],[-73.9828,40.5829],[-73.9826,40.5829],[-73.9827,40.5832],[-73.9827,40.5834],[-73.9818,40.5836],[-73.9801,40.5833],[-73.9747,40.5831],[-73.9745,40.5832],[-73.9717,40.5837],[-73.9705,40.5839],[-73.9699,40.584],[-73.9679,40.5845],[-73.9668,40.5846],[-73.9666,40.5846],[-73.9667,40.5841],[-73.9668,40.584],[-73.9671,40.584],[-73.9679,40.5838],[-73.9691,40.5835],[-73.9711,40.582],[-73.9687,40.5817],[-73.9675,40.5815],[-73.9676,40.5804],[-73.9678,40.5803],[-73.969,40.5801],[-73.9692,40.5791],[-73.9696,40.5772],[-73.9698,40.5764],[-73.9699,40.5756],[-73.9689,40.5753],[-73.9688,40.5752],[-73.9684,40.5751],[-73.9681,40.575],[-73.9678,40.575],[-73.9676,40.5749],[-73.9664,40.5748],[-73.9658,40.5748],[-73.9651,40.5748],[-73.9629,40.575],[-73.9594,40.5752],[-73.9598,40.5739],[-73.9605,40.5739],[-73.9608,40.5739],[-73.9621,40.5737],[-73.9631,40.5736],[-73.9645,40.5735],[-73.966,40.5734],[-73.9674,40.5733],[-73.9674,40.573],[-73.9674,40.573],[-73.9675,40.5732],[-73.9678,40.5732],[-73.9684,40.5732],[-73.9688,40.5731],[-73.9691,40.573],[-73.9695,40.5729],[-73.9692,40.5723],[-73.9693,40.5723],[-73.9698,40.5728],[-73.9702,40.5729],[-73.9711,40.5727],[-73.9713,40.5726],[-73.9711,40.5721],[-73.9711,40.572],[-73.9712,40.572],[-73.9715,40.5726],[-73.9718,40.5726],[-73.9729,40.5725],[-73.9733,40.5723],[-73.9732,40.5719],[-73.9732,40.5716],[-73.9733,40.5717],[-73.9733,40.5719],[-73.9734,40.5721],[-73.9734,40.5723],[-73.974,40.5723],[-73.9748,40.5722],[-73.9755,40.572],[-73.9754,40.5714],[-73.9755,40.5715],[-73.9755,40.5717],[-73.9757,40.572],[-73.9762,40.572],[-73.9769,40.5719],[-73.9771,40.5719],[-73.9774,40.5718],[-73.9777,40.5717],[-73.9776,40.5712],[-73.9781,40.5712],[-73.9777,40.5713],[-73.9777,40.5714],[-73.9777,40.5717],[-73.9778,40.5717],[-73.9778,40.5718],[-73.9779,40.5718],[-73.9781,40.5718],[-73.9783,40.5719],[-73.9786,40.5719],[-73.9788,40.5719],[-73.9791,40.5718],[-73.9795,40.5717],[-73.9798,40.5715],[-73.9798,40.5714],[-73.9797,40.5713],[-73.9794,40.5713],[-73.9794,40.5713],[-73.9794,40.5712],[-73.9798,40.5712],[-73.98,40.5716],[-73.9801,40.5717],[-73.9806,40.5717],[-73.9813,40.5716],[-73.9818,40.5715],[-73.982,40.5714],[-73.982,40.5714],[-73.9817,40.5713],[-73.9816,40.5713],[-73.9816,40.5712],[-73.982,40.5713],[-73.9821,40.5715],[-73.9823,40.5716],[-73.9828,40.5715],[-73.9837,40.5714],[-73.9857,40.5712],[-73.9865,40.5711],[-73.9865,40.5711],[-73.9869,40.5711],[-73.9875,40.571],[-73.988,40.571],[-73.9886,40.5707],[-73.9887,40.5707],[-73.9887,40.5709],[-73.9889,40.5709],[-73.9894,40.5708],[-73.9899,40.5708],[-73.9903,40.5707],[-73.9908,40.5706],[-73.9907,40.5703],[-73.9908,40.5704],[-73.9912,40.5706],[-73.9919,40.5705],[-73.9923,40.5705],[-73.9927,40.5704],[-73.9929,40.5702],[-73.993,40.5702],[-73.9931,40.5703],[-73.9933,40.5704],[-73.9937,40.5704],[-73.9944,40.5704],[-73.9948,40.5704],[-73.9951,40.5703],[-73.9951,40.5701],[-73.9952,40.5701],[-73.9953,40.5703],[-73.9958,40.5704],[-73.9964,40.5704],[-73.9968,40.5704],[-73.997,40.5704],[-73.9973,40.5703],[-73.9974,40.5702],[-73.9974,40.5701],[-73.9975,40.5703],[-73.9978,40.5704],[-73.9982,40.5705],[-73.9985,40.5705],[-73.999,40.5705],[-73.9996,40.5705],[-73.9997,40.5704],[-73.9997,40.5704],[-73.9997,40.5705],[-74.0,40.5705],[-74.0004,40.5705],[-74.0008,40.5705],[-74.0011,40.5704],[-74.0014,40.5704],[-74.0019,40.5702],[-74.0021,40.5702],[-74.0021,40.5696],[-74.0022,40.5706],[-74.0025,40.5717],[-74.0067,40.5734],[-74.0094,40.5738],[-74.0107,40.574],[-74.0119,40.5748],[-74.0123,40.5757],[-74.0124,40.5761],[-74.0124,40.5765],[-74.0128,40.5775],[-74.013,40.5779],[-74.013,40.578],[-74.0128,40.5783],[-74.0128,40.5786],[-74.0122,40.5794],[-74.012,40.5796],[-74.0118,40.5799],[-74.0115,40.5801],[-74.0112,40.5803],[-74.0109,40.5805],[-74.0105,40.5806],[-74.0102,40.5807],[-74.0099,40.5808],[-74.0096,40.5809],[-74.0093,40.581],[-74.0091,40.5811],[-74.0089,40.5812],[-74.0087,40.5813],[-74.0084,40.5815],[-74.0081,40.5816],[-74.0078,40.5817],[-74.0075,40.5818],[-74.006,40.582],[-74.004,40.5817],[-74.0022,40.5814],[-74.0012,40.5814],[-74.0007,40.5813],[-73.9995,40.5813],[-73.9992,40.5814],[-73.9989,40.5815],[-73.9985,40.5815],[-73.9982,40.5816],[-73.998,40.5816],[-73.9979,40.5815],[-73.9978,40.5815],[-73.9977,40.5814],[-73.9976,40.5813],[-73.9976,40.5812],[-73.9976,40.5811],[-73.9977,40.581],[-73.9978,40.5809],[-73.9979,40.5808],[-73.9979,40.5808],[-73.9979,40.5807],[-73.9978,40.5806],[-73.9978,40.5806],[-73.9918,40.5792],[-73.9917,40.5792],[-73.9915,40.5792],[-73.9913,40.5793],[-73.9912,40.5793],[-73.9907,40.5794],[-73.9897,40.5792],[-73.9894,40.5791],[-73.9884,40.5788],[-73.988,40.5789],[-73.9876,40.579],[-73.9874,40.5791],[-73.9867,40.5798],[-73.9868,40.5799],[-73.9869,40.58],[-73.9868,40.5803],[-73.9859,40.5811],[-73.9859,40.5813],[-73.986,40.5817]]]]}},{"type":"Feature","id":"11225","properties":{"modzcta":"11225"},"geometry":{"type":"MultiPolygon","coordinates":[[[[-73.9619,40.6549],[-73.9625,40.6551],[-73.9627,40.6552],[-73.9629,40.6552],[-73.963,40.6553],[-73.9631,40.6554],[-73.9631,40.6555],[-73.9632,40.6556],[-73.9631,40.6558],[-73.963,40.656],[-73.9629,40.6563],[-73.9628,40.6565],[-73.9628,40.6568],[-73.9628,40.6571],[-73.9629,40.6573],[-73.9633,40.6581],[-73.9634,40.6586],[-73.9635,40.6588],[-73.9635,40.659],[-73.9635,40.6593],[-73.9636,40.6596],[-73.9637,40.6599],[-73.965,40.6622],[-73.9649,40.6621],[-73.9647,40.662],[-73.9646,40.662],[-73.9645,40.662],[-73.9644,40.6621],[-73.9642,40.6623],[-73.9641,40.6629],[-73.964,40.663],[-73.964,40.6631],[-73.9639,40.6633],[-73.9638,40.6633],[-73.9635,40.6635],[-73.9624,40.6631],[-73.9621,40.6632],[-73.9611,40.6641],[-73.9616,40.6667],[-73.962,40.6687],[-73.9622,40.6696],[-73.9625,40.6715],[-73.9613,40.6714],[-73.958,40.6707],[-73.9533,40.67],[-73.9509,40.6699],[-73.9477,40.6697],[-73.9478,40.6695],[-73.9479,40.6679],[-73.948,40.667],[-73.9481,40.6661],[-73.9425,40.6658],[-73.9426,40.6654],[-73.9427,40.6645],[-73.9425,40.6639],[-73.9422,40.6635],[-73.94,40.663],[-73.9428,40.6624],[-73.9427,40.6613],[-73.9454,40.6604],[-73.9466,40.6604],[-73.9477,40.6603],[-73.9475,40.6589],[-73.9474,40.6573],[-73.9502,40.6563],[-73.9531,40.6565],[-73.9594,40.6561],[-73.9601,40.6565],[-73.9612,40.6566],[-73.9609,40.6562],[-73.9616,40.655],[-73.9619,40.6549]]]]}},{"type":"Feature","id":"11226","properties":{"modzcta":"11226"},"geometry":{"type":"MultiPolygon","coordinates":[[[[-73.9584,40.6363],[-73.9604,40.6354],[-73.9622,40.6345],[-73.9631,40.634],[-73.9642,40.6351],[-73.9654,40.6363],[-73.9649,40.6388],[-73.9662,40.6404],[-73.966,40.6413],[-73.9668,40.6439],[-73.9659,40.6442],[-73.9664,40.6466],[-73.9673,40.6466],[-73.9667,40.648],[-73.9661,40.6503],[-73.9647,40.6509],[-73.9657,40.6525],[-73.9641,40.654],[-73.9616,40.655],[-73.9609,40.6562],[-73.9601,40.6568],[-73.9599,40.6556],[-73.9564,40.6562],[-73.9531,40.6561],[-73.9473,40.6564],[-73.947,40.6543],[-73.9468,40.6519],[-73.9465,40.6491],[-73.9472,40.647],[-73.9461,40.6453],[-73.9459,40.6434],[-73.9461,40.6411],[-73.9465,40.6401],[-73.9484,40.64],[-73.9492,40.6385],[-73.9512,40.6384],[-73.9531,40.6384],[-73.9538,40.6386],[-73.9543,40.6391],[-73.9557,40.6376],[-73.9574,40.6368],[-73.9584,40.6363]]]]}},{"type":"Feature","id":"11228","properties":{"modzcta":"11228"},"geometry":{"type":"MultiPolygon","coordinates":[[[[-74.0008,40.6163],[-74.002,40.6152],[-74.0032,40.614],[-74.0041,40.6132],[-74.0047,40.6126],[-74.0052,40.6121],[-74.0058,40.6115],[-74.0064,40.611],[-74.0073,40.6101],[-74.0098,40.6088],[-74.0108,40.6067],[-74.0128,40.6054],[-74.0138,40.6036],[-74.0142,40.6031],[-74.015,40.6026],[-74.015,40.6025],[-74.0148,40.6021],[-74.0158,40.6023],[-74.0165,40.6024],[-74.0172,40.6025],[-74.018,40.6025],[-74.0183,40.6024],[-74.0191,40.6026],[-74.0194,40.6029],[-74.0192,40.6031],[-74.0192,40.6032],[-74.0187,40.6036],[-74.0182,40.6041],[-74.0182,40.6043],[-74.018,40.6044],[-74.0175,40.605],[-74.0167,40.6057],[-74.0155,40.6068],[-74.017,40.6077],[-74.0173,40.6074],[-74.0175,40.6073],[-74.0177,40.6071],[-74.0179,40.607],[-74.0182,40.6069],[-74.0194,40.607],[-74.0199,40.6071],[-74.0204,40.6073],[-74.021,40.6075],[-74.0215,40.6078],[-74.0237,40.6091],[-74.0244,40.6095],[-74.0245,40.6098],[-74.0246,40.61],[-74.0246,40.6102],[-74.0228,40.6146],[-74.0248,40.6156],[-74.0257,40.6148],[-74.0264,40.6129],[-74.0264,40.6125],[-74.0275,40.6129],[-74.0265,40.6147],[-74.0261,40.6155],[-74.0252,40.6167],[-74.0239,40.6183],[-74.0229,40.6195],[-74.0218,40.6206],[-74.0212,40.6213],[-74.0206,40.6218],[-74.0204,40.6222],[-74.0201,40.6223],[-74.0197,40.6222],[-74.0191,40.6236],[-74.0188,40.6243],[-74.0172,40.6281],[-74.0169,40.6288],[-74.0163,40.6303],[-74.0157,40.6308],[-74.0148,40.63],[-74.0128,40.6288],[-74.0125,40.6288],[-74.0121,40.6287],[-74.0083,40.6264],[-74.0067,40.6245],[-74.0039,40.6237],[-73.9995,40.621],[-73.9973,40.6197],[-73.9985,40.6186],[-73.9993,40.6182],[-73.9995,40.6174],[-74.0002,40.6169],[-74.0008,40.6163]]]]}},{"type":"Feature","id":"11230","properties":{"modzcta":"11230"},"geometry":{"type":"MultiPolygon","coordinates":[[[[-73.973,40.6088],[-73.9735,40.6114],[-73.9739,40.6138],[-73.9744,40.6164],[-73.9749,40.6186],[-73.9753,40.6209],[-73.9771,40.6215],[-73.9758,40.6211],[-73.9763,40.6232],[-73.9767,40.6234],[-73.9758,40.6236],[-73.9764,40.627],[-73.9766,40.6276],[-73.9775,40.628],[-73.9782,40.6284],[-73.9796,40.6293],[-73.9792,40.6294],[-73.9773,40.6305],[-73.976,40.6313],[-73.9727,40.6324],[-73.9724,40.633],[-73.9722,40.6331],[-73.9709,40.6337],[-73.969,40.6346],[-73.9676,40.6352],[-73.9663,40.6359],[-73.9645,40.6367],[-73.9634,40.6355],[-73.9626,40.6343],[-73.9613,40.6349],[-73.9595,40.6358],[-73.9582,40.6353],[-73.9567,40.633],[-73.9564,40.6311],[-73.9565,40.631],[-73.9566,40.6309],[-73.9566,40.6308],[-73.9566,40.6307],[-73.9573,40.6305],[-73.9561,40.6297],[-73.9558,40.6282],[-73.9549,40.6235],[-73.9554,40.6232],[-73.9554,40.6213],[-73.9555,40.6209],[-73.954,40.6187],[-73.954,40.6162],[-73.953,40.6136],[-73.9536,40.611],[-73.9557,40.6107],[-73.9577,40.6105],[-73.9586,40.6104],[-73.9604,40.6102],[-73.9624,40.61],[-73.9643,40.6098],[-73.9663,40.6096],[-73.9677,40.6094],[-73.9679,40.6094],[-73.97,40.6092],[-73.9719,40.6089],[-73.973,40.6088]]]]}},{"type":"Feature","id":"11415","properties":{"modzcta":"11415"},"geometry":{"type":"MultiPolygon","coordinates":[[[[-73.8431,40.7092],[-73.8427,40.7094],[-73.8413,40.7099],[-73.8402,40.7103],[-73.8398,40.7104],[-73.8395,40.7105],[-73.8377,40.711],[-73.837,40.7113],[-73.8364,40.7116],[-73.836,40.7117],[-73.8351,40.7123],[-73.8337,40.713],[-73.8336,40.7131],[-73.8332,40.7133],[-73.8314,40.7142],[-73.8312,40.7143],[-73.831,40.7144],[-73.8303,40.7145],[-73.8293,40.7148],[-73.8272,40.7154],[-73.8268,40.7155],[-73.8263,40.7158],[-73.8259,40.716],[-73.8257,40.7161],[-73.8256,40.7158],[-73.8255,40.7157],[-73.8248,40.7146],[-73.8246,40.7143],[-73.8243,40.7138],[-73.8238,40.713],[-73.8235,40.7127],[-73.8232,40.7123],[-73.8228,40.7121],[-73.8225,40.7118],[-73.8221,40.7115],[-73.8217,40.7112],[-73.8213,40.7108],[-73.821,40.7105],[-73.8205,40.7101],[-73.8203,40.7099],[-73.82,40.7094],[-73.8198,40.7091],[-73.8197,40.7088],[-73.8192,40.7079],[-73.8191,40.7077],[-73.819,40.7075],[-73.8186,40.7069],[-73.8189,40.7067],[-73.8185,40.7057],[-73.8201,40.705],[-73.8206,40.7058],[-73.822,40.7052],[-73.8215,40.7037],[-73.8234,40.7038],[-73.8239,40.7033],[-73.8252,40.703],[-73.8271,40.7025],[-73.8288,40.7021],[-73.8297,40.7018],[-73.8315,40.7014],[-73.8317,40.7013],[-73.8319,40.7012],[-73.8321,40.701],[-73.8323,40.7009],[-73.8334,40.7012],[-73.833,40.7026],[-73.8346,40.7039],[-73.8352,40.705],[-73.835,40.7071],[-73.8362,40.7076],[-73.8357,40.7082],[-73.8355,40.7083],[-73.8353,40.7084],[-73.8343,40.7089],[-73.8345,40.7093],[-73.8348,40.7096],[-73.834,40.71],[-73.8349,40.7107],[-73.8357,40.7115],[-73.8365,40.711],[-73.8366,40.7109],[-73.8368,40.7108],[-73.837,40.7107],[-73.8371,40.7107],[-73.8375,40.7107],[-73.8379,40.7105],[-73.8384,40.7103],[-73.8394,40.7099],[-73.84,40.7097],[-73.8414,40.709],[-73.8416,40.709],[-73.8428,40.7092],[-73.843,40.7092],[-73.8431,40.7092]]]]}},{"type":"Feature","id":"11229","properties":{"modzcta":"11229"},"geometry":{"type":"MultiPolygon","coordinates":[[[[-73.959,40.5918],[-73.9593,40.5932],[-73.9595,40.5946],[-73.961,40.5954],[-73.9598,40.5963],[-73.9604,40.6007],[-73.9607,40.6055],[-73.9619,40.6073],[-73.9624,40.61],[-73.9604,40.6102],[-73.9586,40.6104],[-73.9577,40.6105],[-73.9557,40.6107],[-73.9536,40.611],[-73.9517,40.6113],[-73.9507,40.6113],[-73.9508,40.6116],[-73.95,40.6123],[-73.9503,40.6139],[-73.9492,40.6132],[-73.9482,40.6136],[-73.9483,40.6141],[-73.9474,40.6142],[-73.9466,40.6149],[-73.9461,40.6171],[-73.9457,40.6154],[-73.9448,40.6159],[-73.9443,40.6134],[-73.943,40.6135],[-73.9393,40.6102],[-73.9371,40.6088],[-73.936,40.6095],[-73.9353,40.6089],[-73.9335,40.6083],[-73.9317,40.6067],[-73.9329,40.6031],[-73.9336,40.6027],[-73.9299,40.5994],[-73.9288,40.5973],[-73.9296,40.5968],[-73.9276,40.5951],[-73.9255,40.5932],[-73.9241,40.5919],[-73.9233,40.5912],[-73.921,40.5891],[-73.9182,40.5866],[-73.9181,40.5865],[-73.9181,40.5864],[-73.9181,40.5864],[-73.9182,40.5864],[-73.9182,40.5864],[-73.9183,40.5864],[-73.9184,40.5863],[-73.9186,40.5863],[-73.9186,40.5862],[-73.9188,40.5862],[-73.9188,40.5861],[-73.9189,40.5861],[-73.919,40.5861],[-73.9192,40.586],[-73.9193,40.586],[-73.9194,40.5861],[-73.9195,40.5861],[-73.9196,40.5862],[-73.9198,40.5861],[-73.92,40.5861],[-73.9201,40.5861],[-73.9203,40.5861],[-73.9204,40.5861],[-73.9205,40.586],[-73.9206,40.586],[-73.9208,40.586],[-73.9209,40.5859],[-73.9209,40.5859],[-73.921,40.5858],[-73.921,40.5858],[-73.9211,40.5857],[-73.9212,40.5857],[-73.9215,40.5857],[-73.9215,40.5858],[-73.9218,40.5858],[-73.9219,40.5858],[-73.9221,40.5858],[-73.9223,40.586],[-73.9224,40.586],[-73.9226,40.586],[-73.9226,40.586],[-73.9228,40.586],[-73.923,40.5859],[-73.9231,40.586],[-73.9235,40.586],[-73.9239,40.5859],[-73.9239,40.5858],[-73.924,40.5859],[-73.9241,40.5859],[-73.924,40.5859],[-73.924,40.5858],[-73.9243,40.5857],[-73.9246,40.5856],[-73.9248,40.5856],[-73.9248,40.5857],[-73.9249,40.5857],[-73.9251,40.5858],[-73.9252,40.5858],[-73.9253,40.5859],[-73.9254,40.5862],[-73.9256,40.5863],[-73.9257,40.5864],[-73.9258,40.5865],[-73.926,40.5866],[-73.9261,40.5867],[-73.9262,40.5868],[-73.9263,40.5869],[-73.9264,40.5869],[-73.9266,40.587],[-73.9265,40.5871],[-73.9267,40.5872],[-73.9268,40.5873],[-73.9268,40.5874],[-73.927,40.5875],[-73.9271,40.5876],[-73.9271,40.5876],[-73.9272,40.5877],[-73.9273,40.5878],[-73.9273,40.5879],[-73.9274,40.588],[-73.9274,40.5882],[-73.9274,40.5882],[-73.9275,40.5883],[-73.9275,40.5885],[-73.9276,40.5885],[-73.9271,40.5891],[-73.9267,40.5894],[-73.9267,40.5894],[-73.9261,40.5898],[-73.9254,40.5902],[-73.9248,40.5905],[-73.9242,40.5909],[-73.9241,40.5913],[-73.9243,40.5913],[-73.9244,40.5913],[-73.9244,40.5913],[-73.9245,40.5912],[-73.9246,40.5912],[-73.9246,40.5911],[-73.9248,40.591],[-73.9249,40.591],[-73.925,40.5909],[-73.9251,40.5908],[-73.9259,40.5904],[-73.926,40.5902],[-73.9264,40.59],[-73.927,40.5896],[-73.9278,40.5891],[-73.9282,40.5888],[-73.9284,40.589],[-73.9286,40.5891],[-73.9287,40.5891],[-73.9287,40.5891],[-73.9289,40.5892],[-73.9289,40.5892],[-73.9291,40.5893],[-73.9292,40.5893],[-73.9296,40.5894],[-73.9299,40.5895],[-73.93,40.5895],[-73.9302,40.5897],[-73.9304,40.5899],[-73.9303,40.59],[-73.9305,40.59],[-73.9305,40.5903],[-73.9305,40.5903],[-73.9305,40.5907],[-73.9305,40.5909],[-73.9305,40.591],[-73.9305,40.591],[-73.9305,40.5911],[-73.9304,40.5912],[-73.9305,40.5913],[-73.9305,40.5915],[-73.9301,40.592],[-73.9303,40.5921],[-73.9303,40.5923],[-73.9303,40.5924],[-73.9302,40.5924],[-73.9302,40.5924],[-73.9302,40.5925],[-73.9301,40.5926],[-73.93,40.5927],[-73.9299,40.5929],[-73.9298,40.5929],[-73.9297,40.5931],[-73.9298,40.5932],[-73.9298,40.5934],[-73.9298,40.5934],[-73.9299,40.5936],[-73.9299,40.5937],[-73.9299,40.5939],[-73.93,40.594],[-73.93,40.5941],[-73.9302,40.5942],[-73.9304,40.5944],[-73.9306,40.5945],[-73.9307,40.5945],[-73.9308,40.5945],[-73.9308,40.5945],[-73.9309,40.5945],[-73.931,40.5946],[-73.9313,40.5947],[-73.9316,40.5947],[-73.9319,40.5947],[-73.9319,40.5948],[-73.9331,40.5949],[-73.9336,40.5946],[-73.9349,40.5944],[-73.9354,40.5944],[-73.9361,40.5943],[-73.9369,40.5942],[-73.9377,40.5941],[-73.9379,40.5941],[-73.9391,40.594],[-73.9396,40.5939],[-73.9405,40.5938],[-73.9416,40.5937],[-73.9435,40.5935],[-73.9454,40.5933],[-73.9473,40.5931],[-73.9491,40.5929],[-73.9513,40.5926],[-73.9533,40.5924],[-73.9546,40.5922],[-73.9561,40.5921],[-73.9577,40.5919],[-73.959,40.5918]]]]}},{"type":"Feature","id":"11231","properties":{"modzcta":"11231"},"geometry":{"type":"MultiPolygon","coordinates":[[[[-74.0077,40.6863],[-74.0072,40.6864],[-74.0049,40.6857],[-74.0032,40.686],[-74.0025,40.6858],[-74.0014,40.6877],[-74.0001,40.6873],[-73.9999,40.6873],[-73.9997,40.6872],[-73.9982,40.6867],[-73.9964,40.6861],[-73.9944,40.6855],[-73.9922,40.6842],[-73.99,40.6833],[-73.9901,40.6832],[-73.9903,40.6829],[-73.9909,40.6821],[-73.9891,40.6806],[-73.9885,40.6795],[-73.9893,40.6784],[-73.9894,40.6775],[-73.9904,40.6762],[-73.9926,40.6761],[-73.9928,40.6761],[-73.9932,40.6762],[-73.9935,40.6762],[-73.9938,40.6762],[-73.9941,40.6762],[-73.9943,40.6761],[-73.9946,40.6761],[-73.9948,40.676],[-73.9951,40.6758],[-73.9954,40.6756],[-73.996,40.675],[-73.997,40.6738],[-73.9974,40.6732],[-73.9981,40.6724],[-73.9986,40.6719],[-73.9987,40.6717],[-73.9989,40.6714],[-73.9996,40.6701],[-73.9999,40.6695],[-74.0011,40.6689],[-74.0022,40.6686],[-74.0032,40.6673],[-74.0036,40.6676],[-74.0044,40.6678],[-74.0055,40.668],[-74.0059,40.668],[-74.0053,40.6696],[-74.0054,40.6709],[-74.0066,40.6686],[-74.0071,40.6686],[-74.0115,40.6651],[-74.0169,40.6648],[-74.0179,40.6658],[-74.0188,40.6711],[-74.0189,40.6716],[-74.0167,40.6654],[-74.0165,40.6649],[-74.0159,40.6655],[-74.0109,40.6686],[-74.0103,40.6691],[-74.0109,40.6692],[-74.0115,40.6698],[-74.0115,40.6704],[-74.0118,40.6707],[-74.0118,40.6707],[-74.0119,40.6708],[-74.012,40.6709],[-74.0121,40.6709],[-74.0122,40.671],[-74.0123,40.671],[-74.0125,40.6709],[-74.0126,40.6709],[-74.0131,40.6711],[-74.0136,40.6712],[-74.0137,40.6712],[-74.0138,40.6712],[-74.0139,40.6712],[-74.0143,40.6714],[-74.0141,40.6717],[-74.0142,40.6721],[-74.013,40.6733],[-74.014,40.6731],[-74.0163,40.6729],[-74.015,40.6747],[-74.0167,40.6732],[-74.0173,40.6736],[-74.0178,40.6741],[-74.0181,40.6743],[-74.0182,40.6744],[-74.0182,40.6744],[-74.0182,40.6745],[-74.018,40.6749],[-74.018,40.675],[-74.018,40.675],[-74.018,40.6751],[-74.0181,40.6755],[-74.0182,40.6755],[-74.0184,40.6754],[-74.0185,40.6753],[-74.0188,40.6751],[-74.0188,40.6751],[-74.0188,40.675],[-74.0188,40.6751],[-74.0188,40.6751],[-74.0189,40.6751],[-74.0189,40.6751],[-74.0189,40.6751],[-74.0184,40.6755],[-74.0184,40.6756],[-74.0185,40.6756],[-74.0185,40.6758],[-74.0185,40.6758],[-74.0185,40.6758],[-74.0185,40.6759],[-74.0184,40.6759],[-74.018,40.6759],[-74.0179,40.676],[-74.0179,40.6762],[-74.0179,40.6763],[-74.0179,40.6764],[-74.018,40.6765],[-74.0191,40.6765],[-74.0198,40.6766],[-74.0191,40.6771],[-74.0192,40.6777],[-74.0192,40.6778],[-74.0191,40.6778],[-74.0191,40.6778],[-74.019,40.6779],[-74.0184,40.6779],[-74.0184,40.6784],[-74.0182,40.6786],[-74.0183,40.6787],[-74.0186,40.679],[-74.0195,40.6789],[-74.0195,40.6789],[-74.0195,40.6789],[-74.0195,40.679],[-74.0196,40.679],[-74.0196,40.679],[-74.0193,40.6797],[-74.0189,40.6798],[-74.0177,40.6807],[-74.0176,40.6806],[-74.0169,40.681],[-74.0152,40.682],[-74.0151,40.6823],[-74.0141,40.6817],[-74.0139,40.681],[-74.013,40.6804],[-74.0106,40.6825],[-74.0101,40.6837],[-74.0109,40.6845],[-74.0085,40.686],[-74.0082,40.6862],[-74.0079,40.6863],[-74.0078,40.6862],[-74.0077,40.6863],[-74.0077,40.6863]]]]}},{"type":"Feature","id":"11358","properties":{"modzcta":"11358"},"geometry":{"type":"MultiPolygon","coordinates":[[[[-73.8075,40.7501],[-73.8088,40.7502],[-73.8089,40.7519],[-73.8083,40.7567],[-73.8077,40.761],[-73.8075,40.7622],[-73.8073,40.7635],[-73.807,40.7659],[-73.8071,40.7683],[-73.8065,40.7696],[-73.8054,40.7711],[-73.8062,40.7722],[-73.8043,40.7721],[-73.8041,40.7735],[-73.8039,40.7749],[-73.7983,40.7744],[-73.7982,40.7749],[-73.7978,40.7744],[-73.7928,40.774],[-73.7927,40.7739],[-73.7923,40.774],[-73.7912,40.7734],[-73.79,40.771],[-73.7893,40.7697],[-73.7878,40.7667],[-73.7864,40.764],[-73.786,40.7631],[-73.7855,40.7626],[-73.7854,40.7623],[-73.7853,40.7618],[-73.7852,40.7614],[-73.7861,40.7614],[-73.7845,40.7599],[-73.7843,40.7595],[-73.7843,40.7594],[-73.7838,40.7585],[-73.7834,40.7578],[-73.783,40.7571],[-73.7827,40.7563],[-73.7821,40.7553],[-73.7811,40.7541],[-73.7801,40.7525],[-73.7809,40.7519],[-73.7816,40.7514],[-73.7834,40.7509],[-73.7852,40.7504],[-73.7862,40.7501],[-73.787,40.7499],[-73.7887,40.7494],[-73.7905,40.7489],[-73.7914,40.7487],[-73.7923,40.7485],[-73.7924,40.7483],[-73.7948,40.7486],[-73.7948,40.7496],[-73.7964,40.7499],[-73.7979,40.7492],[-73.798,40.749],[-73.798,40.7488],[-73.799,40.7488],[-73.8008,40.7489],[-73.8027,40.7491],[-73.8029,40.7498],[-73.8035,40.7498],[-73.8054,40.75],[-73.8073,40.7501],[-73.8075,40.7501]]]]}},{"type":"Feature","id":"11232","properties":{"modzcta":"11232"},"geometry":{"type":"MultiPolygon","coordinates":[[[[-74.0245,40.6509],[-74.0243,40.6511],[-74.0242,40.6512],[-74.0237,40.6513],[-74.0231,40.651],[-74.0228,40.6512],[-74.0226,40.6513],[-74.0213,40.6509],[-74.0212,40.6508],[-74.0211,40.6511],[-74.0209,40.6512],[-74.0238,40.653],[-74.0235,40.6531],[-74.0231,40.6529],[-74.0229,40.6528],[-74.022,40.6522],[-74.0217,40.6523],[-74.0212,40.6527],[-74.0232,40.6541],[-74.0221,40.6536],[-74.0219,40.6535],[-74.0213,40.654],[-74.0211,40.6542],[-74.0216,40.6549],[-74.0206,40.6544],[-74.0206,40.6543],[-74.0202,40.6542],[-74.0196,40.6542],[-74.0193,40.654],[-74.0192,40.6539],[-74.0191,40.6539],[-74.0189,40.6538],[-74.0188,40.6535],[-74.0186,40.6535],[-74.0179,40.6541],[-74.0167,40.6553],[-74.0164,40.6556],[-74.0159,40.6562],[-74.0151,40.657],[-74.0144,40.6576],[-74.0118,40.6589],[-74.0111,40.6597],[-74.0086,40.6595],[-74.0078,40.6603],[-74.0068,40.6612],[-74.0062,40.6618],[-74.0055,40.6622],[-74.0042,40.6615],[-74.0038,40.6619],[-74.0039,40.6625],[-74.0034,40.663],[-74.0043,40.6641],[-74.0049,40.6651],[-74.0009,40.6631],[-74.0008,40.663],[-74.0005,40.6633],[-74.0002,40.6636],[-74.0001,40.6638],[-73.9998,40.6641],[-73.9995,40.6644],[-74.0022,40.6668],[-74.002,40.6668],[-74.0012,40.667],[-74.0007,40.6675],[-73.9995,40.6679],[-73.9991,40.6689],[-73.999,40.669],[-73.9987,40.6695],[-73.9983,40.6709],[-73.9982,40.6712],[-73.9979,40.6707],[-73.9976,40.6703],[-73.9976,40.6702],[-73.997,40.6692],[-73.9968,40.669],[-73.9966,40.6688],[-73.9963,40.6687],[-73.996,40.6681],[-73.9959,40.6681],[-73.9959,40.668],[-73.9949,40.6668],[-73.995,40.6666],[-73.9951,40.6664],[-73.9957,40.6658],[-73.9958,40.6655],[-73.9939,40.6644],[-73.9917,40.663],[-73.9928,40.6619],[-73.994,40.6608],[-73.9952,40.6597],[-73.9963,40.6585],[-73.9975,40.6574],[-73.9987,40.6563],[-73.9998,40.6552],[-74.001,40.6541],[-73.9978,40.6503],[-73.996,40.6483],[-73.9942,40.6468],[-73.9947,40.6463],[-73.9957,40.6454],[-73.9968,40.6443],[-73.9977,40.6434],[-73.9999,40.6443],[-74.0003,40.6446],[-74.0021,40.6461],[-74.0012,40.6469],[-74.0029,40.6488],[-74.0057,40.6496],[-74.0084,40.6503],[-74.0086,40.6504],[-74.0104,40.6516],[-74.0099,40.6522],[-74.0094,40.6528],[-74.0101,40.6523],[-74.0113,40.6511],[-74.014,40.6519],[-74.0152,40.6508],[-74.0163,40.6497],[-74.0175,40.6485],[-74.0187,40.6474],[-74.0215,40.6482],[-74.0244,40.6509],[-74.0245,40.6509]]]]}},{"type":"Feature","id":"11233","properties":{"modzcta":"11233"},"geometry":{"type":"MultiPolygon","coordinates":[[[[-73.9242,40.6664],[-73.9248,40.6676],[-73.925,40.668],[-73.9253,40.6683],[-73.9253,40.6685],[-73.9256,40.6687],[-73.9254,40.6703],[-73.9253,40.6714],[-73.9253,40.6715],[-73.9252,40.6721],[-73.9251,40.6734],[-73.925,40.6747],[-73.9259,40.6748],[-73.9273,40.6749],[-73.9277,40.6757],[-73.9304,40.6766],[-73.9303,40.6774],[-73.9303,40.6775],[-73.9303,40.6777],[-73.9302,40.678],[-73.9301,40.6783],[-73.93,40.6783],[-73.9298,40.6785],[-73.9291,40.6793],[-73.9313,40.6794],[-73.9344,40.6796],[-73.9374,40.6797],[-73.9378,40.6817],[-73.9381,40.6832],[-73.938,40.6839],[-73.9381,40.6843],[-73.9353,40.6842],[-73.9321,40.6849],[-73.9294,40.6852],[-73.927,40.6852],[-73.9263,40.6854],[-73.9237,40.686],[-73.9232,40.6856],[-73.9204,40.6859],[-73.9184,40.6865],[-73.9182,40.6869],[-73.918,40.6872],[-73.9176,40.6869],[-73.9166,40.6864],[-73.9155,40.6858],[-73.9147,40.6853],[-73.9138,40.6848],[-73.913,40.6844],[-73.9115,40.6835],[-73.9117,40.6824],[-73.9093,40.6822],[-73.9089,40.682],[-73.9078,40.6814],[-73.9067,40.6808],[-73.9057,40.6801],[-73.9055,40.68],[-73.9048,40.6797],[-73.904,40.6792],[-73.9036,40.6789],[-73.9035,40.6784],[-73.9034,40.678],[-73.9044,40.6779],[-73.9034,40.6771],[-73.9035,40.6759],[-73.903,40.6758],[-73.9028,40.6758],[-73.9027,40.6758],[-73.9029,40.6757],[-73.9031,40.6756],[-73.9037,40.6754],[-73.9044,40.6752],[-73.9052,40.6747],[-73.9061,40.6744],[-73.907,40.674],[-73.9079,40.6736],[-73.9083,40.6734],[-73.9093,40.6729],[-73.9099,40.6727],[-73.9101,40.6726],[-73.9104,40.6725],[-73.911,40.6722],[-73.9112,40.6722],[-73.9122,40.6717],[-73.9132,40.6714],[-73.9142,40.6714],[-73.9142,40.6712],[-73.9141,40.671],[-73.9145,40.6707],[-73.9149,40.6705],[-73.9169,40.6707],[-73.917,40.6707],[-73.9171,40.6698],[-73.9189,40.6699],[-73.92,40.6695],[-73.92,40.6691],[-73.9186,40.6691],[-73.9192,40.6686],[-73.92,40.6683],[-73.9201,40.6682],[-73.9219,40.6675],[-73.9228,40.6671],[-73.923,40.667],[-73.9232,40.6669],[-73.9242,40.6664],[-73.9242,40.6664]]]]}},{"type":"Feature","id":"11234","properties":{"modzcta":"11234"},"geometry":{"type":"MultiPolygon","coordinates":[[[[-73.9308,40.5829],[-73.9307,40.5828],[-73.9308,40.5828],[-73.9308,40.5828],[-73.9309,40.5828],[-73.9317,40.5828],[-73.9317,40.5829],[-73.9318,40.5829],[-73.9318,40.5829],[-73.9318,40.5829],[-73.9318,40.583],[-73.9318,40.583],[-73.9318,40.583],[-73.9318,40.583],[-73.9318,40.583],[-73.9318,40.583],[-73.9318,40.583],[-73.9318,40.583],[-73.9318,40.5831],[-73.9318,40.5831],[-73.9319,40.5831],[-73.932,40.5842],[-73.9311,40.5844],[-73.9302,40.5851],[-73.9313,40.5854],[-73.9313,40.5857],[-73.9314,40.5861],[-73.9294,40.5855],[-73.9284,40.5853],[-73.9271,40.5849],[-73.9258,40.585],[-73.9256,40.5849],[-73.9255,40.5848],[-73.9254,40.5847],[-73.9253,40.5847],[-73.9253,40.5846],[-73.9253,40.5847],[-73.9253,40.5847],[-73.9252,40.5847],[-73.9251,40.5847],[-73.9251,40.5847],[-73.925,40.5847],[-73.9249,40.5847],[-73.9248,40.5847],[-73.9246,40.5846],[-73.9246,40.5846],[-73.9245,40.5846],[-73.9245,40.5847],[-73.9244,40.5847],[-73.9244,40.5847],[-73.9243,40.5847],[-73.9242,40.5847],[-73.9242,40.5847],[-73.9241,40.5847],[-73.924,40.5847],[-73.924,40.5847],[-73.9239,40.5847],[-73.9239,40.5847],[-73.9238,40.5847],[-73.9237,40.5847],[-73.9237,40.5848],[-73.9237,40.5848],[-73.9237,40.5848],[-73.9236,40.5848],[-73.9236,40.5848],[-73.9235,40.5848],[-73.9235,40.5848],[-73.9233,40.5848],[-73.9233,40.5848],[-73.9232,40.5848],[-73.9232,40.5848],[-73.9231,40.5848],[-73.923,40.5848],[-73.9229,40.5847],[-73.9228,40.5847],[-73.9227,40.5847],[-73.9227,40.5847],[-73.9226,40.5847],[-73.9225,40.5847],[-73.9224,40.5847],[-73.9223,40.5847],[-73.9223,40.5847],[-73.9222,40.5847],[-73.9221,40.5847],[-73.922,40.5847],[-73.9219,40.5847],[-73.9218,40.5847],[-73.9217,40.5847],[-73.9215,40.5847],[-73.9214,40.5847],[-73.9214,40.5847],[-73.9213,40.5846],[-73.9212,40.5846],[-73.9211,40.5846],[-73.9211,40.5846],[-73.921,40.5846],[-73.921,40.5846],[-73.9209,40.5846],[-73.9208,40.5847],[-73.9207,40.5847],[-73.9206,40.5846],[-73.9206,40.5847],[-73.9205,40.5847],[-73.9204,40.5847],[-73.9203,40.5847],[-73.9203,40.5847],[-73.9202,40.5846],[-73.9202,40.5846],[-73.9201,40.5847],[-73.9201,40.5847],[-73.92,40.5847],[-73.9199,40.5847],[-73.9199,40.5847],[-73.9199,40.5848],[-73.9198,40.5848],[-73.9198,40.5848],[-73.9198,40.5848],[-73.9197,40.5848],[-73.9196,40.5848],[-73.9196,40.5848],[-73.9196,40.5849],[-73.9196,40.5849],[-73.9195,40.5849],[-73.9195,40.5849],[-73.9195,40.5849],[-73.9195,40.5849],[-73.9194,40.5849],[-73.9194,40.5849],[-73.9193,40.5849],[-73.9193,40.5849],[-73.9192,40.5849],[-73.9192,40.585],[-73.9191,40.585],[-73.9191,40.585],[-73.9191,40.585],[-73.919,40.585],[-73.919,40.585],[-73.9188,40.5851],[-73.9189,40.5851],[-73.9189,40.5851],[-73.9188,40.5851],[-73.9188,40.5852],[-73.9188,40.5852],[-73.9187,40.5853],[-73.9186,40.5853],[-73.9186,40.5853],[-73.9185,40.5853],[-73.9184,40.5854],[-73.9184,40.5854],[-73.9182,40.5854],[-73.9182,40.5854],[-73.9182,40.5854],[-73.9183,40.5853],[-73.9183,40.5853],[-73.9182,40.5853],[-73.9182,40.5853],[-73.9182,40.5854],[-73.9182,40.5854],[-73.9182,40.5854],[-73.9181,40.5854],[-73.918,40.5854],[-73.9179,40.5855],[-73.9179,40.5855],[-73.9179,40.5855],[-73.9178,40.5855],[-73.9178,40.5855],[-73.9178,40.5856],[-73.9177,40.5856],[-73.9177,40.5856],[-73.9177,40.5856],[-73.9176,40.5856],[-73.9175,40.5856],[-73.9175,40.5856],[-73.9175,40.5856],[-73.9174,40.5856],[-73.9173,40.5856],[-73.9173,40.5856],[-73.9174,40.5856],[-73.9174,40.5856],[-73.9173,40.5857],[-73.9173,40.5857],[-73.9173,40.5857],[-73.9173,40.5857],[-73.9172,40.5857],[-73.9172,40.5857],[-73.9171,40.5857],[-73.9171,40.5857],[-73.9171,40.5857],[-73.9171,40.5857],[-73.9171,40.5857],[-73.917,40.5858],[-73.917,40.5858],[-73.917,40.5858],[-73.917,40.5858],[-73.917,40.5859],[-73.917,40.5859],[-73.917,40.5859],[-73.9169,40.5859],[-73.9169,40.5859],[-73.9168,40.5859],[-73.9168,40.5859],[-73.9167,40.5859],[-73.9167,40.5859],[-73.9166,40.586],[-73.9165,40.586],[-73.9164,40.586],[-73.9163,40.586],[-73.9162,40.586],[-73.9162,40.586],[-73.9161,40.5861],[-73.9161,40.5861],[-73.916,40.5861],[-73.916,40.5861],[-73.9159,40.5861],[-73.9159,40.5861],[-73.9158,40.5861],[-73.9158,40.5861],[-73.9157,40.5862],[-73.9157,40.5862],[-73.9156,40.5862],[-73.9155,40.5862],[-73.9154,40.5862],[-73.9154,40.5863],[-73.9153,40.5862],[-73.9152,40.5863],[-73.9152,40.5863],[-73.9152,40.5863],[-73.9151,40.5863],[-73.9151,40.5863],[-73.9149,40.5863],[-73.9149,40.5863],[-73.9148,40.5863],[-73.9148,40.5863],[-73.9148,40.5863],[-73.9147,40.5863],[-73.9147,40.5862],[-73.9147,40.5862],[-73.9146,40.5862],[-73.9145,40.5862],[-73.9145,40.5862],[-73.9145,40.5862],[-73.9144,40.5862],[-73.9143,40.5862],[-73.9142,40.5862],[-73.9142,40.5862],[-73.9142,40.5861],[-73.9141,40.5861],[-73.914,40.5861],[-73.914,40.5861],[-73.9139,40.5861],[-73.9139,40.586],[-73.9138,40.586],[-73.9137,40.586],[-73.9137,40.5861],[-73.9137,40.5861],[-73.9137,40.5861],[-73.9137,40.5861],[-73.9137,40.5861],[-73.9137,40.5861],[-73.9136,40.5861],[-73.9136,40.5861],[-73.9134,40.5861],[-73.9133,40.586],[-73.9131,40.586],[-73.913,40.5859],[-73.9129,40.5858],[-73.9128,40.5857],[-73.9127,40.5857],[-73.9125,40.5853],[-73.9126,40.5853],[-73.9126,40.5852],[-73.9125,40.5851],[-73.9125,40.585],[-73.9125,40.5849],[-73.9125,40.5847],[-73.9125,40.5847],[-73.9125,40.5847],[-73.9124,40.5846],[-73.9124,40.5846],[-73.9124,40.5846],[-73.9124,40.5845],[-73.9124,40.5845],[-73.9125,40.5845],[-73.9126,40.5844],[-73.9126,40.5843],[-73.9126,40.5842],[-73.9126,40.5842],[-73.9126,40.5842],[-73.9126,40.5841],[-73.9126,40.5841],[-73.9126,40.584],[-73.9126,40.584],[-73.9126,40.5839],[-73.9125,40.5839],[-73.9125,40.5839],[-73.9125,40.5839],[-73.9126,40.5839],[-73.9127,40.5839],[-73.9127,40.5839],[-73.9127,40.5838],[-73.9127,40.5837],[-73.9127,40.5836],[-73.9127,40.5836],[-73.9126,40.5836],[-73.9126,40.5836],[-73.9126,40.5837],[-73.9125,40.5836],[-73.9125,40.5835],[-73.9124,40.5835],[-73.9124,40.5834],[-73.9124,40.5834],[-73.9125,40.5833],[-73.9126,40.5833],[-73.9126,40.5832],[-73.9127,40.5832],[-73.9128,40.5831],[-73.913,40.583],[-73.9131,40.583],[-73.9131,40.583],[-73.9131,40.5831],[-73.913,40.5831],[-73.913,40.5832],[-73.913,40.5832],[-73.9131,40.5832],[-73.9131,40.5831],[-73.9132,40.5831],[-73.9133,40.5831],[-73.9135,40.583],[-73.9136,40.583],[-73.9137,40.583],[-73.9138,40.583],[-73.9139,40.583],[-73.914,40.583],[-73.9141,40.583],[-73.9141,40.583],[-73.9142,40.583],[-73.9142,40.5829],[-73.9143,40.5829],[-73.9143,40.5829],[-73.9143,40.5829],[-73.9144,40.5829],[-73.9144,40.5829],[-73.9144,40.5828],[-73.9144,40.5828],[-73.9144,40.5828],[-73.9145,40.5828],[-73.9146,40.5828],[-73.9146,40.5828],[-73.9147,40.5828],[-73.9148,40.5828],[-73.9148,40.5828],[-73.9148,40.5829],[-73.9148,40.5829],[-73.9149,40.5829],[-73.9149,40.5829],[-73.9149,40.5829],[-73.9148,40.583],[-73.9149,40.583],[-73.9149,40.583],[-73.9149,40.5831],[-73.9149,40.5831],[-73.915,40.5831],[-73.915,40.5832],[-73.915,40.5832],[-73.915,40.5831],[-73.9151,40.5831],[-73.9151,40.5831],[-73.9152,40.5831],[-73.9153,40.5831],[-73.9154,40.5831],[-73.9154,40.583],[-73.9155,40.583],[-73.9155,40.583],[-73.9156,40.583],[-73.9157,40.583],[-73.9157,40.5829],[-73.9158,40.5829],[-73.9158,40.5829],[-73.9159,40.5829],[-73.916,40.5829],[-73.9161,40.5829],[-73.9161,40.5829],[-73.9162,40.5829],[-73.9162,40.5829],[-73.9162,40.583],[-73.9163,40.583],[-73.9164,40.5831],[-73.9165,40.5831],[-73.9166,40.5832],[-73.9167,40.5831],[-73.9168,40.5831],[-73.9169,40.5831],[-73.9169,40.5831],[-73.9169,40.5832],[-73.917,40.5832],[-73.9172,40.5833],[-73.9173,40.5832],[-73.9173,40.5832],[-73.9171,40.5831],[-73.9168,40.5829],[-73.9168,40.5828],[-73.9168,40.5828],[-73.9168,40.5828],[-73.9167,40.5827],[-73.9166,40.5827],[-73.9165,40.5828],[-73.9164,40.5828],[-73.9164,40.5828],[-73.9163,40.5828],[-73.9163,40.5828],[-73.9163,40.5828],[-73.9163,40.5827],[-73.9163,40.5827],[-73.9162,40.5827],[-73.9161,40.5827],[-73.9161,40.5827],[-73.9161,40.5827],[-73.9161,40.5826],[-73.916,40.5826],[-73.916,40.5826],[-73.916,40.5826],[-73.9161,40.5825],[-73.916,40.5825],[-73.916,40.5825],[-73.916,40.5825],[-73.916,40.5825],[-73.916,40.5824],[-73.9159,40.5824],[-73.9159,40.5824],[-73.9159,40.5824],[-73.9159,40.5824],[-73.9158,40.5824],[-73.9158,40.5824],[-73.9158,40.5824],[-73.9157,40.5824],[-73.9157,40.5824],[-73.9156,40.5824],[-73.9156,40.5824],[-73.9155,40.5824],[-73.9155,40.5824],[-73.9155,40.5824],[-73.9155,40.5824],[-73.9155,40.5824],[-73.9154,40.5824],[-73.9154,40.5824],[-73.9153,40.5824],[-73.9152,40.5824],[-73.9151,40.5824],[-73.915,40.5824],[-73.915,40.5825],[-73.9149,40.5825],[-73.9148,40.5825],[-73.9147,40.5824],[-73.9146,40.5824],[-73.9144,40.5824],[-73.9144,40.5824],[-73.9143,40.5824],[-73.9143,40.5825],[-73.9144,40.5825],[-73.9144,40.5825],[-73.9145,40.5826],[-73.9145,40.5826],[-73.9144,40.5826],[-73.9144,40.5826],[-73.9144,40.5826],[-73.9144,40.5826],[-73.9143,40.5826],[-73.9143,40.5826],[-73.9143,40.5826],[-73.9142,40.5826],[-73.9142,40.5827],[-73.9142,40.5828],[-73.9142,40.5828],[-73.9142,40.5828],[-73.9141,40.5828],[-73.9141,40.5828],[-73.9141,40.5827],[-73.9139,40.5827],[-73.9138,40.5827],[-73.9138,40.5827],[-73.9137,40.5827],[-73.9137,40.5828],[-73.9137,40.5828],[-73.9136,40.5828],[-73.9134,40.5829],[-73.9133,40.583],[-73.9133,40.5829],[-73.9133,40.5829],[-73.9132,40.5829],[-73.9131,40.5829],[-73.9131,40.583],[-73.913,40.583],[-73.913,40.583],[-73.9129,40.5829],[-73.9129,40.5829],[-73.913,40.5829],[-73.913,40.5828],[-73.913,40.5828],[-73.9131,40.5827],[-73.913,40.5827],[-73.913,40.5827],[-73.9129,40.5827],[-73.9129,40.5828],[-73.913,40.5828],[-73.9129,40.5828],[-73.9129,40.5828],[-73.9129,40.5829],[-73.9129,40.5829],[-73.9129,40.583],[-73.9129,40.583],[-73.9128,40.583],[-73.9128,40.583],[-73.9128,40.583],[-73.9127,40.583],[-73.9127,40.583],[-73.9126,40.583],[-73.9125,40.5831],[-73.9125,40.5831],[-73.9125,40.583],[-73.9125,40.583],[-73.9125,40.5831],[-73.9124,40.5831],[-73.9123,40.583],[-73.9122,40.583],[-73.9122,40.583],[-73.9123,40.583],[-73.9124,40.5829],[-73.9125,40.5829],[-73.9125,40.5829],[-73.9125,40.5829],[-73.9124,40.5829],[-73.9124,40.5829],[-73.9123,40.5829],[-73.9123,40.5829],[-73.9121,40.5829],[-73.912,40.5829],[-73.912,40.5829],[-73.912,40.583],[-73.912,40.583],[-73.9119,40.583],[-73.9119,40.5829],[-73.9118,40.5829],[-73.9118,40.5829],[-73.9117,40.5828],[-73.9116,40.5828],[-73.9115,40.5827],[-73.9114,40.5826],[-73.9113,40.5824],[-73.9113,40.5823],[-73.9113,40.5822],[-73.9113,40.5821],[-73.9115,40.5819],[-73.9115,40.5818],[-73.9115,40.5818],[-73.9116,40.5818],[-73.9117,40.5818],[-73.912,40.5818],[-73.9123,40.5818],[-73.9126,40.5818],[-73.9128,40.5818],[-73.9132,40.5817],[-73.9135,40.5817],[-73.9137,40.5816],[-73.9138,40.5816],[-73.9141,40.5817],[-73.9143,40.5817],[-73.9144,40.5817],[-73.9146,40.5817],[-73.915,40.5815],[-73.9153,40.5816],[-73.9155,40.5816],[-73.9158,40.5817],[-73.9161,40.5817],[-73.9163,40.5817],[-73.9165,40.5818],[-73.9166,40.5818],[-73.9168,40.5819],[-73.9171,40.5819],[-73.9173,40.582],[-73.9175,40.5821],[-73.9177,40.5821],[-73.9179,40.5821],[-73.918,40.5821],[-73.9181,40.5821],[-73.9185,40.5822],[-73.9186,40.5823],[-73.9188,40.5823],[-73.919,40.5824],[-73.9193,40.5825],[-73.9196,40.5826],[-73.9198,40.5827],[-73.92,40.5827],[-73.9203,40.5827],[-73.9205,40.5828],[-73.9207,40.5828],[-73.921,40.5829],[-73.9213,40.583],[-73.9215,40.5831],[-73.9218,40.5832],[-73.9221,40.5832],[-73.9224,40.5833],[-73.9226,40.5833],[-73.9229,40.5834],[-73.9232,40.5834],[-73.9234,40.5835],[-73.9235,40.5835],[-73.9237,40.5835],[-73.9239,40.5835],[-73.9241,40.5835],[-73.9243,40.5835],[-73.9244,40.5836],[-73.9246,40.5836],[-73.9249,40.5835],[-73.9251,40.5835],[-73.9256,40.5835],[-73.9256,40.5835],[-73.9256,40.5835],[-73.9256,40.5835],[-73.926,40.5835],[-73.9263,40.5836],[-73.9282,40.5835],[-73.9295,40.5834],[-73.9304,40.5833],[-73.9305,40.5832],[-73.9307,40.5832],[-73.9308,40.5831],[-73.9309,40.583],[-73.9309,40.5829],[-73.9309,40.5829],[-73.9309,40.5829],[-73.9309,40.5829],[-73.9308,40.5829],[-73.9308,40.5829]]],[[[-73.9448,40.616],[-73.944,40.6168],[-73.9432,40.6177],[-73.9424,40.6186],[-73.9427,40.6199],[-73.9415,40.62],[-73.9408,40.6201],[-73.9408,40.6204],[-73.94,40.6213],[-73.9393,40.6227],[-73.9372,40.623],[-73.9358,40.6235],[-73.9355,40.6239],[-73.9363,40.6247],[-73.9352,40.6251],[-73.9343,40.6249],[-73.9334,40.6257],[-73.9335,40.626],[-73.9346,40.6278],[-73.9339,40.6302],[-73.9341,40.6325],[-73.9351,40.6324],[-73.9352,40.6334],[-73.9343,40.6337],[-73.9334,40.6344],[-73.9325,40.6349],[-73.9316,40.6353],[-73.9296,40.6363],[-73.9276,40.6373],[-73.9261,40.6382],[-73.9251,40.6387],[-73.9242,40.6393],[-73.9237,40.6396],[-73.9215,40.6413],[-73.9202,40.6413],[-73.9196,40.6412],[-73.9195,40.6403],[-73.9195,40.6402],[-73.9193,40.6386],[-73.9192,40.6374],[-73.9191,40.6367],[-73.919,40.6361],[-73.919,40.6358],[-73.9189,40.6353],[-73.9189,40.635],[-73.9189,40.6348],[-73.9189,40.6346],[-73.9194,40.6341],[-73.9196,40.634],[-73.9198,40.6339],[-73.9202,40.6336],[-73.9202,40.6334],[-73.9197,40.633],[-73.9186,40.6321],[-73.9174,40.6316],[-73.9175,40.6315],[-73.9175,40.6314],[-73.9175,40.6313],[-73.9175,40.6312],[-73.9174,40.6311],[-73.9173,40.631],[-73.9167,40.6307],[-73.9166,40.6307],[-73.9166,40.6306],[-73.9166,40.6305],[-73.9156,40.63],[-73.9149,40.6297],[-73.9083,40.6268],[-73.904,40.6248],[-73.9033,40.6245],[-73.903,40.6244],[-73.9027,40.6242],[-73.9029,40.624],[-73.9029,40.6238],[-73.9029,40.6237],[-73.9029,40.6237],[-73.9028,40.6236],[-73.9027,40.6235],[-73.9026,40.6235],[-73.9025,40.6235],[-73.9024,40.6236],[-73.9023,40.6236],[-73.9023,40.6236],[-73.9023,40.6236],[-73.9022,40.6236],[-73.9022,40.6236],[-73.9022,40.6236],[-73.9022,40.6235],[-73.9022,40.6235],[-73.9022,40.6234],[-73.9021,40.6232],[-73.902,40.6231],[-73.9019,40.623],[-73.9018,40.623],[-73.9017,40.6229],[-73.9016,40.6229],[-73.9014,40.6229],[-73.9013,40.6228],[-73.9011,40.6228],[-73.901,40.6227],[-73.9009,40.6225],[-73.9006,40.6218],[-73.9006,40.6217],[-73.9005,40.6217],[-73.9004,40.6216],[-73.9003,40.6216],[-73.9002,40.6217],[-73.9001,40.6217],[-73.9,40.6217],[-73.9,40.6217],[-73.8999,40.6217],[-73.8999,40.6218],[-73.8998,40.6218],[-73.8998,40.6218],[-73.8997,40.6218],[-73.8997,40.6218],[-73.8996,40.6218],[-73.8996,40.6218],[-73.8995,40.6218],[-73.8995,40.6218],[-73.8995,40.6218],[-73.8994,40.6218],[-73.8994,40.6218],[-73.8994,40.6218],[-73.8993,40.6218],[-73.8993,40.6218],[-73.8992,40.6218],[-73.899,40.6218],[-73.899,40.6218],[-73.8989,40.6218],[-73.8989,40.6218],[-73.8989,40.6218],[-73.8988,40.6218],[-73.8988,40.6218],[-73.8988,40.6218],[-73.8987,40.6218],[-73.8987,40.6218],[-73.8987,40.6218],[-73.8987,40.6218],[-73.8986,40.6218],[-73.8986,40.6218],[-73.8986,40.6218],[-73.8986,40.6218],[-73.8986,40.6218],[-73.8986,40.6218],[-73.8986,40.6218],[-73.8985,40.6218],[-73.8985,40.6218],[-73.8984,40.6218],[-73.8983,40.6218],[-73.8982,40.6218],[-73.8981,40.6219],[-73.898,40.6218],[-73.898,40.6218],[-73.8977,40.6218],[-73.8976,40.6218],[-73.8976,40.6217],[-73.8975,40.6217],[-73.8974,40.6217],[-73.8972,40.6217],[-73.897,40.6217],[-73.8968,40.6216],[-73.8968,40.6215],[-73.8966,40.6215],[-73.8965,40.6214],[-73.8965,40.6214],[-73.8964,40.6214],[-73.8964,40.6212],[-73.8963,40.621],[-73.8963,40.621],[-73.8963,40.6208],[-73.8963,40.6208],[-73.8963,40.6207],[-73.8963,40.6208],[-73.8963,40.6208],[-73.8962,40.6208],[-73.8962,40.6208],[-73.8961,40.6206],[-73.8961,40.6206],[-73.8961,40.6206],[-73.8961,40.6205],[-73.896,40.6205],[-73.896,40.6205],[-73.896,40.6204],[-73.8959,40.6204],[-73.8959,40.6204],[-73.8957,40.6202],[-73.8957,40.6202],[-73.8957,40.6202],[-73.8957,40.6201],[-73.8958,40.6201],[-73.8958,40.62],[-73.8957,40.62],[-73.8957,40.6199],[-73.8957,40.6199],[-73.8957,40.6199],[-73.8957,40.6199],[-73.8957,40.6199],[-73.8957,40.6199],[-73.8956,40.6198],[-73.8956,40.6197],[-73.8957,40.6196],[-73.8957,40.6195],[-73.8957,40.6195],[-73.8956,40.6194],[-73.8956,40.6194],[-73.8956,40.6193],[-73.8957,40.6193],[-73.8957,40.6193],[-73.8958,40.6193],[-73.8958,40.6192],[-73.8959,40.6191],[-73.8959,40.619],[-73.8959,40.619],[-73.8959,40.6189],[-73.896,40.6189],[-73.896,40.6188],[-73.896,40.6188],[-73.896,40.6187],[-73.896,40.6186],[-73.8961,40.6185],[-73.8961,40.6185],[-73.8961,40.6184],[-73.8962,40.6183],[-73.8963,40.6182],[-73.8963,40.6182],[-73.8963,40.6182],[-73.8964,40.6181],[-73.8964,40.6181],[-73.8964,40.6181],[-73.8964,40.6181],[-73.8964,40.618],[-73.8964,40.618],[-73.8964,40.6179],[-73.8964,40.6179],[-73.8965,40.6178],[-73.8965,40.6178],[-73.8964,40.6178],[-73.8965,40.6177],[-73.8965,40.6177],[-73.8965,40.6177],[-73.8965,40.6176],[-73.8966,40.6175],[-73.8966,40.6175],[-73.8966,40.6173],[-73.8966,40.6172],[-73.8966,40.6171],[-73.8966,40.6171],[-73.8965,40.617],[-73.8965,40.6168],[-73.8965,40.6167],[-73.8965,40.6167],[-73.8965,40.6166],[-73.8965,40.6165],[-73.8965,40.6165],[-73.8965,40.6164],[-73.8965,40.6164],[-73.8965,40.6163],[-73.8965,40.6163],[-73.8964,40.6163],[-73.8965,40.6162],[-73.8965,40.6161],[-73.8964,40.6161],[-73.8964,40.6161],[-73.8963,40.6161],[-73.8963,40.6161],[-73.8963,40.6161],[-73.8962,40.6161],[-73.8962,40.616],[-73.8962,40.6159],[-73.8962,40.6159],[-73.8962,40.6159],[-73.8962,40.6158],[-73.8962,40.6158],[-73.8961,40.6158],[-73.8962,40.6157],[-73.8962,40.6156],[-73.8961,40.6156],[-73.8961,40.6156],[-73.8961,40.6156],[-73.8961,40.6155],[-73.8961,40.6155],[-73.896,40.6155],[-73.896,40.6154],[-73.896,40.6153],[-73.896,40.6153],[-73.8959,40.6152],[-73.8959,40.6152],[-73.8958,40.615],[-73.8958,40.615],[-73.8958,40.6149],[-73.8957,40.6149],[-73.8957,40.6149],[-73.8958,40.6148],[-73.8958,40.6148],[-73.8958,40.6148],[-73.8959,40.6148],[-73.8959,40.6149],[-73.896,40.6149],[-73.896,40.6149],[-73.896,40.6148],[-73.896,40.6148],[-73.8959,40.6147],[-73.8959,40.6146],[-73.8959,40.6146],[-73.8959,40.6145],[-73.8958,40.6145],[-73.8957,40.6145],[-73.8956,40.6144],[-73.8956,40.6144],[-73.8956,40.6144],[-73.8956,40.6144],[-73.8955,40.6144],[-73.8955,40.6144],[-73.8955,40.6144],[-73.8955,40.6144],[-73.8955,40.6144],[-73.8954,40.6144],[-73.8952,40.6143],[-73.8949,40.6142],[-73.8948,40.6141],[-73.8947,40.614],[-73.8945,40.614],[-73.8944,40.6139],[-73.8943,40.6139],[-73.8942,40.6139],[-73.894,40.6138],[-73.8939,40.6138],[-73.8938,40.6138],[-73.8937,40.6138],[-73.8936,40.6139],[-73.8936,40.6139],[-73.8935,40.6139],[-73.8934,40.6139],[-73.8933,40.6139],[-73.8932,40.6139],[-73.8931,40.6139],[-73.8929,40.6139],[-73.8928,40.6138],[-73.8927,40.6138],[-73.8926,40.6138],[-73.8924,40.6138],[-73.8922,40.6137],[-73.892,40.6136],[-73.8919,40.6136],[-73.8917,40.6135],[-73.8916,40.6134],[-73.8914,40.6133],[-73.8913,40.6133],[-73.8913,40.6132],[-73.8912,40.6132],[-73.8912,40.6131],[-73.8912,40.6131],[-73.8911,40.613],[-73.891,40.6129],[-73.8909,40.6128],[-73.891,40.6127],[-73.891,40.6126],[-73.891,40.6126],[-73.891,40.6125],[-73.8911,40.6125],[-73.8911,40.6125],[-73.8912,40.6124],[-73.8913,40.6123],[-73.8913,40.6122],[-73.8914,40.6122],[-73.8914,40.6121],[-73.8915,40.6121],[-73.8916,40.6121],[-73.8916,40.6121],[-73.8917,40.6121],[-73.8917,40.6121],[-73.8917,40.6121],[-73.8918,40.6121],[-73.8918,40.6121],[-73.8918,40.612],[-73.892,40.612],[-73.8921,40.612],[-73.8921,40.612],[-73.8921,40.612],[-73.8921,40.6121],[-73.8921,40.6121],[-73.8922,40.6121],[-73.8922,40.612],[-73.8923,40.612],[-73.8925,40.6119],[-73.8926,40.6118],[-73.8927,40.6117],[-73.8928,40.6117],[-73.8929,40.6117],[-73.893,40.6118],[-73.8931,40.6118],[-73.8932,40.6118],[-73.8933,40.6117],[-73.8934,40.6117],[-73.8935,40.6116],[-73.8936,40.6116],[-73.8937,40.6115],[-73.8938,40.6115],[-73.8939,40.6115],[-73.894,40.6115],[-73.894,40.6114],[-73.894,40.6114],[-73.894,40.6113],[-73.894,40.6113],[-73.894,40.6112],[-73.8939,40.6112],[-73.8939,40.6112],[-73.8939,40.6112],[-73.8938,40.6112],[-73.8937,40.6112],[-73.8936,40.6112],[-73.8936,40.6111],[-73.8936,40.6111],[-73.8936,40.6111],[-73.8936,40.611],[-73.8936,40.611],[-73.8935,40.611],[-73.8935,40.611],[-73.8934,40.611],[-73.8934,40.6111],[-73.8933,40.6111],[-73.8932,40.6112],[-73.8931,40.6112],[-73.893,40.6112],[-73.8929,40.6112],[-73.8929,40.6112],[-73.8929,40.6113],[-73.8928,40.6113],[-73.8927,40.6114],[-73.8926,40.6114],[-73.8925,40.6114],[-73.8924,40.6114],[-73.8922,40.6115],[-73.892,40.6116],[-73.892,40.6116],[-73.8919,40.6115],[-73.8919,40.6115],[-73.8919,40.6116],[-73.8918,40.6116],[-73.8918,40.6116],[-73.8918,40.6116],[-73.8918,40.6117],[-73.8918,40.6117],[-73.8917,40.6117],[-73.8916,40.6118],[-73.8915,40.6118],[-73.8914,40.6118],[-73.8914,40.6119],[-73.8913,40.6119],[-73.8913,40.6119],[-73.8912,40.612],[-73.8911,40.612],[-73.891,40.6121],[-73.891,40.6121],[-73.891,40.6121],[-73.8911,40.6121],[-73.8912,40.6122],[-73.8911,40.6122],[-73.8911,40.6123],[-73.8911,40.6123],[-73.891,40.6122],[-73.8908,40.6122],[-73.8907,40.6122],[-73.8906,40.6121],[-73.8905,40.6121],[-73.8904,40.612],[-73.8903,40.612],[-73.8903,40.6119],[-73.8901,40.6118],[-73.89,40.6118],[-73.8899,40.6117],[-73.8898,40.6117],[-73.8897,40.6116],[-73.8897,40.6116],[-73.8897,40.6115],[-73.8897,40.6113],[-73.8897,40.6112],[-73.8898,40.6111],[-73.8897,40.6111],[-73.8898,40.611],[-73.8898,40.6109],[-73.8899,40.6108],[-73.89,40.6107],[-73.8901,40.6106],[-73.8901,40.6105],[-73.8902,40.6104],[-73.8904,40.6102],[-73.8906,40.6101],[-73.8907,40.61],[-73.8909,40.6099],[-73.891,40.6098],[-73.8911,40.6098],[-73.8913,40.6097],[-73.8915,40.6095],[-73.8917,40.6093],[-73.8919,40.6091],[-73.892,40.6091],[-73.892,40.6091],[-73.892,40.6091],[-73.892,40.6092],[-73.8919,40.6092],[-73.8919,40.6092],[-73.8919,40.6093],[-73.8919,40.6093],[-73.8919,40.6094],[-73.892,40.6094],[-73.892,40.6094],[-73.8919,40.6094],[-73.8918,40.6094],[-73.8918,40.6094],[-73.8917,40.6095],[-73.8918,40.6095],[-73.8918,40.6095],[-73.8918,40.6095],[-73.8918,40.6095],[-73.8918,40.6095],[-73.8918,40.6095],[-73.8919,40.6095],[-73.892,40.6094],[-73.892,40.6094],[-73.8921,40.6093],[-73.8921,40.6093],[-73.8921,40.6092],[-73.8922,40.6092],[-73.8923,40.6092],[-73.8922,40.6091],[-73.8923,40.609],[-73.8923,40.6089],[-73.8923,40.6088],[-73.8924,40.6088],[-73.8924,40.6087],[-73.8923,40.6087],[-73.8922,40.6086],[-73.8922,40.6086],[-73.8923,40.6086],[-73.8924,40.6086],[-73.8924,40.6086],[-73.8924,40.6086],[-73.8924,40.6085],[-73.8923,40.6085],[-73.8923,40.6085],[-73.8922,40.6085],[-73.8922,40.6086],[-73.8922,40.6086],[-73.8922,40.6085],[-73.8922,40.6085],[-73.8922,40.6084],[-73.8923,40.6083],[-73.8923,40.6083],[-73.8923,40.6082],[-73.8923,40.6082],[-73.8924,40.6082],[-73.8925,40.6082],[-73.8925,40.6081],[-73.8925,40.608],[-73.8925,40.6078],[-73.8925,40.6077],[-73.8926,40.6077],[-73.8926,40.6077],[-73.8926,40.6076],[-73.8926,40.6075],[-73.8927,40.6074],[-73.8927,40.6074],[-73.8927,40.6073],[-73.8927,40.6072],[-73.8928,40.6072],[-73.8929,40.6071],[-73.893,40.6071],[-73.8931,40.6071],[-73.8931,40.6071],[-73.8931,40.607],[-73.8932,40.6069],[-73.8932,40.6068],[-73.8933,40.6068],[-73.8933,40.6067],[-73.8934,40.6067],[-73.8934,40.6067],[-73.8935,40.6067],[-73.8936,40.6067],[-73.8936,40.6067],[-73.8936,40.6066],[-73.8937,40.6066],[-73.8938,40.6066],[-73.8938,40.6066],[-73.8938,40.6066],[-73.8939,40.6066],[-73.8939,40.6065],[-73.894,40.6065],[-73.8941,40.6065],[-73.8942,40.6065],[-73.8943,40.6064],[-73.8944,40.6064],[-73.8944,40.6064],[-73.8945,40.6064],[-73.8946,40.6064],[-73.8947,40.6065],[-73.8948,40.6064],[-73.8948,40.6064],[-73.8949,40.6064],[-73.895,40.6064],[-73.895,40.6063],[-73.8951,40.6063],[-73.8952,40.6062],[-73.8952,40.6062],[-73.8953,40.6062],[-73.8954,40.6061],[-73.8955,40.606],[-73.8956,40.606],[-73.8958,40.6059],[-73.8959,40.6059],[-73.896,40.6058],[-73.896,40.6058],[-73.8961,40.6058],[-73.8962,40.6058],[-73.8962,40.6058],[-73.8963,40.6058],[-73.8963,40.6058],[-73.8964,40.6058],[-73.8965,40.6057],[-73.8966,40.6057],[-73.8967,40.6057],[-73.8968,40.6056],[-73.8969,40.6056],[-73.897,40.6056],[-73.8971,40.6056],[-73.8971,40.6056],[-73.8972,40.6056],[-73.8973,40.6056],[-73.8974,40.6056],[-73.8974,40.6056],[-73.8975,40.6056],[-73.8977,40.6055],[-73.8978,40.6055],[-73.8978,40.6055],[-73.8979,40.6054],[-73.898,40.6054],[-73.8981,40.6055],[-73.8981,40.6054],[-73.8982,40.6054],[-73.8983,40.6054],[-73.8983,40.6053],[-73.8983,40.6053],[-73.8986,40.6053],[-73.8987,40.6053],[-73.8989,40.6054],[-73.899,40.6055],[-73.899,40.6055],[-73.8991,40.6055],[-73.8992,40.6055],[-73.8992,40.6055],[-73.8993,40.6055],[-73.8994,40.6055],[-73.8995,40.6055],[-73.8995,40.6055],[-73.8996,40.6055],[-73.8997,40.6055],[-73.8998,40.6055],[-73.8998,40.6055],[-73.8998,40.6055],[-73.8999,40.6055],[-73.8999,40.6055],[-73.8999,40.6056],[-73.8999,40.6056],[-73.8999,40.6056],[-73.8999,40.6056],[-73.9,40.6057],[-73.9,40.6057],[-73.9,40.6058],[-73.9001,40.6058],[-73.9002,40.606],[-73.9003,40.6061],[-73.9005,40.6063],[-73.9006,40.6064],[-73.9007,40.6066],[-73.9008,40.6068],[-73.9009,40.607],[-73.9008,40.6071],[-73.9007,40.6072],[-73.9006,40.6075],[-73.9006,40.6076],[-73.9005,40.6078],[-73.9005,40.608],[-73.9005,40.6082],[-73.9005,40.6083],[-73.9005,40.6084],[-73.9004,40.6086],[-73.9005,40.6087],[-73.9005,40.6088],[-73.9004,40.6089],[-73.9005,40.609],[-73.9005,40.6092],[-73.9005,40.6092],[-73.9004,40.6093],[-73.9004,40.6094],[-73.9003,40.6094],[-73.9003,40.6095],[-73.9002,40.6096],[-73.9002,40.61],[-73.9002,40.61],[-73.9002,40.6101],[-73.9002,40.6101],[-73.9003,40.6101],[-73.9003,40.6102],[-73.9004,40.6102],[-73.9005,40.6103],[-73.9004,40.6104],[-73.9005,40.6104],[-73.9007,40.6105],[-73.9008,40.6106],[-73.9009,40.6108],[-73.9009,40.6108],[-73.901,40.6108],[-73.9011,40.6109],[-73.9011,40.6109],[-73.9011,40.611],[-73.9012,40.611],[-73.9012,40.611],[-73.9013,40.611],[-73.9014,40.6111],[-73.9014,40.6113],[-73.9014,40.6114],[-73.9014,40.6114],[-73.9014,40.6114],[-73.9013,40.6114],[-73.9013,40.6116],[-73.9013,40.6117],[-73.9015,40.6118],[-73.9016,40.6118],[-73.9016,40.6119],[-73.9017,40.6118],[-73.9019,40.6118],[-73.902,40.6117],[-73.9022,40.6119],[-73.9023,40.612],[-73.9023,40.6119],[-73.9024,40.612],[-73.9024,40.612],[-73.9027,40.6122],[-73.9042,40.6136],[-73.9059,40.6151],[-73.906,40.6151],[-73.907,40.6161],[-73.907,40.6161],[-73.9068,40.6164],[-73.9071,40.6162],[-73.9073,40.6164],[-73.9071,40.6166],[-73.9074,40.6165],[-73.9073,40.6166],[-73.9075,40.6167],[-73.9076,40.6168],[-73.9076,40.6169],[-73.9077,40.6169],[-73.9078,40.6169],[-73.9079,40.617],[-73.9079,40.6171],[-73.9078,40.6173],[-73.9078,40.6174],[-73.9084,40.6174],[-73.9086,40.6173],[-73.9089,40.6174],[-73.9088,40.6173],[-73.9091,40.6171],[-73.9091,40.6169],[-73.9095,40.6167],[-73.9096,40.6166],[-73.909,40.6158],[-73.909,40.6158],[-73.9086,40.6154],[-73.9083,40.6154],[-73.9074,40.6148],[-73.9069,40.6143],[-73.9054,40.613],[-73.9052,40.613],[-73.9051,40.6129],[-73.905,40.6128],[-73.9042,40.6124],[-73.9043,40.6122],[-73.9043,40.6121],[-73.9043,40.612],[-73.9041,40.6119],[-73.9035,40.6114],[-73.9035,40.6113],[-73.9033,40.6113],[-73.9029,40.6109],[-73.9026,40.6108],[-73.9024,40.6105],[-73.9023,40.6104],[-73.9022,40.6103],[-73.9022,40.6096],[-73.9021,40.609],[-73.902,40.6086],[-73.902,40.6084],[-73.902,40.6083],[-73.902,40.6083],[-73.902,40.6083],[-73.9019,40.6081],[-73.9019,40.6078],[-73.9019,40.6078],[-73.9019,40.6073],[-73.9019,40.6072],[-73.9017,40.6063],[-73.9017,40.6062],[-73.9017,40.6061],[-73.9017,40.6059],[-73.9016,40.6058],[-73.9018,40.6057],[-73.9018,40.6057],[-73.9019,40.6057],[-73.9029,40.6055],[-73.9047,40.605],[-73.9052,40.6049],[-73.9054,40.6052],[-73.9054,40.6055],[-73.9057,40.606],[-73.9059,40.6063],[-73.9062,40.6064],[-73.9071,40.6064],[-73.9074,40.6064],[-73.9077,40.6064],[-73.908,40.6063],[-73.9082,40.6064],[-73.9084,40.6065],[-73.9085,40.6066],[-73.9086,40.6067],[-73.9087,40.6066],[-73.9088,40.6066],[-73.9091,40.6065],[-73.9091,40.6065],[-73.9092,40.6065],[-73.9093,40.6065],[-73.9098,40.6061],[-73.9099,40.606],[-73.9096,40.6057],[-73.9092,40.6053],[-73.9089,40.6051],[-73.9087,40.6047],[-73.9086,40.6045],[-73.9085,40.6044],[-73.9083,40.6041],[-73.9089,40.6039],[-73.9091,40.6039],[-73.9109,40.6035],[-73.9131,40.6038],[-73.9135,40.6039],[-73.9136,40.604],[-73.9138,40.6042],[-73.9149,40.6052],[-73.915,40.6054],[-73.9157,40.6058],[-73.916,40.6061],[-73.9163,40.6065],[-73.9167,40.6068],[-73.9167,40.6069],[-73.9166,40.6071],[-73.9166,40.6072],[-73.9167,40.6076],[-73.9163,40.6087],[-73.9168,40.6088],[-73.9166,40.6094],[-73.9163,40.6101],[-73.9162,40.6105],[-73.9155,40.6109],[-73.9148,40.6113],[-73.9146,40.6115],[-73.9145,40.6117],[-73.9147,40.6127],[-73.9148,40.6133],[-73.9148,40.6135],[-73.9149,40.6135],[-73.9149,40.614],[-73.9139,40.6146],[-73.9141,40.6149],[-73.9142,40.6149],[-73.9143,40.6149],[-73.9144,40.6149],[-73.9145,40.6148],[-73.9146,40.6148],[-73.9146,40.6147],[-73.9148,40.6147],[-73.9151,40.6145],[-73.9158,40.614],[-73.9164,40.6136],[-73.9166,40.6134],[-73.9167,40.6112],[-73.9168,40.6111],[-73.9181,40.6103],[-73.9181,40.6101],[-73.9177,40.6098],[-73.9177,40.6098],[-73.9179,40.6093],[-73.918,40.6089],[-73.918,40.6088],[-73.9181,40.6088],[-73.9186,40.6085],[-73.9189,40.6083],[-73.9189,40.6083],[-73.9189,40.6083],[-73.9189,40.6083],[-73.919,40.6083],[-73.9194,40.608],[-73.9195,40.608],[-73.9195,40.6079],[-73.9192,40.6074],[-73.9189,40.6071],[-73.9186,40.6068],[-73.918,40.6062],[-73.9171,40.6053],[-73.9155,40.6039],[-73.9148,40.6034],[-73.9144,40.6029],[-73.914,40.6028],[-73.9139,40.6027],[-73.9138,40.6026],[-73.9136,40.6025],[-73.9137,40.6025],[-73.9135,40.6024],[-73.9134,40.6023],[-73.9133,40.6023],[-73.9132,40.6022],[-73.9131,40.6022],[-73.9131,40.6022],[-73.9129,40.6022],[-73.9128,40.6022],[-73.9126,40.6022],[-73.9123,40.6021],[-73.912,40.6022],[-73.9116,40.6021],[-73.9109,40.602],[-73.9107,40.602],[-73.9106,40.602],[-73.9103,40.602],[-73.9103,40.602],[-73.9101,40.602],[-73.9099,40.602],[-73.9098,40.602],[-73.9098,40.602],[-73.9097,40.602],[-73.9096,40.602],[-73.9094,40.6019],[-73.9093,40.6018],[-73.9092,40.6017],[-73.909,40.6016],[-73.9089,40.6016],[-73.9089,40.6016],[-73.9088,40.6017],[-73.9086,40.6018],[-73.9085,40.6019],[-73.9084,40.602],[-73.9083,40.602],[-73.9081,40.6021],[-73.908,40.6021],[-73.9079,40.6022],[-73.9078,40.6022],[-73.9077,40.6022],[-73.9077,40.6023],[-73.9076,40.6023],[-73.9074,40.6023],[-73.9073,40.6022],[-73.9071,40.6023],[-73.907,40.6024],[-73.9068,40.6024],[-73.9067,40.6024],[-73.9066,40.6023],[-73.9064,40.6024],[-73.9062,40.6025],[-73.906,40.6025],[-73.9059,40.6025],[-73.9058,40.6026],[-73.9057,40.6026],[-73.9056,40.6026],[-73.9055,40.6026],[-73.9054,40.6026],[-73.9053,40.6026],[-73.9052,40.6026],[-73.9049,40.6026],[-73.9046,40.6025],[-73.9041,40.6026],[-73.9039,40.6027],[-73.9038,40.6027],[-73.9037,40.6026],[-73.9034,40.6026],[-73.9033,40.6025],[-73.9033,40.6025],[-73.9032,40.6026],[-73.9031,40.6026],[-73.903,40.6026],[-73.9028,40.6028],[-73.9027,40.6028],[-73.9026,40.6028],[-73.9025,40.6029],[-73.9023,40.603],[-73.9021,40.603],[-73.902,40.6031],[-73.9018,40.6031],[-73.9017,40.6032],[-73.9013,40.6033],[-73.901,40.6033],[-73.9009,40.6033],[-73.9006,40.6033],[-73.9004,40.6033],[-73.9001,40.6034],[-73.8998,40.6033],[-73.8992,40.6036],[-73.8989,40.6036],[-73.8988,40.6037],[-73.8987,40.6037],[-73.8986,40.6036],[-73.8984,40.6036],[-73.8983,40.6035],[-73.8981,40.6035],[-73.898,40.6033],[-73.8979,40.6034],[-73.8979,40.6034],[-73.8978,40.6034],[-73.8977,40.6034],[-73.8976,40.6034],[-73.8975,40.6034],[-73.8975,40.6034],[-73.8975,40.6034],[-73.8975,40.6034],[-73.8974,40.6034],[-73.8974,40.6034],[-73.8973,40.6034],[-73.8973,40.6034],[-73.8972,40.6034],[-73.8971,40.6033],[-73.8971,40.6033],[-73.897,40.6033],[-73.8969,40.6033],[-73.8967,40.6033],[-73.8966,40.6033],[-73.8965,40.6033],[-73.8965,40.6033],[-73.8965,40.6033],[-73.8964,40.6033],[-73.8963,40.6033],[-73.8963,40.6033],[-73.8962,40.6033],[-73.8962,40.6033],[-73.8961,40.6033],[-73.896,40.6033],[-73.896,40.6033],[-73.8959,40.6032],[-73.8958,40.6032],[-73.8957,40.6032],[-73.8955,40.6031],[-73.8955,40.6031],[-73.8953,40.6031],[-73.8953,40.6031],[-73.8952,40.6031],[-73.8952,40.6032],[-73.8951,40.6032],[-73.8951,40.6032],[-73.8951,40.6032],[-73.8951,40.6032],[-73.895,40.6032],[-73.8949,40.6032],[-73.8949,40.6033],[-73.8948,40.6033],[-73.8948,40.6033],[-73.8947,40.6033],[-73.8946,40.6033],[-73.8945,40.6033],[-73.8944,40.6033],[-73.8943,40.6033],[-73.8941,40.6032],[-73.894,40.6032],[-73.8939,40.6032],[-73.8938,40.6032],[-73.8938,40.6032],[-73.8938,40.6032],[-73.8937,40.6032],[-73.8937,40.6032],[-73.8936,40.6033],[-73.8936,40.6034],[-73.8935,40.6034],[-73.8934,40.6034],[-73.8934,40.6034],[-73.8933,40.6035],[-73.8932,40.6035],[-73.8931,40.6035],[-73.8929,40.6034],[-73.8927,40.6034],[-73.8926,40.6034],[-73.8926,40.6034],[-73.8925,40.6034],[-73.8924,40.6034],[-73.8923,40.6034],[-73.8922,40.6034],[-73.8921,40.6034],[-73.8921,40.6035],[-73.892,40.6035],[-73.8919,40.6035],[-73.8918,40.6035],[-73.8917,40.6035],[-73.8917,40.6035],[-73.8916,40.6035],[-73.8914,40.6035],[-73.8914,40.6035],[-73.8914,40.6036],[-73.8913,40.6036],[-73.8913,40.6036],[-73.8912,40.6036],[-73.8912,40.6036],[-73.8912,40.6036],[-73.8912,40.6037],[-73.8911,40.6037],[-73.8911,40.6038],[-73.891,40.6038],[-73.8909,40.6039],[-73.8909,40.6039],[-73.8908,40.604],[-73.8908,40.604],[-73.8907,40.604],[-73.8906,40.6041],[-73.8905,40.6041],[-73.8904,40.6041],[-73.8903,40.6042],[-73.8902,40.6042],[-73.8901,40.6042],[-73.8901,40.6042],[-73.89,40.6042],[-73.8899,40.6042],[-73.8898,40.6043],[-73.8898,40.6043],[-73.8897,40.6043],[-73.8896,40.6043],[-73.8895,40.6044],[-73.8894,40.6044],[-73.8893,40.6044],[-73.8893,40.6044],[-73.8892,40.6045],[-73.8891,40.6045],[-73.8891,40.6045],[-73.889,40.6045],[-73.889,40.6045],[-73.889,40.6046],[-73.889,40.6046],[-73.889,40.6046],[-73.889,40.6046],[-73.889,40.6047],[-73.8889,40.6047],[-73.8889,40.6048],[-73.8888,40.6048],[-73.8888,40.6048],[-73.8887,40.6049],[-73.8885,40.6049],[-73.8884,40.6049],[-73.8884,40.605],[-73.8883,40.605],[-73.8883,40.605],[-73.8882,40.605],[-73.8882,40.605],[-73.8881,40.6051],[-73.8881,40.6051],[-73.888,40.6051],[-73.8878,40.6052],[-73.8877,40.6053],[-73.8876,40.6053],[-73.8873,40.6053],[-73.8872,40.6053],[-73.887,40.6053],[-73.8869,40.6053],[-73.8868,40.6053],[-73.8867,40.6053],[-73.8865,40.6052],[-73.8863,40.6052],[-73.8862,40.6052],[-73.8861,40.6052],[-73.8859,40.6052],[-73.8857,40.6052],[-73.8855,40.6051],[-73.8851,40.6052],[-73.885,40.6052],[-73.8849,40.6051],[-73.8848,40.6051],[-73.8847,40.6052],[-73.8846,40.6052],[-73.8846,40.6053],[-73.8846,40.6053],[-73.8845,40.6053],[-73.8845,40.6053],[-73.8845,40.6054],[-73.884,40.6056],[-73.8827,40.6042],[-73.8829,40.6035],[-73.8834,40.6029],[-73.8833,40.6026],[-73.8832,40.6023],[-73.883,40.6021],[-73.8828,40.6018],[-73.8828,40.6018],[-73.8827,40.6017],[-73.8827,40.6016],[-73.8827,40.6015],[-73.8827,40.6014],[-73.8826,40.6012],[-73.8826,40.601],[-73.8825,40.6009],[-73.8824,40.6007],[-73.8823,40.6005],[-73.8823,40.6004],[-73.8823,40.6003],[-73.8823,40.6002],[-73.8822,40.6001],[-73.8822,40.6],[-73.8821,40.5999],[-73.882,40.5998],[-73.882,40.5997],[-73.882,40.5996],[-73.882,40.5996],[-73.8819,40.5995],[-73.8819,40.5994],[-73.8818,40.5994],[-73.8818,40.5993],[-73.8818,40.5993],[-73.8818,40.5992],[-73.8818,40.5991],[-73.8818,40.5991],[-73.8817,40.599],[-73.8817,40.5989],[-73.8817,40.5988],[-73.8817,40.5987],[-73.8817,40.5984],[-73.8817,40.5981],[-73.8816,40.5978],[-73.8815,40.5975],[-73.8814,40.5972],[-73.8812,40.5969],[-73.881,40.5967],[-73.8809,40.5965],[-73.8808,40.5963],[-73.8808,40.5962],[-73.8808,40.596],[-73.8808,40.5958],[-73.8809,40.5956],[-73.8809,40.5953],[-73.8808,40.595],[-73.8808,40.5946],[-73.8799,40.592],[-73.8794,40.5908],[-73.879,40.5909],[-73.8793,40.5907],[-73.8792,40.5903],[-73.879,40.59],[-73.879,40.5899],[-73.8791,40.5896],[-73.8791,40.5891],[-73.879,40.5888],[-73.8789,40.5884],[-73.8788,40.588],[-73.8786,40.5876],[-73.8784,40.5872],[-73.8782,40.5869],[-73.878,40.5866],[-73.8779,40.5866],[-73.8779,40.5865],[-73.8767,40.5849],[-73.8817,40.5796],[-73.8817,40.5792],[-73.8821,40.5792],[-73.8825,40.5792],[-73.8828,40.5791],[-73.883,40.5791],[-73.8832,40.579],[-73.8835,40.5789],[-73.8838,40.5788],[-73.8841,40.5787],[-73.8844,40.5786],[-73.8847,40.5785],[-73.8849,40.5785],[-73.8851,40.5785],[-73.8853,40.5785],[-73.8854,40.5785],[-73.8855,40.5784],[-73.8856,40.5784],[-73.8856,40.5784],[-73.8856,40.5784],[-73.8857,40.5784],[-73.8857,40.5784],[-73.8857,40.5784],[-73.8857,40.5784],[-73.8858,40.5783],[-73.8861,40.5783],[-73.8863,40.5782],[-73.8865,40.5782],[-73.8867,40.5782],[-73.8868,40.5782],[-73.887,40.5782],[-73.8871,40.5781],[-73.8873,40.5781],[-73.8874,40.5781],[-73.8876,40.5781],[-73.8877,40.5781],[-73.888,40.5781],[-73.8882,40.5781],[-73.8884,40.5781],[-73.8886,40.5781],[-73.8888,40.5781],[-73.889,40.5781],[-73.8891,40.578],[-73.8892,40.5779],[-73.8894,40.5778],[-73.8895,40.5778],[-73.8898,40.5778],[-73.89,40.5778],[-73.8902,40.5778],[-73.891,40.5779],[-73.8912,40.5779],[-73.8913,40.5778],[-73.8914,40.5778],[-73.8915,40.5777],[-73.8917,40.5776],[-73.8921,40.5775],[-73.8924,40.5774],[-73.8928,40.5773],[-73.8931,40.5773],[-73.8935,40.5772],[-73.8939,40.5771],[-73.8942,40.577],[-73.8944,40.5769],[-73.8947,40.5768],[-73.8949,40.5768],[-73.8952,40.5768],[-73.8954,40.5768],[-73.8956,40.577],[-73.8957,40.5774],[-73.8959,40.5778],[-73.896,40.5782],[-73.8963,40.5786],[-73.8965,40.579],[-73.8967,40.5791],[-73.8968,40.5793],[-73.8969,40.5795],[-73.897,40.5797],[-73.8971,40.5799],[-73.8971,40.5801],[-73.8971,40.5804],[-73.8971,40.5806],[-73.897,40.5808],[-73.8969,40.581],[-73.8968,40.5812],[-73.8965,40.5819],[-73.8965,40.5821],[-73.8965,40.5824],[-73.8965,40.5826],[-73.8965,40.5829],[-73.8966,40.5831],[-73.8969,40.5837],[-73.897,40.5837],[-73.897,40.5838],[-73.897,40.5839],[-73.897,40.5839],[-73.8972,40.5842],[-73.8974,40.5845],[-73.8977,40.5847],[-73.898,40.585],[-73.8981,40.5852],[-73.8981,40.5852],[-73.8981,40.5852],[-73.8981,40.5853],[-73.8981,40.5854],[-73.898,40.5856],[-73.8979,40.5858],[-73.8979,40.586],[-73.898,40.5861],[-73.8981,40.5863],[-73.8983,40.5865],[-73.8983,40.5866],[-73.8982,40.5866],[-73.8982,40.5867],[-73.8983,40.5868],[-73.8984,40.5869],[-73.8985,40.5871],[-73.8986,40.5873],[-73.8988,40.5874],[-73.8989,40.5875],[-73.899,40.5876],[-73.899,40.5877],[-73.8991,40.5877],[-73.8992,40.5877],[-73.8993,40.5878],[-73.8994,40.5879],[-73.8995,40.588],[-73.8996,40.588],[-73.8998,40.588],[-73.9,40.588],[-73.9001,40.5881],[-73.9002,40.5881],[-73.9003,40.5881],[-73.9004,40.5881],[-73.9006,40.5881],[-73.9007,40.5881],[-73.9008,40.5881],[-73.9009,40.588],[-73.901,40.588],[-73.9011,40.588],[-73.9012,40.5879],[-73.9013,40.5879],[-73.9013,40.5879],[-73.9014,40.5878],[-73.9016,40.5877],[-73.9016,40.5876],[-73.9017,40.5876],[-73.9018,40.5875],[-73.9018,40.5875],[-73.9019,40.5875],[-73.9019,40.5875],[-73.902,40.5875],[-73.902,40.5874],[-73.902,40.5874],[-73.9021,40.5874],[-73.9021,40.5874],[-73.9021,40.5873],[-73.9022,40.5874],[-73.9023,40.5873],[-73.9023,40.5874],[-73.9025,40.5874],[-73.9026,40.5874],[-73.9027,40.5874],[-73.9028,40.5874],[-73.9029,40.5874],[-73.903,40.5873],[-73.903,40.5873],[-73.9032,40.5873],[-73.9033,40.5873],[-73.9033,40.5873],[-73.9034,40.5872],[-73.9035,40.5872],[-73.9035,40.5872],[-73.9036,40.5872],[-73.9036,40.5871],[-73.9036,40.5871],[-73.9037,40.587],[-73.9038,40.587],[-73.904,40.587],[-73.9041,40.587],[-73.9042,40.587],[-73.9042,40.587],[-73.9042,40.5869],[-73.9042,40.5869],[-73.9042,40.5869],[-73.9043,40.5869],[-73.9043,40.5869],[-73.9043,40.5869],[-73.9044,40.587],[-73.9051,40.5872],[-73.9052,40.5872],[-73.9059,40.5875],[-73.9059,40.5875],[-73.9059,40.5875],[-73.9059,40.5875],[-73.9059,40.5876],[-73.9058,40.5876],[-73.9058,40.5876],[-73.9058,40.5877],[-73.9059,40.5879],[-73.9061,40.588],[-73.9063,40.588],[-73.9064,40.588],[-73.9066,40.588],[-73.9067,40.588],[-73.9069,40.5879],[-73.907,40.5878],[-73.9071,40.5877],[-73.9071,40.5875],[-73.9071,40.5875],[-73.907,40.5874],[-73.9069,40.5874],[-73.9068,40.5874],[-73.9068,40.5874],[-73.9067,40.5874],[-73.9066,40.5874],[-73.9065,40.5874],[-73.9065,40.5873],[-73.9065,40.5873],[-73.9063,40.5872],[-73.9064,40.5871],[-73.9064,40.5871],[-73.9064,40.5871],[-73.9064,40.587],[-73.9067,40.587],[-73.9071,40.587],[-73.9075,40.5869],[-73.9078,40.5869],[-73.9081,40.5868],[-73.9085,40.5867],[-73.9089,40.5865],[-73.9091,40.5865],[-73.9095,40.5863],[-73.9099,40.5862],[-73.9102,40.5861],[-73.9104,40.5861],[-73.9107,40.586],[-73.9109,40.5859],[-73.9111,40.586],[-73.9112,40.586],[-73.9114,40.586],[-73.9116,40.5861],[-73.9117,40.5862],[-73.9118,40.5863],[-73.9119,40.5864],[-73.912,40.5867],[-73.9119,40.5869],[-73.9119,40.587],[-73.9119,40.587],[-73.9119,40.5871],[-73.9119,40.587],[-73.9118,40.587],[-73.9118,40.587],[-73.9118,40.587],[-73.9118,40.587],[-73.9117,40.587],[-73.9116,40.5871],[-73.9116,40.5872],[-73.9116,40.5872],[-73.9116,40.5872],[-73.9116,40.5873],[-73.9116,40.5873],[-73.9116,40.5874],[-73.9117,40.5875],[-73.9117,40.5877],[-73.9118,40.5878],[-73.9118,40.588],[-73.9119,40.5881],[-73.9119,40.5882],[-73.9119,40.5884],[-73.9119,40.5885],[-73.9119,40.5887],[-73.9119,40.5888],[-73.9119,40.5888],[-73.9119,40.5888],[-73.9119,40.5888],[-73.9119,40.5889],[-73.9119,40.5889],[-73.9118,40.5889],[-73.9118,40.589],[-73.9118,40.5891],[-73.9117,40.5892],[-73.9117,40.5893],[-73.9117,40.5893],[-73.9117,40.5893],[-73.9117,40.5893],[-73.9117,40.5893],[-73.9117,40.5894],[-73.9117,40.5895],[-73.9117,40.5896],[-73.9117,40.5896],[-73.9117,40.5896],[-73.9117,40.5896],[-73.9117,40.5896],[-73.9117,40.5897],[-73.9117,40.5898],[-73.9117,40.5898],[-73.9117,40.5899],[-73.9117,40.5899],[-73.9117,40.5899],[-73.9117,40.5899],[-73.9117,40.5899],[-73.9117,40.5899],[-73.9117,40.59],[-73.9117,40.59],[-73.9117,40.59],[-73.9117,40.59],[-73.9117,40.5901],[-73.9116,40.5901],[-73.9116,40.5901],[-73.9116,40.5902],[-73.9116,40.5902],[-73.9116,40.5902],[-73.9116,40.5903],[-73.9116,40.5903],[-73.9116,40.5905],[-73.9116,40.5905],[-73.9116,40.5906],[-73.9116,40.5906],[-73.9116,40.5906],[-73.9116,40.5906],[-73.9116,40.5907],[-73.9116,40.5907],[-73.9116,40.5907],[-73.9115,40.5908],[-73.9115,40.5908],[-73.9115,40.5909],[-73.9115,40.5911],[-73.9115,40.5912],[-73.9115,40.5912],[-73.9115,40.5913],[-73.9116,40.5914],[-73.9116,40.5914],[-73.9116,40.5914],[-73.9116,40.5915],[-73.9116,40.5915],[-73.9116,40.5916],[-73.9117,40.5916],[-73.9117,40.5917],[-73.9117,40.5917],[-73.9117,40.5918],[-73.9117,40.5918],[-73.9117,40.5919],[-73.9117,40.5919],[-73.9117,40.5919],[-73.9117,40.592],[-73.9117,40.592],[-73.9117,40.592],[-73.9117,40.5921],[-73.9117,40.5921],[-73.9117,40.5922],[-73.9118,40.5923],[-73.9118,40.5923],[-73.9118,40.5923],[-73.9118,40.5923],[-73.9118,40.5923],[-73.9118,40.5923],[-73.9118,40.5923],[-73.9118,40.5924],[-73.9119,40.5924],[-73.9119,40.5924],[-73.9119,40.5924],[-73.9119,40.5924],[-73.9119,40.5924],[-73.9119,40.5924],[-73.9119,40.5924],[-73.9119,40.5924],[-73.9119,40.5924],[-73.9119,40.5925],[-73.9119,40.5925],[-73.9119,40.5925],[-73.9119,40.5925],[-73.9119,40.5926],[-73.9119,40.5926],[-73.9119,40.5926],[-73.9119,40.5927],[-73.9119,40.5927],[-73.9119,40.5927],[-73.9119,40.5927],[-73.9119,40.5928],[-73.9119,40.5929],[-73.9119,40.5929],[-73.9119,40.5929],[-73.9119,40.5929],[-73.912,40.593],[-73.912,40.593],[-73.912,40.593],[-73.912,40.593],[-73.912,40.593],[-73.912,40.593],[-73.912,40.593],[-73.912,40.5931],[-73.912,40.5931],[-73.912,40.5931],[-73.912,40.5931],[-73.912,40.5931],[-73.912,40.5932],[-73.912,40.5932],[-73.912,40.5932],[-73.912,40.5932],[-73.912,40.5932],[-73.912,40.5932],[-73.912,40.5933],[-73.912,40.5933],[-73.912,40.5933],[-73.912,40.5933],[-73.912,40.5934],[-73.912,40.5934],[-73.912,40.5934],[-73.912,40.5934],[-73.912,40.5934],[-73.912,40.5935],[-73.912,40.5935],[-73.912,40.5935],[-73.912,40.5935],[-73.912,40.5936],[-73.912,40.5936],[-73.912,40.5936],[-73.912,40.5937],[-73.912,40.5937],[-73.912,40.5937],[-73.9121,40.5938],[-73.9121,40.5938],[-73.9121,40.5939],[-73.9121,40.5939],[-73.9121,40.594],[-73.912,40.594],[-73.912,40.594],[-73.912,40.594],[-73.912,40.5941],[-73.912,40.5941],[-73.912,40.5941],[-73.912,40.5942],[-73.912,40.5942],[-73.912,40.5942],[-73.912,40.5942],[-73.912,40.5942],[-73.912,40.5942],[-73.912,40.5942],[-73.912,40.5943],[-73.912,40.5943],[-73.912,40.5943],[-73.912,40.5943],[-73.912,40.5944],[-73.912,40.5944],[-73.912,40.5945],[-73.912,40.5945],[-73.912,40.5945],[-73.9121,40.5946],[-73.9121,40.5946],[-73.9121,40.5946],[-73.9121,40.5946],[-73.9121,40.5946],[-73.9121,40.5946],[-73.9122,40.5947],[-73.9122,40.5947],[-73.9122,40.5947],[-73.9122,40.5948],[-73.9122,40.5948],[-73.9122,40.5948],[-73.9122,40.5949],[-73.9123,40.5949],[-73.9123,40.595],[-73.9123,40.595],[-73.9123,40.595],[-73.9123,40.595],[-73.9123,40.595],[-73.9123,40.5951],[-73.9124,40.5951],[-73.9124,40.5951],[-73.9124,40.5951],[-73.9124,40.5952],[-73.9124,40.5952],[-73.9124,40.5952],[-73.9124,40.5952],[-73.9124,40.5952],[-73.9124,40.5952],[-73.9124,40.5952],[-73.9124,40.5952],[-73.9124,40.5953],[-73.9124,40.5953],[-73.9124,40.5953],[-73.9124,40.5953],[-73.9125,40.5954],[-73.9125,40.5954],[-73.9125,40.5954],[-73.9125,40.5954],[-73.9125,40.5955],[-73.9125,40.5955],[-73.9126,40.5955],[-73.9126,40.5955],[-73.9126,40.5956],[-73.9126,40.5956],[-73.9127,40.5957],[-73.9127,40.5957],[-73.9128,40.5957],[-73.9128,40.5957],[-73.9128,40.5958],[-73.9128,40.5958],[-73.9128,40.5958],[-73.9129,40.5958],[-73.9129,40.5958],[-73.9129,40.5958],[-73.9129,40.5959],[-73.9129,40.5959],[-73.9129,40.5959],[-73.913,40.5959],[-73.913,40.5959],[-73.913,40.5959],[-73.913,40.5959],[-73.913,40.596],[-73.913,40.596],[-73.913,40.596],[-73.913,40.596],[-73.9131,40.596],[-73.9131,40.596],[-73.9131,40.596],[-73.9131,40.5961],[-73.9131,40.5961],[-73.9131,40.5961],[-73.9131,40.5961],[-73.9132,40.5961],[-73.9132,40.5961],[-73.9132,40.5962],[-73.9132,40.5962],[-73.9132,40.5962],[-73.9132,40.5962],[-73.9132,40.5962],[-73.9132,40.5962],[-73.9132,40.5962],[-73.9132,40.5963],[-73.9132,40.5963],[-73.9132,40.5963],[-73.9133,40.5963],[-73.9133,40.5963],[-73.9133,40.5963],[-73.9133,40.5964],[-73.9133,40.5964],[-73.9133,40.5964],[-73.9133,40.5965],[-73.9133,40.5965],[-73.9133,40.5965],[-73.9133,40.5965],[-73.9133,40.5965],[-73.9133,40.5965],[-73.9133,40.5965],[-73.9134,40.5966],[-73.9134,40.5966],[-73.9134,40.5966],[-73.9134,40.5966],[-73.9134,40.5967],[-73.9134,40.5967],[-73.9134,40.5967],[-73.9134,40.5967],[-73.9134,40.5967],[-73.9134,40.5968],[-73.9135,40.5968],[-73.9135,40.5968],[-73.9135,40.5968],[-73.9135,40.5968],[-73.9135,40.5969],[-73.9136,40.5969],[-73.9136,40.5969],[-73.9136,40.5969],[-73.9136,40.5969],[-73.9136,40.5969],[-73.9136,40.5969],[-73.9136,40.597],[-73.9136,40.597],[-73.9137,40.597],[-73.9137,40.597],[-73.9137,40.597],[-73.9137,40.5971],[-73.9136,40.5971],[-73.9136,40.5971],[-73.9137,40.5971],[-73.9137,40.5971],[-73.9137,40.5971],[-73.9137,40.5971],[-73.9138,40.5971],[-73.9139,40.5971],[-73.9139,40.5971],[-73.9139,40.5972],[-73.9139,40.5972],[-73.9139,40.5972],[-73.9139,40.5972],[-73.9139,40.5972],[-73.9139,40.5972],[-73.914,40.5972],[-73.914,40.5972],[-73.914,40.5972],[-73.9141,40.5972],[-73.9141,40.5973],[-73.9141,40.5973],[-73.9142,40.5973],[-73.9142,40.5974],[-73.9142,40.5974],[-73.9142,40.5974],[-73.9142,40.5974],[-73.9142,40.5975],[-73.9142,40.5975],[-73.9142,40.5975],[-73.9142,40.5975],[-73.9142,40.5975],[-73.9142,40.5975],[-73.9142,40.5975],[-73.9142,40.5975],[-73.9143,40.5975],[-73.9143,40.5975],[-73.9143,40.5975],[-73.9143,40.5976],[-73.9144,40.5976],[-73.9144,40.5976],[-73.9144,40.5976],[-73.9144,40.5976],[-73.9144,40.5976],[-73.9144,40.5976],[-73.9144,40.5976],[-73.9144,40.5976],[-73.9144,40.5977],[-73.9144,40.5977],[-73.9144,40.5977],[-73.9144,40.5977],[-73.9144,40.5977],[-73.9144,40.5977],[-73.9144,40.5977],[-73.9144,40.5978],[-73.9144,40.5978],[-73.9144,40.5978],[-73.9144,40.5978],[-73.9144,40.5978],[-73.9144,40.5978],[-73.9144,40.5978],[-73.9144,40.5978],[-73.9145,40.5979],[-73.9145,40.5979],[-73.9145,40.5979],[-73.9145,40.5979],[-73.9145,40.5979],[-73.9145,40.5979],[-73.9145,40.598],[-73.9145,40.598],[-73.9145,40.598],[-73.9145,40.598],[-73.9145,40.598],[-73.9146,40.598],[-73.9146,40.598],[-73.9146,40.598],[-73.9146,40.598],[-73.9146,40.598],[-73.9146,40.5981],[-73.9146,40.5981],[-73.9147,40.5981],[-73.9147,40.5982],[-73.9147,40.5982],[-73.9147,40.5982],[-73.9147,40.5982],[-73.9147,40.5982],[-73.9147,40.5982],[-73.9148,40.5982],[-73.9148,40.5982],[-73.9148,40.5982],[-73.9148,40.5982],[-73.9148,40.5982],[-73.9148,40.5982],[-73.9148,40.5982],[-73.9149,40.5982],[-73.9149,40.5982],[-73.9149,40.5983],[-73.9149,40.5983],[-73.9149,40.5983],[-73.9149,40.5983],[-73.9149,40.5983],[-73.9149,40.5983],[-73.9149,40.5983],[-73.9149,40.5984],[-73.9149,40.5984],[-73.9149,40.5984],[-73.915,40.5985],[-73.915,40.5985],[-73.915,40.5985],[-73.915,40.5986],[-73.915,40.5986],[-73.9151,40.5986],[-73.9151,40.5986],[-73.9151,40.5986],[-73.9151,40.5987],[-73.9151,40.5987],[-73.9151,40.5987],[-73.9151,40.5988],[-73.9151,40.5988],[-73.9151,40.5988],[-73.9151,40.5988],[-73.9152,40.5988],[-73.9152,40.5988],[-73.9152,40.5988],[-73.9152,40.5988],[-73.9152,40.5988],[-73.9152,40.5988],[-73.9153,40.5989],[-73.9153,40.5989],[-73.9153,40.5989],[-73.9153,40.5989],[-73.9153,40.5989],[-73.9153,40.5989],[-73.9153,40.5989],[-73.9153,40.5989],[-73.9154,40.5989],[-73.9154,40.5989],[-73.9154,40.5989],[-73.9154,40.599],[-73.9155,40.5991],[-73.9156,40.5992],[-73.9157,40.5992],[-73.9158,40.5992],[-73.9158,40.5993],[-73.9159,40.5993],[-73.9159,40.5993],[-73.916,40.5994],[-73.9161,40.5994],[-73.9162,40.5995],[-73.9163,40.5995],[-73.9163,40.5995],[-73.9163,40.5995],[-73.9164,40.5995],[-73.9164,40.5995],[-73.9164,40.5995],[-73.9165,40.5995],[-73.9165,40.5995],[-73.9165,40.5996],[-73.9166,40.5995],[-73.9166,40.5996],[-73.9166,40.5996],[-73.9167,40.5996],[-73.9167,40.5996],[-73.9167,40.5996],[-73.9167,40.5996],[-73.9168,40.5997],[-73.9168,40.5997],[-73.9169,40.5997],[-73.9169,40.5997],[-73.9169,40.5998],[-73.9169,40.5998],[-73.9169,40.5998],[-73.9169,40.5998],[-73.9169,40.5998],[-73.917,40.5998],[-73.917,40.5998],[-73.9171,40.5998],[-73.9171,40.5999],[-73.9172,40.5999],[-73.9172,40.5999],[-73.9172,40.5999],[-73.9172,40.5999],[-73.9172,40.5999],[-73.9172,40.5999],[-73.9173,40.5999],[-73.9173,40.5999],[-73.9173,40.5999],[-73.9173,40.5999],[-73.9173,40.5999],[-73.9174,40.6],[-73.9175,40.6],[-73.9176,40.6],[-73.9176,40.6001],[-73.9177,40.6001],[-73.9177,40.6001],[-73.9177,40.6002],[-73.9177,40.6002],[-73.9177,40.6002],[-73.9178,40.6003],[-73.9178,40.6004],[-73.9178,40.6004],[-73.9179,40.6004],[-73.9179,40.6004],[-73.9179,40.6004],[-73.918,40.6004],[-73.918,40.6004],[-73.918,40.6004],[-73.9181,40.6004],[-73.9181,40.6004],[-73.9181,40.6004],[-73.9181,40.6005],[-73.9181,40.6005],[-73.9181,40.6005],[-73.9182,40.6005],[-73.9182,40.6005],[-73.9183,40.6006],[-73.9183,40.6006],[-73.9184,40.6007],[-73.9185,40.6007],[-73.9185,40.6008],[-73.9186,40.6008],[-73.9186,40.6008],[-73.9186,40.6008],[-73.9187,40.6008],[-73.9188,40.6008],[-73.9188,40.6008],[-73.9188,40.6008],[-73.9189,40.6009],[-73.9189,40.6009],[-73.919,40.6009],[-73.919,40.6009],[-73.9191,40.6009],[-73.9191,40.6009],[-73.9191,40.6009],[-73.9192,40.6009],[-73.9192,40.6009],[-73.9192,40.6009],[-73.9191,40.6009],[-73.9191,40.601],[-73.9191,40.601],[-73.9192,40.601],[-73.9192,40.601],[-73.9193,40.601],[-73.9193,40.601],[-73.9193,40.601],[-73.9193,40.6009],[-73.9193,40.6009],[-73.9194,40.6009],[-73.9193,40.6009],[-73.9193,40.6009],[-73.9193,40.6009],[-73.9193,40.6009],[-73.9194,40.6009],[-73.9194,40.6009],[-73.9195,40.601],[-73.9195,40.601],[-73.9195,40.601],[-73.9196,40.601],[-73.9197,40.601],[-73.9197,40.601],[-73.9197,40.601],[-73.9198,40.601],[-73.9198,40.601],[-73.9198,40.601],[-73.9198,40.601],[-73.9198,40.6011],[-73.9198,40.6011],[-73.9199,40.601],[-73.9199,40.601],[-73.9199,40.601],[-73.9199,40.6011],[-73.92,40.6011],[-73.92,40.6011],[-73.9201,40.6011],[-73.9201,40.6011],[-73.9201,40.6011],[-73.9202,40.6011],[-73.9202,40.6011],[-73.9202,40.6011],[-73.9201,40.6011],[-73.9201,40.6012],[-73.9201,40.6012],[-73.9201,40.6012],[-73.9202,40.6013],[-73.9202,40.6013],[-73.9203,40.6013],[-73.9203,40.6013],[-73.9203,40.6013],[-73.9204,40.6013],[-73.9204,40.6013],[-73.9204,40.6013],[-73.9205,40.6013],[-73.9205,40.6013],[-73.9205,40.6013],[-73.9206,40.6014],[-73.9206,40.6014],[-73.9207,40.6014],[-73.9207,40.6014],[-73.9207,40.6015],[-73.9207,40.6015],[-73.9207,40.6015],[-73.9208,40.6015],[-73.9208,40.6015],[-73.9208,40.6015],[-73.9209,40.6015],[-73.9209,40.6015],[-73.921,40.6015],[-73.921,40.6016],[-73.921,40.6016],[-73.921,40.6016],[-73.921,40.6016],[-73.9211,40.6016],[-73.9211,40.6017],[-73.9211,40.6017],[-73.9212,40.6017],[-73.9212,40.6016],[-73.9212,40.6016],[-73.9213,40.6017],[-73.9213,40.6017],[-73.9213,40.6017],[-73.9213,40.6017],[-73.9214,40.6017],[-73.9214,40.6017],[-73.9214,40.6017],[-73.9214,40.6018],[-73.9214,40.6018],[-73.9214,40.6018],[-73.9214,40.6018],[-73.9215,40.6019],[-73.9215,40.6019],[-73.9215,40.6019],[-73.9215,40.6019],[-73.9215,40.6019],[-73.9215,40.6019],[-73.9216,40.6018],[-73.9216,40.6018],[-73.9216,40.6018],[-73.9217,40.6018],[-73.9217,40.6018],[-73.9217,40.6018],[-73.9217,40.6018],[-73.9217,40.6018],[-73.9218,40.6018],[-73.9218,40.6018],[-73.9218,40.6018],[-73.9219,40.6018],[-73.9219,40.6017],[-73.9219,40.6017],[-73.922,40.6017],[-73.922,40.6017],[-73.922,40.6017],[-73.922,40.6018],[-73.922,40.6018],[-73.922,40.6018],[-73.922,40.6018],[-73.9221,40.6018],[-73.9221,40.6017],[-73.9221,40.6017],[-73.9221,40.6017],[-73.9222,40.6018],[-73.9222,40.6018],[-73.9223,40.6017],[-73.9223,40.6017],[-73.9223,40.6017],[-73.9223,40.6017],[-73.9223,40.6017],[-73.9224,40.6017],[-73.9224,40.6017],[-73.9225,40.6017],[-73.9224,40.6016],[-73.9224,40.6016],[-73.9224,40.6016],[-73.9224,40.6016],[-73.9224,40.6016],[-73.9225,40.6016],[-73.9225,40.6016],[-73.9225,40.6016],[-73.9226,40.6016],[-73.9226,40.6016],[-73.9226,40.6016],[-73.9226,40.6016],[-73.9226,40.6016],[-73.9227,40.6016],[-73.9227,40.6016],[-73.9227,40.6015],[-73.9228,40.6015],[-73.9229,40.6014],[-73.923,40.6014],[-73.923,40.6013],[-73.923,40.6013],[-73.923,40.6012],[-73.923,40.6012],[-73.9231,40.6012],[-73.9231,40.6012],[-73.9231,40.6012],[-73.9231,40.6012],[-73.9231,40.6012],[-73.9232,40.6012],[-73.9232,40.6011],[-73.9232,40.6011],[-73.9232,40.6011],[-73.9232,40.6011],[-73.9232,40.6011],[-73.9232,40.6011],[-73.9232,40.6011],[-73.9233,40.601],[-73.9233,40.601],[-73.9233,40.601],[-73.9233,40.601],[-73.9233,40.601],[-73.9233,40.6009],[-73.9234,40.6009],[-73.9234,40.6009],[-73.9234,40.6009],[-73.9233,40.6009],[-73.9233,40.6009],[-73.9233,40.6009],[-73.9233,40.6008],[-73.9233,40.6008],[-73.9234,40.6008],[-73.9234,40.6008],[-73.9234,40.6007],[-73.9234,40.6007],[-73.9234,40.6007],[-73.9234,40.6007],[-73.9234,40.6007],[-73.9234,40.6006],[-73.9234,40.6006],[-73.9235,40.6006],[-73.9235,40.6006],[-73.9235,40.6006],[-73.9235,40.6006],[-73.9236,40.6006],[-73.9236,40.6006],[-73.9236,40.6005],[-73.9236,40.6005],[-73.9236,40.6005],[-73.9236,40.6004],[-73.9236,40.6004],[-73.9236,40.6004],[-73.9236,40.6004],[-73.9236,40.6003],[-73.9237,40.6003],[-73.9237,40.6003],[-73.9237,40.6003],[-73.9237,40.6002],[-73.9237,40.6002],[-73.9238,40.6002],[-73.9238,40.6002],[-73.9238,40.6001],[-73.9239,40.6],[-73.9239,40.6],[-73.9239,40.6],[-73.9239,40.5999],[-73.9239,40.5999],[-73.9239,40.5999],[-73.9239,40.5999],[-73.9239,40.5999],[-73.9239,40.5998],[-73.9239,40.5998],[-73.924,40.5998],[-73.924,40.5998],[-73.924,40.5997],[-73.924,40.5997],[-73.9241,40.5997],[-73.9241,40.5997],[-73.9241,40.5997],[-73.9242,40.5996],[-73.9242,40.5996],[-73.9242,40.5996],[-73.9243,40.5997],[-73.9243,40.5997],[-73.9243,40.5997],[-73.9243,40.5997],[-73.9243,40.5997],[-73.9243,40.5997],[-73.9244,40.5997],[-73.9244,40.5997],[-73.9244,40.5997],[-73.9244,40.5997],[-73.9245,40.5997],[-73.9245,40.5997],[-73.9246,40.5997],[-73.9246,40.5997],[-73.9246,40.5998],[-73.9246,40.5998],[-73.9246,40.5998],[-73.9247,40.5998],[-73.9247,40.5998],[-73.9247,40.5998],[-73.9248,40.5998],[-73.9248,40.5998],[-73.9248,40.5998],[-73.9249,40.5998],[-73.9249,40.5998],[-73.925,40.5999],[-73.925,40.5999],[-73.9251,40.5999],[-73.9251,40.6],[-73.9252,40.6],[-73.9252,40.6001],[-73.9253,40.6001],[-73.9253,40.6001],[-73.9254,40.6002],[-73.9256,40.6002],[-73.9257,40.6003],[-73.9258,40.6004],[-73.9258,40.6004],[-73.9258,40.6005],[-73.9258,40.6005],[-73.9259,40.6005],[-73.9259,40.6005],[-73.926,40.6005],[-73.9261,40.6006],[-73.9262,40.6006],[-73.9262,40.6006],[-73.9263,40.6006],[-73.9263,40.6006],[-73.9263,40.6006],[-73.9263,40.6007],[-73.9264,40.6007],[-73.9264,40.6007],[-73.9265,40.6008],[-73.9266,40.6009],[-73.9267,40.6009],[-73.9267,40.601],[-73.9268,40.601],[-73.9268,40.6011],[-73.9269,40.6011],[-73.9269,40.6011],[-73.927,40.6012],[-73.9271,40.6012],[-73.9272,40.6012],[-73.9272,40.6012],[-73.9272,40.6013],[-73.9273,40.6013],[-73.9273,40.6014],[-73.9274,40.6014],[-73.9274,40.6015],[-73.9274,40.6015],[-73.9275,40.6015],[-73.9275,40.6016],[-73.9276,40.6016],[-73.9276,40.6016],[-73.9277,40.6017],[-73.9279,40.6018],[-73.928,40.6019],[-73.928,40.6019],[-73.928,40.6019],[-73.9281,40.6019],[-73.9281,40.6019],[-73.9281,40.602],[-73.9281,40.602],[-73.9282,40.602],[-73.9282,40.602],[-73.9282,40.602],[-73.9282,40.602],[-73.9282,40.602],[-73.9282,40.602],[-73.9282,40.6021],[-73.9282,40.6021],[-73.9282,40.6021],[-73.9283,40.6021],[-73.9283,40.6022],[-73.9283,40.6022],[-73.9283,40.6022],[-73.9283,40.6022],[-73.9284,40.6022],[-73.9284,40.6022],[-73.9285,40.6022],[-73.9287,40.6022],[-73.9287,40.6022],[-73.9287,40.6022],[-73.9287,40.6022],[-73.9288,40.6022],[-73.9288,40.6022],[-73.9288,40.6022],[-73.9288,40.6022],[-73.9288,40.6022],[-73.9288,40.6022],[-73.9288,40.6023],[-73.9288,40.6023],[-73.9289,40.6024],[-73.9289,40.6024],[-73.9289,40.6025],[-73.9289,40.6025],[-73.9289,40.6025],[-73.929,40.6025],[-73.929,40.6025],[-73.929,40.6025],[-73.9291,40.6026],[-73.9291,40.6026],[-73.9292,40.6026],[-73.9292,40.6026],[-73.9293,40.6026],[-73.9294,40.6027],[-73.9295,40.6027],[-73.9295,40.6027],[-73.9296,40.6028],[-73.9296,40.6028],[-73.9296,40.6029],[-73.9296,40.6029],[-73.9296,40.603],[-73.9296,40.6031],[-73.9296,40.6031],[-73.9296,40.6032],[-73.9296,40.6032],[-73.9295,40.6033],[-73.9295,40.6033],[-73.9294,40.6033],[-73.9294,40.6034],[-73.9294,40.6034],[-73.9293,40.6034],[-73.9293,40.6035],[-73.9293,40.6035],[-73.9292,40.6036],[-73.929,40.6037],[-73.929,40.6037],[-73.929,40.6037],[-73.929,40.6037],[-73.929,40.6038],[-73.9291,40.6038],[-73.9291,40.6038],[-73.9291,40.6038],[-73.9292,40.6038],[-73.9292,40.6039],[-73.9292,40.6039],[-73.9292,40.6039],[-73.9292,40.604],[-73.9293,40.604],[-73.9294,40.604],[-73.9294,40.604],[-73.9295,40.604],[-73.9295,40.6039],[-73.9296,40.6039],[-73.9296,40.6038],[-73.9297,40.6038],[-73.9298,40.6038],[-73.9298,40.6037],[-73.9299,40.6037],[-73.93,40.6038],[-73.9301,40.6038],[-73.9301,40.6039],[-73.9301,40.6039],[-73.9301,40.604],[-73.9301,40.604],[-73.9302,40.604],[-73.9302,40.604],[-73.9303,40.6039],[-73.9303,40.6038],[-73.9304,40.6038],[-73.9304,40.6038],[-73.9305,40.6037],[-73.9306,40.6037],[-73.9307,40.6037],[-73.9307,40.6038],[-73.9308,40.6038],[-73.9309,40.6038],[-73.9309,40.6039],[-73.9309,40.6039],[-73.931,40.6039],[-73.931,40.6039],[-73.9311,40.6039],[-73.9311,40.6039],[-73.9311,40.6039],[-73.9312,40.6038],[-73.9312,40.6038],[-73.9313,40.6037],[-73.9314,40.6036],[-73.9314,40.6036],[-73.9315,40.6035],[-73.9316,40.6034],[-73.9317,40.6033],[-73.9317,40.6032],[-73.9318,40.6032],[-73.9319,40.6032],[-73.932,40.6031],[-73.932,40.6031],[-73.932,40.6029],[-73.9321,40.6028],[-73.9321,40.6027],[-73.9321,40.6027],[-73.932,40.6026],[-73.932,40.6026],[-73.9319,40.6026],[-73.9318,40.6026],[-73.9318,40.6026],[-73.9317,40.6025],[-73.9317,40.6024],[-73.9316,40.6022],[-73.9315,40.6021],[-73.9314,40.6021],[-73.9314,40.602],[-73.9313,40.6019],[-73.9312,40.6018],[-73.9311,40.6017],[-73.931,40.6016],[-73.9309,40.6016],[-73.9308,40.6016],[-73.9307,40.6016],[-73.9307,40.6015],[-73.9306,40.6015],[-73.9306,40.6015],[-73.9306,40.6015],[-73.9306,40.6015],[-73.9305,40.6014],[-73.9303,40.6013],[-73.9303,40.6013],[-73.9303,40.6012],[-73.9303,40.6012],[-73.9303,40.6012],[-73.9302,40.6012],[-73.9302,40.6013],[-73.9302,40.6013],[-73.9301,40.6013],[-73.9301,40.6013],[-73.93,40.6013],[-73.9298,40.6012],[-73.9297,40.6012],[-73.9297,40.6012],[-73.9297,40.6012],[-73.9296,40.6012],[-73.9296,40.6012],[-73.9296,40.6012],[-73.9296,40.6011],[-73.9295,40.6011],[-73.9294,40.601],[-73.9294,40.601],[-73.9293,40.6009],[-73.9293,40.6009],[-73.9294,40.6008],[-73.9294,40.6008],[-73.9293,40.6008],[-73.9293,40.6008],[-73.9293,40.6007],[-73.9293,40.6007],[-73.9294,40.6006],[-73.9294,40.6006],[-73.9293,40.6005],[-73.9292,40.6005],[-73.9291,40.6005],[-73.9291,40.6005],[-73.929,40.6005],[-73.929,40.6005],[-73.9289,40.6005],[-73.9288,40.6004],[-73.9287,40.6004],[-73.9286,40.6004],[-73.9286,40.6004],[-73.9286,40.6004],[-73.9286,40.6006],[-73.9286,40.6006],[-73.9286,40.6006],[-73.9286,40.6006],[-73.9286,40.6006],[-73.9286,40.6006],[-73.9286,40.6006],[-73.9286,40.6006],[-73.9285,40.6006],[-73.9284,40.6005],[-73.9284,40.6005],[-73.9284,40.6005],[-73.9284,40.6004],[-73.9284,40.6004],[-73.9284,40.6004],[-73.9284,40.6003],[-73.9283,40.6003],[-73.9283,40.6003],[-73.9282,40.6004],[-73.9281,40.6004],[-73.9281,40.6003],[-73.9279,40.6003],[-73.9278,40.6003],[-73.9278,40.6003],[-73.9278,40.6002],[-73.9278,40.6002],[-73.9278,40.6002],[-73.9277,40.6002],[-73.9277,40.6001],[-73.9277,40.6002],[-73.9276,40.6002],[-73.9276,40.6001],[-73.9276,40.6001],[-73.9275,40.6001],[-73.9275,40.6001],[-73.9274,40.6],[-73.9273,40.6],[-73.9273,40.5999],[-73.9273,40.5999],[-73.9272,40.5999],[-73.9272,40.5999],[-73.9272,40.5999],[-73.9272,40.5999],[-73.9272,40.5999],[-73.9272,40.5998],[-73.9272,40.5998],[-73.9272,40.5998],[-73.9271,40.5998],[-73.9271,40.5997],[-73.927,40.5997],[-73.927,40.5996],[-73.9269,40.5996],[-73.9269,40.5996],[-73.9269,40.5995],[-73.9268,40.5995],[-73.9268,40.5995],[-73.9267,40.5995],[-73.9267,40.5994],[-73.9266,40.5994],[-73.9265,40.5994],[-73.9265,40.5993],[-73.9265,40.5993],[-73.9264,40.5993],[-73.9264,40.5992],[-73.9264,40.5992],[-73.9264,40.5992],[-73.9263,40.5992],[-73.9263,40.5991],[-73.9263,40.5991],[-73.9263,40.5991],[-73.9262,40.5991],[-73.9262,40.5991],[-73.9262,40.599],[-73.9261,40.599],[-73.926,40.599],[-73.926,40.5989],[-73.9259,40.5989],[-73.9259,40.5989],[-73.9259,40.5988],[-73.9259,40.5988],[-73.9259,40.5988],[-73.9258,40.5988],[-73.9258,40.5988],[-73.9258,40.5987],[-73.9257,40.5987],[-73.9256,40.5986],[-73.9256,40.5986],[-73.9255,40.5985],[-73.9254,40.5985],[-73.9253,40.5985],[-73.9253,40.5984],[-73.9252,40.5984],[-73.9251,40.5983],[-73.925,40.5983],[-73.9249,40.5982],[-73.9249,40.5981],[-73.9248,40.5981],[-73.9248,40.5981],[-73.9248,40.598],[-73.9248,40.598],[-73.9248,40.5979],[-73.9247,40.5979],[-73.9247,40.5979],[-73.9247,40.5979],[-73.9245,40.5978],[-73.9245,40.5977],[-73.9244,40.5977],[-73.9242,40.5975],[-73.9241,40.5975],[-73.9241,40.5974],[-73.924,40.5973],[-73.9239,40.5972],[-73.9239,40.5972],[-73.9238,40.5972],[-73.9237,40.5972],[-73.9237,40.5971],[-73.9237,40.5971],[-73.9236,40.5971],[-73.9236,40.5971],[-73.9236,40.597],[-73.9235,40.5969],[-73.9235,40.5969],[-73.9235,40.5969],[-73.9235,40.5968],[-73.9234,40.5968],[-73.9234,40.5968],[-73.9234,40.5968],[-73.9234,40.5968],[-73.9233,40.5967],[-73.9231,40.5966],[-73.923,40.5965],[-73.9229,40.5965],[-73.9229,40.5964],[-73.9228,40.5964],[-73.9228,40.5963],[-73.9227,40.5963],[-73.9227,40.5962],[-73.9227,40.5962],[-73.9226,40.5962],[-73.9226,40.5962],[-73.9226,40.5961],[-73.9226,40.5961],[-73.9225,40.5961],[-73.9225,40.596],[-73.9225,40.5959],[-73.9225,40.5959],[-73.9225,40.5959],[-73.9224,40.5957],[-73.9223,40.5957],[-73.9223,40.5956],[-73.9223,40.5956],[-73.9223,40.5956],[-73.9222,40.5955],[-73.9222,40.5955],[-73.9222,40.5955],[-73.9222,40.5955],[-73.9222,40.5955],[-73.9222,40.5955],[-73.9222,40.5955],[-73.9222,40.5954],[-73.9222,40.5954],[-73.9222,40.5954],[-73.9222,40.5954],[-73.9221,40.5954],[-73.9221,40.5954],[-73.9221,40.5953],[-73.922,40.5953],[-73.922,40.5953],[-73.922,40.5952],[-73.9219,40.5952],[-73.9219,40.5952],[-73.9219,40.5952],[-73.9219,40.5951],[-73.9219,40.5951],[-73.9219,40.5951],[-73.9219,40.5951],[-73.9218,40.5951],[-73.9218,40.5951],[-73.9218,40.5951],[-73.9218,40.5951],[-73.9218,40.5951],[-73.9218,40.595],[-73.9218,40.595],[-73.9218,40.595],[-73.9218,40.595],[-73.9217,40.595],[-73.9217,40.595],[-73.9217,40.595],[-73.9217,40.595],[-73.9217,40.595],[-73.9217,40.595],[-73.9217,40.595],[-73.9216,40.595],[-73.9216,40.595],[-73.9216,40.595],[-73.9216,40.595],[-73.9216,40.595],[-73.9216,40.595],[-73.9216,40.595],[-73.9215,40.595],[-73.9215,40.5949],[-73.9214,40.5949],[-73.9214,40.5949],[-73.9213,40.5949],[-73.9212,40.5949],[-73.9212,40.5949],[-73.9211,40.5949],[-73.921,40.5949],[-73.921,40.5949],[-73.921,40.5949],[-73.921,40.5949],[-73.9209,40.5949],[-73.9209,40.5949],[-73.9209,40.5949],[-73.9209,40.5949],[-73.9208,40.5949],[-73.9208,40.5949],[-73.9208,40.5949],[-73.9208,40.5948],[-73.9207,40.5948],[-73.9207,40.5948],[-73.9206,40.5948],[-73.9205,40.5948],[-73.9205,40.5948],[-73.9205,40.5948],[-73.9204,40.5948],[-73.9204,40.5948],[-73.9204,40.5947],[-73.9204,40.5947],[-73.9203,40.5947],[-73.9203,40.5947],[-73.9203,40.5947],[-73.9203,40.5947],[-73.9203,40.5947],[-73.9203,40.5947],[-73.9203,40.5946],[-73.9202,40.5946],[-73.9202,40.5946],[-73.9202,40.5946],[-73.9202,40.5945],[-73.9201,40.5945],[-73.9201,40.5945],[-73.9201,40.5945],[-73.9201,40.5945],[-73.92,40.5945],[-73.92,40.5945],[-73.92,40.5944],[-73.92,40.5944],[-73.92,40.5944],[-73.9199,40.5944],[-73.9199,40.5944],[-73.9199,40.5944],[-73.9199,40.5944],[-73.9198,40.5943],[-73.9198,40.5943],[-73.9198,40.5943],[-73.9197,40.5943],[-73.9197,40.5942],[-73.9196,40.5942],[-73.9194,40.594],[-73.9194,40.594],[-73.9194,40.594],[-73.9194,40.594],[-73.9194,40.594],[-73.9194,40.594],[-73.9193,40.5939],[-73.9191,40.5938],[-73.9191,40.5938],[-73.9191,40.5938],[-73.9191,40.5938],[-73.919,40.5938],[-73.919,40.5937],[-73.9189,40.5936],[-73.9189,40.5936],[-73.9188,40.5935],[-73.9188,40.5935],[-73.9188,40.5935],[-73.9187,40.5934],[-73.9187,40.5934],[-73.9187,40.5933],[-73.9187,40.5933],[-73.9186,40.5933],[-73.9186,40.5933],[-73.9185,40.5932],[-73.9184,40.5932],[-73.9184,40.5932],[-73.9183,40.5932],[-73.9183,40.5932],[-73.9182,40.5931],[-73.9182,40.5931],[-73.9182,40.5931],[-73.9182,40.5931],[-73.9181,40.593],[-73.9181,40.593],[-73.918,40.593],[-73.918,40.593],[-73.918,40.5929],[-73.918,40.5929],[-73.9179,40.5929],[-73.9179,40.5928],[-73.9179,40.5928],[-73.9178,40.5927],[-73.9178,40.5926],[-73.9177,40.5926],[-73.9176,40.5925],[-73.9175,40.5924],[-73.9175,40.5923],[-73.9175,40.5923],[-73.9174,40.5923],[-73.9174,40.5923],[-73.9174,40.5922],[-73.9174,40.5921],[-73.9174,40.5921],[-73.9173,40.5921],[-73.9173,40.5921],[-73.9173,40.5921],[-73.9173,40.592],[-73.9173,40.592],[-73.9173,40.592],[-73.9172,40.5919],[-73.9171,40.5919],[-73.917,40.5919],[-73.917,40.5918],[-73.917,40.5918],[-73.9169,40.5918],[-73.9169,40.5917],[-73.9169,40.5917],[-73.9169,40.5917],[-73.917,40.5917],[-73.917,40.5917],[-73.9169,40.5917],[-73.9169,40.5917],[-73.9169,40.5916],[-73.9168,40.5916],[-73.9168,40.5915],[-73.9168,40.5915],[-73.9168,40.5915],[-73.9167,40.5914],[-73.9167,40.5914],[-73.9167,40.5914],[-73.9166,40.5914],[-73.9166,40.5913],[-73.9166,40.5913],[-73.9166,40.5912],[-73.9166,40.5912],[-73.9166,40.5912],[-73.9166,40.5911],[-73.9166,40.5911],[-73.9165,40.5911],[-73.9165,40.5911],[-73.9165,40.5911],[-73.9164,40.5911],[-73.9164,40.5911],[-73.9164,40.5911],[-73.9163,40.591],[-73.9163,40.591],[-73.9163,40.591],[-73.9163,40.591],[-73.9163,40.591],[-73.9162,40.591],[-73.9162,40.5909],[-73.9162,40.5909],[-73.9161,40.5909],[-73.9161,40.5909],[-73.9161,40.5908],[-73.916,40.5908],[-73.916,40.5908],[-73.9159,40.5908],[-73.9159,40.5908],[-73.9159,40.5907],[-73.9158,40.5907],[-73.9158,40.5907],[-73.9157,40.5907],[-73.9157,40.5907],[-73.9157,40.5907],[-73.9157,40.5907],[-73.9157,40.5906],[-73.9156,40.5906],[-73.9155,40.5906],[-73.9155,40.5906],[-73.9155,40.5906],[-73.9155,40.5906],[-73.9155,40.5906],[-73.9155,40.5906],[-73.9154,40.5905],[-73.9154,40.5905],[-73.9154,40.5905],[-73.9154,40.5905],[-73.9153,40.5905],[-73.9153,40.5905],[-73.9153,40.5905],[-73.9152,40.5904],[-73.9151,40.5904],[-73.9151,40.5904],[-73.9151,40.5904],[-73.915,40.5904],[-73.915,40.5903],[-73.915,40.5903],[-73.915,40.5903],[-73.915,40.5903],[-73.9149,40.5903],[-73.9149,40.5902],[-73.9149,40.5902],[-73.9149,40.5902],[-73.9149,40.5902],[-73.9149,40.5902],[-73.9149,40.5901],[-73.9148,40.59],[-73.9147,40.59],[-73.9147,40.5899],[-73.9146,40.59],[-73.9146,40.59],[-73.9145,40.5899],[-73.9146,40.5899],[-73.9146,40.5899],[-73.9146,40.5899],[-73.9145,40.5897],[-73.9146,40.5897],[-73.9146,40.5896],[-73.9146,40.5896],[-73.9146,40.5896],[-73.9146,40.5896],[-73.9146,40.5895],[-73.9146,40.5895],[-73.9146,40.5894],[-73.9146,40.5894],[-73.9146,40.5894],[-73.9146,40.5894],[-73.9146,40.5894],[-73.9146,40.5893],[-73.9146,40.5893],[-73.9146,40.5893],[-73.9146,40.5894],[-73.9145,40.5894],[-73.9145,40.5894],[-73.9145,40.5893],[-73.9144,40.5892],[-73.9144,40.5892],[-73.9143,40.5892],[-73.9143,40.5893],[-73.9143,40.5893],[-73.9142,40.5893],[-73.9142,40.5893],[-73.9142,40.5893],[-73.9142,40.5892],[-73.9142,40.5891],[-73.9143,40.589],[-73.9143,40.589],[-73.9143,40.5889],[-73.9143,40.5889],[-73.9144,40.5888],[-73.9145,40.5888],[-73.9145,40.5888],[-73.9146,40.5887],[-73.9148,40.5886],[-73.915,40.5885],[-73.9153,40.5884],[-73.9156,40.5883],[-73.9159,40.5881],[-73.9161,40.588],[-73.9163,40.5879],[-73.9164,40.5879],[-73.9164,40.5879],[-73.9164,40.5879],[-73.9164,40.5878],[-73.9165,40.5878],[-73.9165,40.5878],[-73.9165,40.5878],[-73.9165,40.5878],[-73.9166,40.5878],[-73.9167,40.5878],[-73.9167,40.5877],[-73.9168,40.5877],[-73.9169,40.5876],[-73.917,40.5876],[-73.9171,40.5875],[-73.9174,40.5874],[-73.9176,40.5872],[-73.9178,40.5871],[-73.9179,40.5869],[-73.918,40.5867],[-73.9182,40.5866],[-73.921,40.5891],[-73.9233,40.5912],[-73.9241,40.5919],[-73.9255,40.5932],[-73.9276,40.5951],[-73.9296,40.5968],[-73.9288,40.5973],[-73.9299,40.5994],[-73.9336,40.6027],[-73.9329,40.6031],[-73.9317,40.6067],[-73.9335,40.6083],[-73.9353,40.6089],[-73.936,40.6095],[-73.9371,40.6088],[-73.9393,40.6102],[-73.943,40.6135],[-73.9443,40.6134],[-73.9448,40.6159],[-73.9448,40.616]]]]}},{"type":"Feature","id":"11235","properties":{"modzcta":"11235"},"geometry":{"type":"MultiPolygon","coordinates":[[[[-73.9305,40.5915],[-73.9304,40.5918],[-73.9304,40.592],[-73.9301,40.592],[-73.9305,40.5915],[-73.9305,40.5915]]],[[[-73.9594,40.5739],[-73.961,40.5751],[-73.9647,40.5748],[-73.9654,40.5748],[-73.9661,40.5748],[-73.9668,40.5748],[-73.9677,40.575],[-73.968,40.575],[-73.9683,40.575],[-73.9685,40.5751],[-73.9689,40.5753],[-73.969,40.5753],[-73.9697,40.5764],[-73.9698,40.5765],[-73.9695,40.5776],[-73.969,40.58],[-73.9679,40.5803],[-73.9676,40.5804],[-73.9673,40.5815],[-73.9676,40.5816],[-73.9703,40.5819],[-73.9706,40.5832],[-73.9684,40.5837],[-73.9676,40.5839],[-73.9669,40.584],[-73.9668,40.584],[-73.9667,40.5842],[-73.9666,40.5846],[-73.9665,40.5851],[-73.9667,40.5851],[-73.9691,40.5849],[-73.9666,40.5859],[-73.9663,40.5859],[-73.9663,40.5866],[-73.9676,40.5865],[-73.9663,40.5874],[-73.966,40.5874],[-73.966,40.5881],[-73.9678,40.5879],[-73.9675,40.5887],[-73.9659,40.5889],[-73.9656,40.5889],[-73.9653,40.5904],[-73.9648,40.5911],[-73.9628,40.5914],[-73.9597,40.5917],[-73.9577,40.5919],[-73.9561,40.5921],[-73.9546,40.5922],[-73.9533,40.5924],[-73.9513,40.5926],[-73.9491,40.5929],[-73.9473,40.5931],[-73.9454,40.5933],[-73.9435,40.5935],[-73.9416,40.5937],[-73.9405,40.5938],[-73.9396,40.5939],[-73.9391,40.594],[-73.9379,40.5941],[-73.9377,40.5941],[-73.9369,40.5942],[-73.9361,40.5943],[-73.9354,40.5944],[-73.9349,40.5944],[-73.9336,40.5946],[-73.9331,40.5949],[-73.9319,40.5948],[-73.9319,40.5947],[-73.9321,40.5948],[-73.9322,40.5949],[-73.9323,40.5949],[-73.9323,40.5949],[-73.9324,40.5949],[-73.9326,40.5949],[-73.9327,40.5949],[-73.9328,40.5948],[-73.9328,40.5947],[-73.9328,40.5946],[-73.9327,40.5942],[-73.9325,40.594],[-73.9323,40.5939],[-73.932,40.5933],[-73.9318,40.593],[-73.9317,40.5928],[-73.9317,40.5927],[-73.9316,40.5926],[-73.9315,40.5925],[-73.9315,40.5923],[-73.9314,40.5922],[-73.9313,40.5922],[-73.9312,40.5921],[-73.9311,40.592],[-73.9313,40.592],[-73.9314,40.5919],[-73.9314,40.5918],[-73.9314,40.5917],[-73.9314,40.5916],[-73.9314,40.5916],[-73.9314,40.5915],[-73.9315,40.5914],[-73.9315,40.5913],[-73.9316,40.5913],[-73.9315,40.5912],[-73.9314,40.5908],[-73.9314,40.5906],[-73.9313,40.5905],[-73.9312,40.5895],[-73.9311,40.5893],[-73.9309,40.5893],[-73.9308,40.5891],[-73.9307,40.5888],[-73.9306,40.5886],[-73.9305,40.5886],[-73.9304,40.5885],[-73.9304,40.5884],[-73.9304,40.5883],[-73.9303,40.5883],[-73.9303,40.5882],[-73.9297,40.5876],[-73.9302,40.5875],[-73.9313,40.5873],[-73.9313,40.5871],[-73.9313,40.587],[-73.9313,40.5869],[-73.931,40.5868],[-73.9305,40.5869],[-73.9296,40.587],[-73.9293,40.5871],[-73.9291,40.5871],[-73.9288,40.5871],[-73.9286,40.5871],[-73.9284,40.587],[-73.9283,40.5869],[-73.9282,40.5868],[-73.9281,40.5867],[-73.9281,40.5866],[-73.9281,40.5864],[-73.9281,40.5864],[-73.9281,40.5862],[-73.9282,40.5861],[-73.9282,40.5859],[-73.9279,40.5859],[-73.9276,40.586],[-73.9274,40.586],[-73.9274,40.586],[-73.9273,40.5859],[-73.9272,40.5858],[-73.9271,40.5858],[-73.9269,40.5857],[-73.9267,40.5855],[-73.9267,40.5855],[-73.9264,40.5853],[-73.9263,40.5852],[-73.9262,40.5852],[-73.926,40.5851],[-73.9268,40.5849],[-73.9276,40.585],[-73.9286,40.5852],[-73.9313,40.5861],[-73.9313,40.5858],[-73.9313,40.5857],[-73.9312,40.5854],[-73.9301,40.5845],[-73.9312,40.5843],[-73.932,40.5841],[-73.9319,40.5831],[-73.9319,40.5831],[-73.932,40.5831],[-73.9323,40.583],[-73.9324,40.583],[-73.9324,40.583],[-73.9325,40.583],[-73.9326,40.5829],[-73.9326,40.5829],[-73.9327,40.5829],[-73.9328,40.5829],[-73.9328,40.583],[-73.9328,40.583],[-73.9329,40.5829],[-73.933,40.5829],[-73.9332,40.583],[-73.9334,40.583],[-73.9335,40.583],[-73.9342,40.583],[-73.9344,40.5831],[-73.9345,40.5832],[-73.9346,40.5831],[-73.9353,40.5832],[-73.9357,40.5833],[-73.9358,40.5833],[-73.9361,40.5833],[-73.9362,40.5833],[-73.9362,40.5833],[-73.9362,40.5833],[-73.9363,40.5832],[-73.9363,40.5832],[-73.9365,40.5832],[-73.9366,40.5832],[-73.937,40.5832],[-73.937,40.5832],[-73.9371,40.5833],[-73.9373,40.5833],[-73.9378,40.5833],[-73.9381,40.5833],[-73.9386,40.5833],[-73.9387,40.5832],[-73.9393,40.5832],[-73.9398,40.5833],[-73.9403,40.5833],[-73.9406,40.5833],[-73.9407,40.5833],[-73.9409,40.5833],[-73.9412,40.5833],[-73.9413,40.5833],[-73.9414,40.5833],[-73.9415,40.5835],[-73.9425,40.5835],[-73.943,40.5835],[-73.9435,40.5835],[-73.9441,40.5835],[-73.9446,40.5835],[-73.9452,40.5835],[-73.9457,40.5835],[-73.9463,40.5836],[-73.9468,40.5836],[-73.9473,40.5835],[-73.9484,40.5835],[-73.9503,40.5833],[-73.9525,40.5831],[-73.9534,40.5827],[-73.9533,40.582],[-73.9523,40.5821],[-73.951,40.5822],[-73.9497,40.5823],[-73.948,40.582],[-73.946,40.5816],[-73.9441,40.5813],[-73.9427,40.581],[-73.9412,40.581],[-73.939,40.5811],[-73.9371,40.5811],[-73.9348,40.5811],[-73.9338,40.5811],[-73.933,40.5811],[-73.9329,40.5811],[-73.9328,40.5812],[-73.9327,40.5813],[-73.9326,40.5813],[-73.9325,40.5812],[-73.9324,40.581],[-73.932,40.5795],[-73.9318,40.5787],[-73.9316,40.5782],[-73.9311,40.5762],[-73.9315,40.5757],[-73.9333,40.5756],[-73.9349,40.5755],[-73.9349,40.5755],[-73.935,40.5752],[-73.9351,40.5755],[-73.9358,40.5757],[-73.9365,40.5759],[-73.9366,40.5758],[-73.9367,40.5756],[-73.9367,40.5754],[-73.9367,40.5754],[-73.9367,40.5754],[-73.9368,40.5754],[-73.9368,40.5755],[-73.9368,40.5756],[-73.9368,40.5756],[-73.9368,40.5756],[-73.9368,40.5756],[-73.9376,40.5755],[-73.9425,40.5754],[-73.9425,40.5754],[-73.9425,40.5754],[-73.9425,40.5754],[-73.9425,40.5755],[-73.9425,40.5755],[-73.9425,40.5755],[-73.9425,40.5755],[-73.9425,40.5755],[-73.9425,40.5756],[-73.9426,40.5756],[-73.9427,40.5756],[-73.9431,40.5757],[-73.9435,40.5757],[-73.9438,40.5758],[-73.9441,40.5758],[-73.9443,40.5758],[-73.9445,40.5758],[-73.9446,40.5757],[-73.9446,40.5757],[-73.9446,40.5753],[-73.9446,40.5753],[-73.9446,40.5752],[-73.9446,40.5752],[-73.9446,40.5752],[-73.9446,40.5752],[-73.9446,40.5752],[-73.9447,40.5754],[-73.9447,40.5755],[-73.9451,40.5756],[-73.9454,40.5756],[-73.9456,40.5756],[-73.9458,40.5755],[-73.946,40.5755],[-73.9461,40.5754],[-73.9462,40.5753],[-73.9462,40.5752],[-73.9462,40.5752],[-73.9459,40.5752],[-73.9459,40.5751],[-73.9467,40.575],[-73.9468,40.575],[-73.9471,40.575],[-73.9487,40.5748],[-73.9494,40.5747],[-73.9499,40.5746],[-73.9502,40.5746],[-73.9505,40.5745],[-73.951,40.5745],[-73.9515,40.5744],[-73.9518,40.5744],[-73.9522,40.5743],[-73.9525,40.5742],[-73.953,40.5742],[-73.9533,40.5743],[-73.9535,40.5743],[-73.9538,40.5743],[-73.9539,40.5742],[-73.954,40.5742],[-73.9541,40.5741],[-73.9541,40.5743],[-73.9544,40.5744],[-73.9551,40.5744],[-73.9562,40.5743],[-73.9564,40.5742],[-73.9563,40.5738],[-73.9564,40.5738],[-73.9566,40.5742],[-73.9579,40.5741],[-73.9587,40.5741],[-73.959,40.5739],[-73.9589,40.5735],[-73.959,40.5735],[-73.9591,40.5739],[-73.9594,40.5739]]]]}},{"type":"Feature","id":"11236","properties":{"modzcta":"11236"},"geometry":{"type":"MultiPolygon","coordinates":[[[[-73.8883,40.6467],[-73.8883,40.6467],[-73.8884,40.6467],[-73.8884,40.6467],[-73.8885,40.6468],[-73.8885,40.6468],[-73.8885,40.6469],[-73.8883,40.6467],[-73.8883,40.6467]]],[[[-73.9191,40.6364],[-73.9192,40.6374],[-73.9193,40.6386],[-73.9195,40.6402],[-73.9195,40.6403],[-73.9196,40.6412],[-73.9202,40.6413],[-73.9215,40.6413],[-73.9197,40.6428],[-73.9217,40.6427],[-73.9217,40.6434],[-73.92,40.6447],[-73.9205,40.645],[-73.9207,40.6467],[-73.9202,40.6469],[-73.9204,40.6486],[-73.9205,40.6497],[-73.9212,40.6507],[-73.9208,40.6526],[-73.9217,40.6544],[-73.9216,40.6545],[-73.921,40.6549],[-73.9205,40.6544],[-73.9202,40.6544],[-73.9192,40.6544],[-73.919,40.6542],[-73.9178,40.6542],[-73.9177,40.6542],[-73.9166,40.6543],[-73.9155,40.6542],[-73.9148,40.6542],[-73.9135,40.6542],[-73.9127,40.6541],[-73.9123,40.6541],[-73.9109,40.6542],[-73.9101,40.6543],[-73.9088,40.6545],[-73.9083,40.6545],[-73.9069,40.6547],[-73.9056,40.6549],[-73.9049,40.655],[-73.9041,40.6551],[-73.903,40.6554],[-73.9026,40.6556],[-73.9023,40.6558],[-73.9006,40.657],[-73.9005,40.6572],[-73.9003,40.6572],[-73.8999,40.6573],[-73.8995,40.6573],[-73.899,40.6573],[-73.8989,40.6567],[-73.8981,40.654],[-73.8976,40.6535],[-73.8934,40.6509],[-73.8914,40.6524],[-73.89,40.6511],[-73.8913,40.65],[-73.8906,40.6492],[-73.8906,40.6492],[-73.8906,40.6492],[-73.8906,40.6492],[-73.8906,40.6492],[-73.8907,40.6493],[-73.8907,40.6493],[-73.8908,40.6493],[-73.8908,40.6493],[-73.8908,40.6493],[-73.8908,40.6494],[-73.8908,40.6494],[-73.8908,40.6494],[-73.8909,40.6494],[-73.8909,40.6494],[-73.8909,40.6494],[-73.8909,40.6494],[-73.891,40.6494],[-73.891,40.6494],[-73.891,40.6494],[-73.891,40.6493],[-73.8911,40.6493],[-73.8911,40.6493],[-73.8911,40.6493],[-73.8911,40.6492],[-73.8911,40.6492],[-73.8911,40.6492],[-73.8912,40.6492],[-73.8912,40.6492],[-73.8912,40.6492],[-73.8912,40.6492],[-73.8912,40.6491],[-73.8912,40.6491],[-73.8912,40.6491],[-73.8912,40.6491],[-73.8912,40.6491],[-73.8912,40.649],[-73.8912,40.649],[-73.8912,40.649],[-73.8911,40.6489],[-73.8911,40.6489],[-73.8911,40.6488],[-73.8911,40.6488],[-73.891,40.6487],[-73.891,40.6487],[-73.8909,40.6486],[-73.8909,40.6485],[-73.8908,40.6485],[-73.8908,40.6485],[-73.8908,40.6484],[-73.8907,40.6484],[-73.8907,40.6484],[-73.8906,40.6483],[-73.8905,40.6483],[-73.8905,40.6482],[-73.8905,40.6482],[-73.8904,40.6482],[-73.8904,40.6481],[-73.8903,40.648],[-73.8903,40.648],[-73.8903,40.6479],[-73.8902,40.6479],[-73.8902,40.6479],[-73.8901,40.6478],[-73.8901,40.6478],[-73.89,40.6477],[-73.89,40.6477],[-73.89,40.6477],[-73.8899,40.6477],[-73.8899,40.6477],[-73.8899,40.6476],[-73.8899,40.6476],[-73.8899,40.6476],[-73.8898,40.6475],[-73.8898,40.6475],[-73.8898,40.6474],[-73.8897,40.6474],[-73.8897,40.6474],[-73.8896,40.6473],[-73.8895,40.6473],[-73.8895,40.6472],[-73.8894,40.6472],[-73.8894,40.6471],[-73.8894,40.6471],[-73.8895,40.647],[-73.8895,40.6469],[-73.8892,40.6465],[-73.8888,40.6461],[-73.8888,40.6461],[-73.8893,40.6467],[-73.8894,40.6469],[-73.8894,40.647],[-73.8892,40.6471],[-73.8891,40.6471],[-73.889,40.647],[-73.889,40.6471],[-73.8889,40.6472],[-73.8888,40.6472],[-73.8888,40.6472],[-73.8887,40.6471],[-73.8887,40.6471],[-73.8887,40.6471],[-73.8886,40.6471],[-73.8885,40.647],[-73.8886,40.647],[-73.8886,40.647],[-73.8886,40.6469],[-73.8887,40.6469],[-73.8886,40.6468],[-73.8886,40.6467],[-73.8886,40.6467],[-73.8884,40.6466],[-73.8884,40.6466],[-73.8882,40.6467],[-73.8882,40.6466],[-73.8881,40.6466],[-73.8881,40.6466],[-73.8881,40.6465],[-73.8881,40.6465],[-73.8881,40.6463],[-73.8881,40.6463],[-73.8881,40.6462],[-73.8882,40.6462],[-73.8883,40.6461],[-73.8883,40.6461],[-73.8883,40.6461],[-73.8883,40.6461],[-73.8882,40.646],[-73.8882,40.646],[-73.8882,40.646],[-73.8882,40.646],[-73.8881,40.646],[-73.8881,40.646],[-73.888,40.646],[-73.888,40.646],[-73.8879,40.6459],[-73.8878,40.6459],[-73.8878,40.6458],[-73.8878,40.6458],[-73.8877,40.6457],[-73.8878,40.6457],[-73.8877,40.6457],[-73.8876,40.6456],[-73.8876,40.6456],[-73.8876,40.6455],[-73.8875,40.6455],[-73.8875,40.6455],[-73.8875,40.6454],[-73.8874,40.6454],[-73.8874,40.6453],[-73.8874,40.6453],[-73.8875,40.6453],[-73.8875,40.6453],[-73.8875,40.6453],[-73.8875,40.6453],[-73.8876,40.6452],[-73.8877,40.6452],[-73.8877,40.6452],[-73.8878,40.6452],[-73.8878,40.6451],[-73.8879,40.6451],[-73.8879,40.6451],[-73.8879,40.6451],[-73.888,40.6451],[-73.888,40.6452],[-73.8881,40.6452],[-73.8881,40.6452],[-73.8881,40.6452],[-73.888,40.6451],[-73.888,40.645],[-73.8879,40.645],[-73.8879,40.645],[-73.8878,40.645],[-73.8877,40.645],[-73.8876,40.6451],[-73.8875,40.6452],[-73.8874,40.6452],[-73.8873,40.6452],[-73.8873,40.6452],[-73.8873,40.6452],[-73.8872,40.6451],[-73.8872,40.6451],[-73.8872,40.6451],[-73.8872,40.645],[-73.8872,40.645],[-73.8871,40.6449],[-73.8871,40.6449],[-73.8871,40.6448],[-73.8871,40.6448],[-73.887,40.6447],[-73.887,40.6446],[-73.8869,40.6446],[-73.8869,40.6445],[-73.8869,40.6445],[-73.8868,40.6444],[-73.8868,40.6445],[-73.8868,40.6445],[-73.8868,40.6445],[-73.8868,40.6445],[-73.8867,40.6444],[-73.8866,40.6444],[-73.8866,40.6444],[-73.8866,40.6443],[-73.8865,40.6443],[-73.8866,40.6443],[-73.8864,40.6442],[-73.8864,40.6442],[-73.8864,40.6441],[-73.8864,40.6441],[-73.8863,40.6441],[-73.8863,40.644],[-73.8862,40.6439],[-73.8862,40.6438],[-73.8861,40.6438],[-73.8861,40.6438],[-73.8861,40.6437],[-73.886,40.6437],[-73.8859,40.6437],[-73.8859,40.6437],[-73.8858,40.6436],[-73.8858,40.6436],[-73.8857,40.6436],[-73.8857,40.6436],[-73.8856,40.6435],[-73.8856,40.6435],[-73.8855,40.6435],[-73.8855,40.6435],[-73.8854,40.6435],[-73.8854,40.6434],[-73.8853,40.6434],[-73.8851,40.6433],[-73.8851,40.6433],[-73.885,40.6433],[-73.8849,40.6432],[-73.8849,40.6432],[-73.8848,40.6432],[-73.8847,40.6431],[-73.8847,40.6431],[-73.8846,40.6431],[-73.8837,40.6425],[-73.8825,40.6414],[-73.8813,40.6402],[-73.8808,40.6396],[-73.8797,40.6384],[-73.8795,40.6382],[-73.8791,40.6383],[-73.8791,40.6384],[-73.8789,40.6384],[-73.8787,40.6383],[-73.8785,40.6382],[-73.8786,40.6376],[-73.8784,40.6375],[-73.8771,40.636],[-73.8779,40.635],[-73.8782,40.6346],[-73.8786,40.6343],[-73.8789,40.6341],[-73.8794,40.6339],[-73.88,40.6335],[-73.8802,40.6332],[-73.8809,40.6326],[-73.8814,40.6323],[-73.8816,40.6323],[-73.882,40.6322],[-73.8822,40.632],[-73.8827,40.6318],[-73.8832,40.6314],[-73.8836,40.6309],[-73.8838,40.6302],[-73.884,40.6296],[-73.883,40.628],[-73.8851,40.6288],[-73.886,40.6287],[-73.8864,40.6287],[-73.8867,40.6286],[-73.8871,40.6285],[-73.8874,40.6284],[-73.8877,40.6283],[-73.8879,40.6281],[-73.8882,40.628],[-73.8904,40.6263],[-73.8916,40.6243],[-73.8919,40.6241],[-73.8922,40.6239],[-73.8925,40.6236],[-73.8928,40.6234],[-73.8931,40.6234],[-73.8932,40.6234],[-73.8935,40.6233],[-73.8939,40.6232],[-73.8946,40.6228],[-73.8949,40.6227],[-73.8952,40.6225],[-73.8955,40.6225],[-73.8956,40.6225],[-73.8955,40.6226],[-73.8956,40.6227],[-73.8957,40.6227],[-73.8958,40.6227],[-73.8965,40.623],[-73.9015,40.6252],[-73.9029,40.6259],[-73.9041,40.6263],[-73.9045,40.6265],[-73.9048,40.6266],[-73.9049,40.6267],[-73.905,40.6267],[-73.9051,40.6267],[-73.9053,40.6269],[-73.9059,40.6272],[-73.9075,40.6279],[-73.9083,40.6282],[-73.9091,40.6286],[-73.9107,40.6293],[-73.9116,40.6297],[-73.9132,40.6305],[-73.9143,40.6309],[-73.9146,40.6311],[-73.9149,40.6312],[-73.9152,40.6314],[-73.916,40.632],[-73.9161,40.632],[-73.9162,40.6321],[-73.9163,40.6321],[-73.9165,40.6321],[-73.9167,40.632],[-73.9169,40.6319],[-73.9171,40.6318],[-73.9172,40.6317],[-73.9191,40.6325],[-73.9202,40.6333],[-73.9204,40.6335],[-73.9201,40.6337],[-73.9196,40.634],[-73.9195,40.6341],[-73.9189,40.6345],[-73.9189,40.6346],[-73.9189,40.6348],[-73.9189,40.6351],[-73.919,40.6354],[-73.919,40.6359],[-73.9191,40.6364],[-73.9191,40.6364]]]]}},{"type":"Feature","id":"11237","properties":{"modzcta":"11237"},"geometry":{"type":"MultiPolygon","coordinates":[[[[-73.9276,40.7018],[-73.9291,40.7026],[-73.9306,40.7035],[-73.9313,40.7043],[-73.9317,40.7057],[-73.9321,40.7071],[-73.9325,40.7082],[-73.933,40.7093],[-73.9336,40.7107],[-73.9343,40.7121],[-73.9348,40.7134],[-73.9323,40.714],[-73.9315,40.7142],[-73.9313,40.7141],[-73.9312,40.7137],[-73.9316,40.7134],[-73.9316,40.7133],[-73.9325,40.7131],[-73.9326,40.7131],[-73.9326,40.7131],[-73.9326,40.7131],[-73.9326,40.7131],[-73.9326,40.713],[-73.9326,40.713],[-73.932,40.7116],[-73.9333,40.711],[-73.9317,40.7108],[-73.9313,40.7099],[-73.9309,40.7092],[-73.9308,40.7091],[-73.9308,40.7091],[-73.9308,40.7091],[-73.9308,40.7091],[-73.9308,40.709],[-73.9308,40.709],[-73.9307,40.7089],[-73.9307,40.7089],[-73.9306,40.7088],[-73.9305,40.7088],[-73.9305,40.7087],[-73.9305,40.7087],[-73.9305,40.7087],[-73.9304,40.7087],[-73.9304,40.7088],[-73.9304,40.7088],[-73.9304,40.7088],[-73.9304,40.7088],[-73.9303,40.7089],[-73.9303,40.7089],[-73.9304,40.7092],[-73.931,40.7106],[-73.9315,40.7119],[-73.9309,40.7121],[-73.9308,40.7121],[-73.9308,40.7121],[-73.9308,40.7121],[-73.9308,40.7121],[-73.9308,40.7122],[-73.9308,40.7122],[-73.9308,40.7122],[-73.9308,40.7122],[-73.9308,40.7122],[-73.9309,40.7122],[-73.9318,40.7125],[-73.9318,40.7125],[-73.9318,40.7126],[-73.9318,40.7126],[-73.9318,40.7127],[-73.9318,40.7127],[-73.9318,40.7127],[-73.9307,40.713],[-73.9305,40.7131],[-73.9305,40.7131],[-73.9305,40.7131],[-73.9305,40.7131],[-73.9305,40.7131],[-73.9304,40.7132],[-73.9304,40.7132],[-73.9308,40.7139],[-73.9306,40.7145],[-73.9285,40.715],[-73.9231,40.7164],[-73.9233,40.7162],[-73.9233,40.7162],[-73.9234,40.7162],[-73.9234,40.7162],[-73.9236,40.7161],[-73.9243,40.7158],[-73.9248,40.7153],[-73.9249,40.7152],[-73.9248,40.715],[-73.9248,40.715],[-73.9248,40.715],[-73.9247,40.7149],[-73.9246,40.7148],[-73.9245,40.7147],[-73.9245,40.7145],[-73.9244,40.7143],[-73.9244,40.7143],[-73.9244,40.7143],[-73.9243,40.7143],[-73.9243,40.7141],[-73.9241,40.7141],[-73.9231,40.7134],[-73.9218,40.7118],[-73.9212,40.7108],[-73.9207,40.7105],[-73.9214,40.7091],[-73.92,40.7083],[-73.9192,40.7078],[-73.9185,40.7074],[-73.9181,40.7071],[-73.9174,40.7067],[-73.9166,40.7063],[-73.9163,40.7061],[-73.9155,40.7056],[-73.914,40.7048],[-73.9125,40.7039],[-73.9129,40.7024],[-73.9114,40.7015],[-73.9118,40.6999],[-73.9095,40.6987],[-73.908,40.6978],[-73.9073,40.6974],[-73.9065,40.697],[-73.9058,40.6965],[-73.905,40.6961],[-73.9043,40.6957],[-73.9049,40.6951],[-73.905,40.6937],[-73.9039,40.693],[-73.9028,40.6924],[-73.9036,40.6904],[-73.9051,40.6913],[-73.9066,40.6921],[-73.9081,40.693],[-73.9096,40.6938],[-73.9111,40.6947],[-73.9103,40.6967],[-73.9118,40.6976],[-73.9141,40.6964],[-73.9151,40.697],[-73.9152,40.697],[-73.9154,40.6971],[-73.9156,40.6973],[-73.9159,40.6974],[-73.916,40.6975],[-73.9162,40.6976],[-73.9171,40.697],[-73.9172,40.6968],[-73.9173,40.6967],[-73.9174,40.6966],[-73.9175,40.6965],[-73.9178,40.6962],[-73.9181,40.6964],[-73.9184,40.6965],[-73.9185,40.6966],[-73.9193,40.6971],[-73.9196,40.6972],[-73.9204,40.6977],[-73.9208,40.6979],[-73.9218,40.6985],[-73.9227,40.699],[-73.9238,40.6996],[-73.9253,40.7005],[-73.9268,40.7013],[-73.9276,40.7018]]]]}},{"type":"Feature","id":"11238","properties":{"modzcta":"11238"},"geometry":{"type":"MultiPolygon","coordinates":[[[[-73.9704,40.6726],[-73.9709,40.6728],[-73.9711,40.673],[-73.9713,40.6733],[-73.9714,40.6737],[-73.9715,40.6741],[-73.9714,40.6745],[-73.9714,40.6747],[-73.9713,40.6749],[-73.9712,40.6751],[-73.9711,40.6752],[-73.9714,40.6758],[-73.9724,40.6772],[-73.972,40.6783],[-73.9714,40.6801],[-73.9708,40.6816],[-73.9707,40.6823],[-73.9719,40.6827],[-73.9728,40.6829],[-73.9721,40.6842],[-73.9722,40.685],[-73.9723,40.6855],[-73.9731,40.6858],[-73.9736,40.6873],[-73.9717,40.6875],[-73.9711,40.6895],[-73.9698,40.6878],[-73.9678,40.688],[-73.9658,40.6882],[-73.9652,40.6898],[-73.9633,40.69],[-73.9603,40.6903],[-73.9602,40.69],[-73.9602,40.6897],[-73.9601,40.6893],[-73.9599,40.6889],[-73.959,40.689],[-73.9585,40.6891],[-73.9578,40.6891],[-73.9572,40.6892],[-73.957,40.6877],[-73.9567,40.6863],[-73.9564,40.6848],[-73.9561,40.6833],[-73.9558,40.6819],[-73.9555,40.6802],[-73.9553,40.6793],[-73.9541,40.679],[-73.953,40.6786],[-73.9552,40.6783],[-73.9557,40.6768],[-73.9564,40.675],[-73.957,40.6733],[-73.9565,40.6722],[-73.9577,40.6715],[-73.958,40.6707],[-73.9613,40.6714],[-73.9625,40.6715],[-73.9622,40.6696],[-73.962,40.6687],[-73.9616,40.6667],[-73.9611,40.6641],[-73.9621,40.6632],[-73.9624,40.6631],[-73.969,40.6724],[-73.9697,40.6726],[-73.9704,40.6726],[-73.9704,40.6726]]]]}},{"type":"Feature","id":"11239","properties":{"modzcta":"11239"},"geometry":{"type":"MultiPolygon","coordinates":[[[[-73.8883,40.6467],[-73.8885,40.6469],[-73.8884,40.6469],[-73.8884,40.6469],[-73.8885,40.6469],[-73.8885,40.647],[-73.8885,40.647],[-73.8886,40.6471],[-73.8886,40.6471],[-73.8886,40.6472],[-73.8886,40.6472],[-73.8886,40.6472],[-73.8886,40.6473],[-73.8885,40.6474],[-73.8884,40.6474],[-73.8884,40.6473],[-73.8884,40.6472],[-73.8883,40.6472],[-73.8883,40.6472],[-73.8883,40.6472],[-73.8882,40.6471],[-73.8882,40.6471],[-73.8882,40.6471],[-73.8882,40.6471],[-73.8882,40.647],[-73.8882,40.6469],[-73.8882,40.6469],[-73.8882,40.6469],[-73.8882,40.6468],[-73.8883,40.6467],[-73.8883,40.6467],[-73.8883,40.6467]]],[[[-73.8784,40.6389],[-73.8786,40.639],[-73.8785,40.6391],[-73.8786,40.6392],[-73.8786,40.6392],[-73.8786,40.6393],[-73.8786,40.6394],[-73.8791,40.6398],[-73.8792,40.6399],[-73.8793,40.64],[-73.8794,40.6401],[-73.8795,40.6402],[-73.8797,40.6403],[-73.8798,40.6403],[-73.8799,40.6404],[-73.8799,40.6404],[-73.8799,40.6405],[-73.8799,40.6405],[-73.8799,40.6405],[-73.8799,40.6405],[-73.8799,40.6406],[-73.88,40.6406],[-73.8801,40.6406],[-73.8801,40.6407],[-73.8801,40.6407],[-73.8801,40.6407],[-73.8802,40.6408],[-73.8802,40.6408],[-73.8802,40.6408],[-73.8802,40.6409],[-73.8802,40.6409],[-73.8802,40.6409],[-73.8802,40.6409],[-73.8802,40.6409],[-73.8803,40.641],[-73.8803,40.641],[-73.8805,40.641],[-73.8805,40.641],[-73.8805,40.6411],[-73.8805,40.6412],[-73.8806,40.6413],[-73.8806,40.6414],[-73.8807,40.6415],[-73.8807,40.6416],[-73.8807,40.6416],[-73.8806,40.6415],[-73.8806,40.6415],[-73.8805,40.6415],[-73.8805,40.6414],[-73.8804,40.6414],[-73.8803,40.6414],[-73.8802,40.6414],[-73.8801,40.6415],[-73.8801,40.6416],[-73.88,40.6417],[-73.88,40.6418],[-73.88,40.6418],[-73.88,40.6419],[-73.8801,40.642],[-73.8802,40.6421],[-73.8802,40.6421],[-73.8803,40.6421],[-73.8803,40.6421],[-73.8804,40.6421],[-73.8804,40.6421],[-73.8805,40.6421],[-73.8805,40.6421],[-73.8805,40.6421],[-73.8806,40.6421],[-73.8806,40.6421],[-73.8807,40.6421],[-73.8807,40.6421],[-73.8808,40.6422],[-73.8809,40.6422],[-73.881,40.6422],[-73.881,40.6422],[-73.8811,40.6423],[-73.8811,40.6423],[-73.8813,40.6423],[-73.8813,40.6423],[-73.8814,40.6423],[-73.8814,40.6424],[-73.8815,40.6424],[-73.8816,40.6425],[-73.8816,40.6425],[-73.8816,40.6426],[-73.8816,40.6426],[-73.8816,40.6427],[-73.8816,40.6427],[-73.8817,40.6428],[-73.8817,40.6428],[-73.8818,40.6429],[-73.8818,40.6429],[-73.8818,40.643],[-73.8819,40.643],[-73.8819,40.6431],[-73.882,40.6432],[-73.8821,40.6432],[-73.8821,40.6433],[-73.8821,40.6433],[-73.8822,40.6434],[-73.8822,40.6435],[-73.8822,40.6435],[-73.8822,40.6436],[-73.8821,40.6437],[-73.8821,40.6437],[-73.883,40.6442],[-73.8832,40.6444],[-73.8836,40.6445],[-73.8839,40.6443],[-73.8841,40.6443],[-73.8846,40.644],[-73.8856,40.644],[-73.886,40.6445],[-73.8861,40.6446],[-73.8867,40.6451],[-73.8872,40.6456],[-73.8873,40.6457],[-73.8873,40.6458],[-73.8873,40.6458],[-73.8874,40.6459],[-73.8874,40.646],[-73.8874,40.6461],[-73.8875,40.6462],[-73.8876,40.6463],[-73.8876,40.6466],[-73.8877,40.6467],[-73.8877,40.6471],[-73.8876,40.6473],[-73.8875,40.6474],[-73.8876,40.6475],[-73.8876,40.6476],[-73.8876,40.6478],[-73.8878,40.6479],[-73.888,40.6479],[-73.8881,40.6479],[-73.8882,40.6479],[-73.8884,40.648],[-73.8887,40.648],[-73.8887,40.6481],[-73.8887,40.6481],[-73.8887,40.6481],[-73.8888,40.6482],[-73.8888,40.6482],[-73.8888,40.6483],[-73.8888,40.6483],[-73.8888,40.6483],[-73.8889,40.6484],[-73.8889,40.6484],[-73.889,40.6485],[-73.8891,40.6486],[-73.8892,40.6487],[-73.8893,40.6488],[-73.8893,40.6488],[-73.8893,40.6488],[-73.8894,40.6488],[-73.8894,40.6488],[-73.8894,40.6488],[-73.8895,40.6488],[-73.8895,40.6489],[-73.8895,40.6489],[-73.8896,40.6489],[-73.8896,40.6489],[-73.8896,40.649],[-73.8897,40.649],[-73.8897,40.649],[-73.8897,40.6491],[-73.8898,40.6491],[-73.8898,40.6491],[-73.8898,40.6491],[-73.8898,40.6491],[-73.8899,40.6492],[-73.8899,40.6492],[-73.8899,40.6492],[-73.8899,40.6492],[-73.8899,40.6493],[-73.89,40.6493],[-73.89,40.6493],[-73.8901,40.6493],[-73.8901,40.6493],[-73.8901,40.6493],[-73.8902,40.6494],[-73.8902,40.6494],[-73.8902,40.6494],[-73.8903,40.6494],[-73.8903,40.6494],[-73.8903,40.6494],[-73.8903,40.6494],[-73.8903,40.6493],[-73.8904,40.6493],[-73.8904,40.6493],[-73.8904,40.6493],[-73.8904,40.6493],[-73.8905,40.6492],[-73.8905,40.6492],[-73.8905,40.6492],[-73.8905,40.6492],[-73.8912,40.65],[-73.89,40.6511],[-73.8896,40.6513],[-73.8879,40.652],[-73.8864,40.6527],[-73.8862,40.6528],[-73.8847,40.6535],[-73.8822,40.6544],[-73.8814,40.6533],[-73.8784,40.6493],[-73.8768,40.6472],[-73.8747,40.6457],[-73.875,40.6451],[-73.8755,40.6444],[-73.8762,40.6433],[-73.8762,40.6433],[-73.8765,40.6426],[-73.8771,40.6416],[-73.8775,40.6407],[-73.8784,40.6389],[-73.8784,40.6389]]]]}},{"type":"Feature","id":"11354","properties":{"modzcta":"11354"},"geometry":{"type":"MultiPolygon","coordinates":[[[[-73.8075,40.7622],[-73.8095,40.7624],[-73.8113,40.7625],[-73.8126,40.7632],[-73.8139,40.7626],[-73.8159,40.7621],[-73.8183,40.762],[-73.8241,40.7604],[-73.8275,40.7595],[-73.8284,40.7593],[-73.8289,40.7591],[-73.8297,40.7587],[-73.8338,40.7567],[-73.8356,40.7557],[-73.8365,40.7552],[-73.8372,40.7548],[-73.8379,40.7545],[-73.8381,40.7547],[-73.8383,40.7552],[-73.8384,40.7556],[-73.8387,40.757],[-73.8368,40.7612],[-73.8369,40.7627],[-73.837,40.7628],[-73.8391,40.7653],[-73.8394,40.7654],[-73.8391,40.766],[-73.8395,40.7661],[-73.8397,40.7664],[-73.8397,40.7667],[-73.8396,40.7669],[-73.8395,40.767],[-73.8397,40.7671],[-73.8398,40.767],[-73.8399,40.7671],[-73.8399,40.767],[-73.84,40.7666],[-73.8402,40.7665],[-73.8403,40.7664],[-73.8406,40.7663],[-73.8409,40.7662],[-73.8411,40.7662],[-73.8412,40.7661],[-73.8417,40.766],[-73.842,40.766],[-73.8425,40.7659],[-73.8427,40.7658],[-73.8434,40.7657],[-73.8436,40.7656],[-73.8439,40.7655],[-73.8443,40.7655],[-73.8449,40.7655],[-73.8459,40.766],[-73.8461,40.7661],[-73.8465,40.7663],[-73.8468,40.7663],[-73.8471,40.7663],[-73.8474,40.7664],[-73.8478,40.7668],[-73.8479,40.767],[-73.848,40.7672],[-73.8482,40.7676],[-73.8484,40.7679],[-73.8485,40.768],[-73.8485,40.768],[-73.8483,40.7682],[-73.8482,40.7683],[-73.8482,40.7684],[-73.8482,40.7684],[-73.8482,40.7685],[-73.8483,40.7686],[-73.8484,40.7686],[-73.8486,40.7686],[-73.8486,40.7686],[-73.8486,40.7686],[-73.8486,40.7686],[-73.8486,40.7687],[-73.8486,40.7687],[-73.8486,40.7687],[-73.849,40.7691],[-73.8485,40.7697],[-73.8485,40.7697],[-73.8485,40.7698],[-73.8486,40.7706],[-73.8486,40.7707],[-73.8486,40.7707],[-73.8488,40.7708],[-73.8489,40.771],[-73.8493,40.7712],[-73.8496,40.7714],[-73.8497,40.7717],[-73.8498,40.7718],[-73.8498,40.7719],[-73.8499,40.7719],[-73.85,40.772],[-73.8499,40.7721],[-73.8498,40.7722],[-73.8496,40.7726],[-73.849,40.7736],[-73.8491,40.7743],[-73.8492,40.7746],[-73.8492,40.7748],[-73.8491,40.7752],[-73.849,40.7753],[-73.849,40.7754],[-73.849,40.7757],[-73.8491,40.7758],[-73.848,40.777],[-73.8462,40.7769],[-73.8453,40.7766],[-73.8435,40.7766],[-73.8417,40.7766],[-73.84,40.7765],[-73.8391,40.7766],[-73.8389,40.7786],[-73.8363,40.7785],[-73.834,40.7727],[-73.8334,40.7714],[-73.8321,40.7721],[-73.8315,40.7725],[-73.83,40.7737],[-73.8288,40.7752],[-73.8281,40.776],[-73.8274,40.7767],[-73.8258,40.7759],[-73.8243,40.7767],[-73.8217,40.7769],[-73.8187,40.7765],[-73.8176,40.7764],[-73.8159,40.776],[-73.8144,40.7758],[-73.8133,40.7756],[-73.8096,40.7753],[-73.8066,40.775],[-73.8063,40.7748],[-73.8044,40.7745],[-73.804,40.7742],[-73.8042,40.7728],[-73.8052,40.7721],[-73.8063,40.7712],[-73.8056,40.7696],[-73.8067,40.7683],[-73.8075,40.766],[-73.807,40.7657],[-73.8075,40.7623],[-73.8075,40.7622]]]]}},{"type":"Feature","id":"11355","properties":{"modzcta":"11355"},"geometry":{"type":"MultiPolygon","coordinates":[[[[-73.8359,40.7434],[-73.836,40.7437],[-73.8357,40.7448],[-73.8354,40.7455],[-73.8347,40.7469],[-73.8345,40.7471],[-73.8343,40.7473],[-73.8339,40.7475],[-73.8337,40.7476],[-73.8331,40.748],[-73.8328,40.7493],[-73.8323,40.7515],[-73.8322,40.7517],[-73.8323,40.7519],[-73.836,40.752],[-73.8368,40.7534],[-73.8375,40.7541],[-73.8375,40.7541],[-73.8376,40.7541],[-73.8378,40.7541],[-73.8379,40.7545],[-73.8372,40.7548],[-73.8365,40.7552],[-73.8356,40.7557],[-73.8338,40.7567],[-73.8297,40.7587],[-73.8289,40.7591],[-73.8284,40.7593],[-73.8275,40.7595],[-73.8241,40.7604],[-73.8183,40.762],[-73.8159,40.7621],[-73.8139,40.7626],[-73.8126,40.7632],[-73.8113,40.7625],[-73.8095,40.7624],[-73.8075,40.7622],[-73.8077,40.761],[-73.8083,40.7567],[-73.8089,40.7519],[-73.8088,40.7502],[-73.8075,40.7501],[-73.8116,40.7477],[-73.8132,40.7467],[-73.8142,40.7461],[-73.8138,40.7457],[-73.8137,40.7457],[-73.8137,40.7453],[-73.8137,40.7448],[-73.8143,40.743],[-73.812,40.7426],[-73.8101,40.7423],[-73.8103,40.7403],[-73.8094,40.7388],[-73.8097,40.7388],[-73.8094,40.7387],[-73.8094,40.7386],[-73.8114,40.7386],[-73.8132,40.7387],[-73.8149,40.7389],[-73.815,40.7389],[-73.8151,40.7391],[-73.8151,40.7399],[-73.8172,40.7406],[-73.8165,40.7396],[-73.8184,40.7401],[-73.8189,40.7401],[-73.821,40.7408],[-73.8212,40.7409],[-73.8216,40.7412],[-73.8228,40.7417],[-73.823,40.7426],[-73.825,40.7431],[-73.8252,40.7422],[-73.8258,40.7423],[-73.8265,40.7425],[-73.8271,40.7426],[-73.8285,40.7427],[-73.8303,40.7429],[-73.832,40.7431],[-73.8338,40.7433],[-73.8359,40.7434],[-73.8359,40.7434]]]]}},{"type":"Feature","id":"11356","properties":{"modzcta":"11356"},"geometry":{"type":"MultiPolygon","coordinates":[[[[-73.849,40.777],[-73.849,40.7774],[-73.849,40.7776],[-73.849,40.7778],[-73.849,40.7779],[-73.849,40.778],[-73.849,40.778],[-73.849,40.7781],[-73.849,40.7781],[-73.8491,40.7781],[-73.8491,40.7781],[-73.8492,40.7781],[-73.8493,40.7781],[-73.8493,40.7782],[-73.8494,40.7782],[-73.8494,40.7782],[-73.8494,40.7782],[-73.8495,40.7783],[-73.8495,40.7784],[-73.8495,40.7784],[-73.8495,40.7784],[-73.8495,40.7784],[-73.8495,40.7785],[-73.8495,40.7785],[-73.8495,40.7785],[-73.8495,40.7785],[-73.8495,40.7785],[-73.8495,40.7786],[-73.8494,40.7786],[-73.8494,40.7786],[-73.8494,40.7786],[-73.8495,40.7787],[-73.8495,40.7787],[-73.8495,40.7787],[-73.8496,40.7787],[-73.8497,40.7787],[-73.8497,40.7787],[-73.8498,40.7787],[-73.8498,40.7787],[-73.8498,40.7787],[-73.8498,40.7788],[-73.8498,40.7788],[-73.8498,40.7791],[-73.8498,40.7791],[-73.8498,40.7791],[-73.8497,40.7791],[-73.8497,40.7792],[-73.8496,40.7792],[-73.8496,40.7792],[-73.8496,40.7792],[-73.8496,40.7792],[-73.8496,40.7794],[-73.8496,40.7794],[-73.8496,40.7795],[-73.8496,40.7795],[-73.8496,40.7795],[-73.8497,40.7795],[-73.8497,40.7795],[-73.8497,40.7795],[-73.8498,40.7795],[-73.8498,40.7795],[-73.8498,40.7795],[-73.8498,40.7796],[-73.8498,40.7798],[-73.8498,40.7798],[-73.8498,40.7798],[-73.8498,40.7798],[-73.8497,40.7798],[-73.8497,40.7799],[-73.8497,40.7799],[-73.8497,40.7799],[-73.8496,40.7799],[-73.8496,40.7799],[-73.8496,40.7799],[-73.8496,40.7799],[-73.8496,40.7799],[-73.8496,40.7799],[-73.8495,40.7799],[-73.8496,40.78],[-73.8496,40.78],[-73.8496,40.78],[-73.8496,40.78],[-73.8495,40.78],[-73.8495,40.7801],[-73.8495,40.7801],[-73.8495,40.7801],[-73.8495,40.7801],[-73.8495,40.7801],[-73.8495,40.7802],[-73.8496,40.7802],[-73.8496,40.7802],[-73.8496,40.7803],[-73.8496,40.7803],[-73.8496,40.7804],[-73.8496,40.7805],[-73.8496,40.7805],[-73.8496,40.7806],[-73.8496,40.7806],[-73.8497,40.7806],[-73.8497,40.7806],[-73.8497,40.7806],[-73.8498,40.7806],[-73.8498,40.7806],[-73.8498,40.7806],[-73.8498,40.7806],[-73.8498,40.7806],[-73.8498,40.7806],[-73.8498,40.7806],[-73.8498,40.7807],[-73.8498,40.7808],[-73.8498,40.7809],[-73.8498,40.7809],[-73.8498,40.781],[-73.8499,40.7811],[-73.8499,40.7811],[-73.8499,40.7811],[-73.8498,40.7816],[-73.8498,40.7816],[-73.8498,40.7816],[-73.8497,40.7816],[-73.8496,40.7816],[-73.8495,40.7816],[-73.8494,40.7816],[-73.8492,40.7816],[-73.8492,40.7816],[-73.8492,40.7816],[-73.8492,40.7817],[-73.8492,40.7817],[-73.8492,40.7817],[-73.8492,40.7817],[-73.8493,40.7817],[-73.8493,40.7817],[-73.8494,40.7817],[-73.8495,40.7817],[-73.8495,40.7817],[-73.8495,40.7818],[-73.8495,40.7818],[-73.8495,40.7818],[-73.8495,40.7819],[-73.8495,40.7819],[-73.8495,40.7819],[-73.8495,40.782],[-73.8495,40.782],[-73.8494,40.782],[-73.8493,40.7821],[-73.8493,40.7821],[-73.8493,40.7821],[-73.8492,40.7822],[-73.8492,40.7822],[-73.8492,40.7822],[-73.8493,40.7823],[-73.8493,40.7823],[-73.8493,40.7823],[-73.8494,40.7823],[-73.8495,40.7823],[-73.8496,40.7824],[-73.8496,40.7824],[-73.8498,40.7824],[-73.8499,40.7824],[-73.8502,40.7824],[-73.8502,40.7824],[-73.8502,40.7824],[-73.8502,40.7824],[-73.8503,40.7825],[-73.8503,40.7825],[-73.8503,40.7825],[-73.8503,40.7825],[-73.8503,40.7825],[-73.8503,40.7824],[-73.8503,40.7824],[-73.8504,40.7824],[-73.8504,40.7824],[-73.8504,40.7824],[-73.8505,40.7824],[-73.8505,40.7824],[-73.8506,40.7824],[-73.8508,40.7824],[-73.851,40.7824],[-73.8512,40.7824],[-73.8512,40.7824],[-73.8512,40.7824],[-73.8512,40.7824],[-73.8512,40.7824],[-73.8517,40.7824],[-73.852,40.7823],[-73.8522,40.7823],[-73.8523,40.7823],[-73.8525,40.7823],[-73.8528,40.7823],[-73.853,40.7823],[-73.8532,40.7821],[-73.8533,40.782],[-73.8533,40.782],[-73.8536,40.782],[-73.8537,40.782],[-73.8538,40.782],[-73.8541,40.782],[-73.8542,40.782],[-73.8543,40.782],[-73.8544,40.782],[-73.8545,40.782],[-73.8546,40.782],[-73.8547,40.7819],[-73.8549,40.7819],[-73.855,40.7819],[-73.8552,40.782],[-73.8552,40.782],[-73.8553,40.782],[-73.8553,40.782],[-73.8553,40.782],[-73.8554,40.7821],[-73.8555,40.7831],[-73.8557,40.7832],[-73.8558,40.7832],[-73.8559,40.7833],[-73.8559,40.7833],[-73.856,40.7833],[-73.8561,40.7834],[-73.8564,40.7832],[-73.8567,40.7832],[-73.8567,40.7832],[-73.8567,40.7832],[-73.8568,40.7833],[-73.8568,40.7834],[-73.8568,40.7834],[-73.8569,40.7834],[-73.8569,40.7834],[-73.8569,40.7834],[-73.8569,40.7834],[-73.8571,40.7834],[-73.8572,40.7834],[-73.8573,40.7834],[-73.8573,40.7834],[-73.8574,40.7834],[-73.8574,40.7834],[-73.8575,40.7834],[-73.8575,40.7835],[-73.8576,40.7836],[-73.8576,40.7836],[-73.8577,40.7837],[-73.8577,40.7837],[-73.858,40.7837],[-73.8581,40.7837],[-73.8581,40.7837],[-73.8581,40.7838],[-73.8581,40.7839],[-73.8582,40.784],[-73.8582,40.784],[-73.8582,40.784],[-73.8581,40.7842],[-73.8581,40.7842],[-73.8581,40.7842],[-73.8581,40.7842],[-73.8581,40.7842],[-73.858,40.7843],[-73.858,40.7843],[-73.858,40.7843],[-73.8579,40.7843],[-73.8579,40.7843],[-73.8579,40.7843],[-73.8579,40.7843],[-73.8579,40.7843],[-73.8579,40.7844],[-73.8578,40.7844],[-73.8578,40.7844],[-73.8578,40.7845],[-73.8578,40.7845],[-73.8579,40.7845],[-73.858,40.7847],[-73.858,40.7847],[-73.858,40.7847],[-73.858,40.7847],[-73.858,40.7847],[-73.858,40.7847],[-73.858,40.7847],[-73.8582,40.7848],[-73.8583,40.785],[-73.8584,40.7851],[-73.8585,40.7852],[-73.8585,40.7852],[-73.8585,40.7852],[-73.8585,40.7852],[-73.8591,40.7854],[-73.8591,40.7855],[-73.8589,40.7856],[-73.859,40.7856],[-73.8591,40.7856],[-73.8591,40.7856],[-73.8591,40.7857],[-73.8591,40.7857],[-73.8591,40.7857],[-73.8591,40.7857],[-73.8591,40.7857],[-73.8591,40.7858],[-73.859,40.7858],[-73.859,40.7858],[-73.859,40.7858],[-73.859,40.7858],[-73.859,40.7858],[-73.859,40.7859],[-73.859,40.7859],[-73.859,40.7859],[-73.859,40.7859],[-73.859,40.786],[-73.859,40.786],[-73.859,40.786],[-73.859,40.786],[-73.8589,40.7861],[-73.8588,40.7861],[-73.8587,40.7861],[-73.8586,40.7861],[-73.8586,40.7861],[-73.8586,40.7861],[-73.8586,40.7862],[-73.8586,40.7862],[-73.8586,40.7862],[-73.8586,40.7863],[-73.8586,40.7863],[-73.8586,40.7864],[-73.8587,40.7864],[-73.8587,40.7865],[-73.8587,40.7865],[-73.8587,40.7865],[-73.8587,40.7865],[-73.8587,40.7866],[-73.8586,40.7867],[-73.8585,40.7867],[-73.8584,40.7868],[-73.8584,40.7868],[-73.8584,40.7868],[-73.8584,40.7868],[-73.8583,40.7869],[-73.8583,40.7869],[-73.8582,40.787],[-73.8582,40.787],[-73.8581,40.787],[-73.8581,40.7871],[-73.858,40.7871],[-73.858,40.7871],[-73.858,40.7871],[-73.8579,40.787],[-73.8579,40.787],[-73.8577,40.787],[-73.8577,40.7869],[-73.8576,40.7869],[-73.8575,40.7869],[-73.8575,40.7869],[-73.8574,40.7869],[-73.8574,40.7868],[-73.8573,40.7868],[-73.8572,40.7867],[-73.8572,40.7867],[-73.8572,40.7867],[-73.8572,40.7867],[-73.857,40.7867],[-73.857,40.7866],[-73.857,40.7866],[-73.857,40.7867],[-73.857,40.7867],[-73.8569,40.7867],[-73.8569,40.7867],[-73.8568,40.7867],[-73.8568,40.7867],[-73.8567,40.7867],[-73.8566,40.7867],[-73.8566,40.7867],[-73.8566,40.7868],[-73.8566,40.7869],[-73.8565,40.7869],[-73.8565,40.7869],[-73.8565,40.787],[-73.8565,40.787],[-73.8565,40.787],[-73.8564,40.787],[-73.8564,40.787],[-73.8564,40.787],[-73.8563,40.787],[-73.8563,40.787],[-73.8563,40.7871],[-73.8562,40.7871],[-73.8562,40.7872],[-73.8562,40.7872],[-73.8562,40.7873],[-73.8562,40.7874],[-73.8562,40.7875],[-73.8562,40.7875],[-73.8562,40.7875],[-73.8562,40.7875],[-73.8561,40.7875],[-73.8561,40.7875],[-73.8561,40.7876],[-73.856,40.7876],[-73.856,40.7876],[-73.856,40.7876],[-73.856,40.7877],[-73.856,40.7877],[-73.8559,40.7877],[-73.8559,40.7877],[-73.8559,40.7877],[-73.8554,40.7877],[-73.8552,40.7877],[-73.855,40.7878],[-73.8548,40.7878],[-73.8548,40.7878],[-73.8547,40.7878],[-73.8546,40.7877],[-73.8545,40.7877],[-73.8545,40.7877],[-73.8544,40.7877],[-73.8544,40.7877],[-73.8544,40.7877],[-73.8543,40.7877],[-73.8543,40.7877],[-73.854,40.7878],[-73.8537,40.7878],[-73.8534,40.7878],[-73.8533,40.7879],[-73.8533,40.7879],[-73.8531,40.788],[-73.853,40.788],[-73.8529,40.7881],[-73.8528,40.7882],[-73.8528,40.7883],[-73.8529,40.7883],[-73.8531,40.7884],[-73.8532,40.7884],[-73.8533,40.7884],[-73.8535,40.7884],[-73.8536,40.7884],[-73.8537,40.7883],[-73.854,40.7883],[-73.8542,40.7883],[-73.8544,40.7883],[-73.8544,40.7883],[-73.8545,40.7884],[-73.8546,40.7884],[-73.8546,40.7884],[-73.8547,40.7885],[-73.8548,40.7885],[-73.8548,40.7886],[-73.8548,40.7886],[-73.8548,40.7886],[-73.8548,40.7887],[-73.8548,40.7887],[-73.8548,40.7888],[-73.8548,40.789],[-73.8548,40.7891],[-73.8547,40.7891],[-73.8547,40.7893],[-73.8547,40.7893],[-73.8547,40.7894],[-73.8546,40.7894],[-73.8546,40.7895],[-73.8546,40.7896],[-73.8546,40.7898],[-73.8545,40.7899],[-73.8545,40.7899],[-73.8545,40.7901],[-73.8545,40.7902],[-73.8545,40.7902],[-73.8545,40.7903],[-73.8545,40.7903],[-73.8544,40.7903],[-73.8544,40.7903],[-73.8541,40.7905],[-73.8538,40.7906],[-73.8536,40.7907],[-73.8534,40.7907],[-73.8533,40.7908],[-73.8532,40.7908],[-73.8531,40.7908],[-73.8528,40.791],[-73.8528,40.791],[-73.8527,40.791],[-73.8527,40.791],[-73.8527,40.7911],[-73.8527,40.7911],[-73.8527,40.7911],[-73.8526,40.7912],[-73.8527,40.7913],[-73.8527,40.7913],[-73.8528,40.7914],[-73.8528,40.7915],[-73.8529,40.7916],[-73.853,40.7917],[-73.8531,40.7918],[-73.8532,40.7919],[-73.8534,40.792],[-73.8536,40.7921],[-73.8537,40.7923],[-73.8538,40.7923],[-73.8538,40.7923],[-73.8538,40.7924],[-73.8538,40.7924],[-73.8538,40.7925],[-73.8537,40.7926],[-73.8537,40.7928],[-73.8537,40.7928],[-73.8536,40.7929],[-73.8536,40.7931],[-73.8536,40.7932],[-73.8537,40.7935],[-73.8537,40.7937],[-73.8537,40.7939],[-73.8537,40.794],[-73.8535,40.7941],[-73.8534,40.7942],[-73.853,40.7943],[-73.8528,40.7944],[-73.8527,40.7945],[-73.8526,40.7946],[-73.8527,40.7949],[-73.8526,40.7949],[-73.8526,40.7949],[-73.8525,40.7948],[-73.8524,40.7946],[-73.8523,40.7945],[-73.852,40.7944],[-73.8519,40.7943],[-73.8517,40.7941],[-73.8514,40.794],[-73.8511,40.7939],[-73.8508,40.7938],[-73.8505,40.7937],[-73.8502,40.7936],[-73.8498,40.7935],[-73.8496,40.7935],[-73.8493,40.7934],[-73.8491,40.7934],[-73.849,40.7934],[-73.8489,40.7934],[-73.8489,40.7935],[-73.8489,40.7937],[-73.849,40.7938],[-73.8491,40.7941],[-73.849,40.7944],[-73.8488,40.7946],[-73.8488,40.7947],[-73.8489,40.795],[-73.8488,40.7952],[-73.8487,40.7954],[-73.8484,40.7956],[-73.8481,40.7957],[-73.8478,40.7958],[-73.8475,40.7959],[-73.8471,40.7959],[-73.8468,40.796],[-73.8466,40.796],[-73.8464,40.7961],[-73.8463,40.7962],[-73.8461,40.7961],[-73.846,40.796],[-73.8457,40.796],[-73.8456,40.796],[-73.8456,40.796],[-73.8456,40.7959],[-73.8455,40.7958],[-73.8454,40.7956],[-73.8452,40.7954],[-73.845,40.7953],[-73.8449,40.7951],[-73.8448,40.7951],[-73.8446,40.7949],[-73.8444,40.7949],[-73.8441,40.7949],[-73.8438,40.7949],[-73.8437,40.7949],[-73.8434,40.7949],[-73.8433,40.795],[-73.8434,40.7952],[-73.8433,40.7955],[-73.8432,40.7955],[-73.8431,40.7954],[-73.843,40.7952],[-73.8429,40.7952],[-73.8429,40.7952],[-73.8428,40.7954],[-73.8422,40.7956],[-73.842,40.7956],[-73.8419,40.7956],[-73.8418,40.7955],[-73.8417,40.7954],[-73.8415,40.7954],[-73.8414,40.7955],[-73.8413,40.7957],[-73.8415,40.796],[-73.8414,40.796],[-73.8413,40.7961],[-73.8413,40.7962],[-73.8406,40.7968],[-73.84,40.7969],[-73.8384,40.7968],[-73.8374,40.7943],[-73.8372,40.7941],[-73.8371,40.7939],[-73.8371,40.7938],[-73.8369,40.7931],[-73.8366,40.7923],[-73.8365,40.7919],[-73.8366,40.7917],[-73.8368,40.7915],[-73.8369,40.7915],[-73.8372,40.7914],[-73.8374,40.7914],[-73.8375,40.7913],[-73.8375,40.7913],[-73.8375,40.7913],[-73.8375,40.7913],[-73.8375,40.7912],[-73.8375,40.7912],[-73.8375,40.7912],[-73.8375,40.7911],[-73.8376,40.7911],[-73.8376,40.7911],[-73.8376,40.7911],[-73.8376,40.791],[-73.8376,40.791],[-73.8376,40.791],[-73.8376,40.791],[-73.8376,40.791],[-73.8376,40.7909],[-73.8376,40.7909],[-73.8375,40.7908],[-73.8375,40.7908],[-73.8375,40.7908],[-73.8375,40.7908],[-73.8376,40.7908],[-73.8376,40.7908],[-73.8376,40.7907],[-73.8376,40.7907],[-73.8376,40.7906],[-73.8375,40.7905],[-73.8375,40.7905],[-73.8375,40.7905],[-73.8375,40.7905],[-73.8375,40.7905],[-73.8375,40.7904],[-73.8374,40.7904],[-73.8374,40.7903],[-73.8374,40.7903],[-73.8374,40.7903],[-73.8374,40.7902],[-73.8374,40.7902],[-73.8374,40.7901],[-73.8374,40.79],[-73.8374,40.7899],[-73.8374,40.7899],[-73.8374,40.7899],[-73.8374,40.7898],[-73.8374,40.7898],[-73.8374,40.7898],[-73.8374,40.7898],[-73.8373,40.7898],[-73.8373,40.7897],[-73.8373,40.7897],[-73.8372,40.7896],[-73.8372,40.7896],[-73.8372,40.7895],[-73.8372,40.7895],[-73.8372,40.7895],[-73.8372,40.7895],[-73.8372,40.7895],[-73.8372,40.7894],[-73.8372,40.7894],[-73.8372,40.7894],[-73.8372,40.7893],[-73.8372,40.7892],[-73.8372,40.7892],[-73.8373,40.7891],[-73.8373,40.789],[-73.8373,40.789],[-73.8373,40.789],[-73.8372,40.7892],[-73.8371,40.7894],[-73.8371,40.7894],[-73.8371,40.7894],[-73.8372,40.7895],[-73.8372,40.7895],[-73.8372,40.7895],[-73.8372,40.7896],[-73.8372,40.7896],[-73.8371,40.7896],[-73.8371,40.7896],[-73.8371,40.7896],[-73.837,40.7896],[-73.8369,40.7895],[-73.8368,40.7895],[-73.8367,40.7895],[-73.8365,40.7895],[-73.8364,40.7895],[-73.8364,40.7895],[-73.8363,40.7895],[-73.8362,40.7895],[-73.836,40.7895],[-73.8358,40.7896],[-73.8357,40.7896],[-73.8357,40.7896],[-73.8356,40.7896],[-73.8356,40.7896],[-73.8356,40.7895],[-73.8355,40.7895],[-73.8355,40.7895],[-73.8355,40.7894],[-73.8355,40.7894],[-73.8355,40.7893],[-73.8355,40.7893],[-73.8355,40.7893],[-73.8354,40.7892],[-73.8354,40.7892],[-73.8353,40.7892],[-73.8352,40.7892],[-73.8351,40.7892],[-73.8348,40.7891],[-73.8348,40.7891],[-73.8344,40.7891],[-73.8343,40.7891],[-73.8342,40.7891],[-73.8341,40.7891],[-73.8341,40.789],[-73.8341,40.789],[-73.8341,40.789],[-73.834,40.7889],[-73.834,40.7889],[-73.834,40.7888],[-73.834,40.7887],[-73.834,40.7887],[-73.8339,40.7886],[-73.8339,40.7886],[-73.8338,40.7885],[-73.8338,40.7885],[-73.8338,40.7885],[-73.8337,40.7885],[-73.8336,40.7885],[-73.8336,40.7885],[-73.8335,40.7885],[-73.8335,40.7885],[-73.8335,40.7885],[-73.8334,40.7885],[-73.8334,40.7885],[-73.8333,40.7885],[-73.8333,40.7885],[-73.8332,40.7885],[-73.8332,40.7885],[-73.8331,40.7885],[-73.833,40.7885],[-73.833,40.7885],[-73.8329,40.7885],[-73.8329,40.7885],[-73.8329,40.7886],[-73.8328,40.7886],[-73.8328,40.7886],[-73.8328,40.7886],[-73.8327,40.7886],[-73.8326,40.7886],[-73.8325,40.7886],[-73.8324,40.7887],[-73.8323,40.7887],[-73.8322,40.7887],[-73.8322,40.7887],[-73.8321,40.7888],[-73.8321,40.7888],[-73.8321,40.7888],[-73.832,40.7889],[-73.8319,40.7889],[-73.8319,40.789],[-73.8318,40.7891],[-73.8318,40.7892],[-73.8318,40.7892],[-73.8318,40.7892],[-73.8317,40.7892],[-73.8317,40.7893],[-73.8316,40.7893],[-73.8316,40.7893],[-73.8316,40.7893],[-73.8315,40.7892],[-73.8315,40.7892],[-73.8315,40.7892],[-73.8314,40.7892],[-73.8311,40.7874],[-73.83,40.7864],[-73.8307,40.785],[-73.8296,40.7846],[-73.8279,40.7846],[-73.8269,40.7837],[-73.8257,40.7817],[-73.8251,40.7817],[-73.8257,40.7805],[-73.8261,40.7798],[-73.8267,40.7788],[-73.8283,40.776],[-73.8291,40.7748],[-73.8309,40.773],[-73.8316,40.7724],[-73.8334,40.7713],[-73.8335,40.7716],[-73.8359,40.7776],[-73.8374,40.7786],[-73.839,40.7768],[-73.8398,40.7765],[-73.8408,40.7765],[-73.8426,40.7766],[-73.8444,40.7766],[-73.8463,40.7767],[-73.8471,40.7769],[-73.849,40.777],[-73.849,40.777]]]]}},{"type":"Feature","id":"11357","properties":{"modzcta":"11357"},"geometry":{"type":"MultiPolygon","coordinates":[[[[-73.8283,40.776],[-73.8267,40.7788],[-73.8261,40.7798],[-73.8257,40.7805],[-73.8251,40.7817],[-73.8257,40.7817],[-73.8269,40.7837],[-73.8279,40.7846],[-73.8296,40.7846],[-73.8307,40.785],[-73.83,40.7864],[-73.8311,40.7874],[-73.8314,40.7892],[-73.8314,40.7892],[-73.8314,40.7892],[-73.8314,40.7892],[-73.8314,40.7892],[-73.8315,40.7892],[-73.8315,40.7892],[-73.8316,40.7893],[-73.8317,40.7893],[-73.8317,40.7893],[-73.8318,40.7893],[-73.8319,40.7894],[-73.8319,40.7894],[-73.8319,40.7894],[-73.832,40.7894],[-73.832,40.7895],[-73.832,40.7895],[-73.832,40.7895],[-73.832,40.7896],[-73.832,40.7896],[-73.832,40.7897],[-73.8321,40.7898],[-73.8321,40.7898],[-73.8321,40.79],[-73.8321,40.79],[-73.8321,40.7901],[-73.8321,40.7901],[-73.8321,40.7902],[-73.8321,40.7903],[-73.832,40.7903],[-73.832,40.7904],[-73.8319,40.7905],[-73.8319,40.7906],[-73.8318,40.7906],[-73.8318,40.7908],[-73.8318,40.7909],[-73.8318,40.7909],[-73.8318,40.791],[-73.8318,40.791],[-73.8317,40.791],[-73.8317,40.7911],[-73.8316,40.7912],[-73.8315,40.7912],[-73.8314,40.7914],[-73.8314,40.7914],[-73.8313,40.7914],[-73.8312,40.7915],[-73.8311,40.7915],[-73.831,40.7916],[-73.8309,40.7916],[-73.8307,40.7916],[-73.8306,40.7917],[-73.8305,40.7917],[-73.8305,40.7916],[-73.8304,40.7916],[-73.8303,40.7916],[-73.8302,40.7916],[-73.8301,40.7916],[-73.8301,40.7916],[-73.83,40.7916],[-73.8299,40.7916],[-73.8297,40.7916],[-73.8296,40.7917],[-73.8294,40.7918],[-73.8292,40.7919],[-73.8291,40.7919],[-73.8291,40.7919],[-73.8289,40.7921],[-73.8287,40.7922],[-73.8286,40.7923],[-73.8285,40.7923],[-73.8285,40.7924],[-73.8284,40.7924],[-73.8286,40.7925],[-73.8283,40.7925],[-73.8283,40.7925],[-73.8283,40.7926],[-73.8282,40.7926],[-73.8282,40.7926],[-73.8282,40.7927],[-73.8281,40.7927],[-73.828,40.7927],[-73.828,40.7927],[-73.828,40.7928],[-73.8279,40.793],[-73.8278,40.7931],[-73.8278,40.7932],[-73.8278,40.7933],[-73.8278,40.7934],[-73.8278,40.7935],[-73.8278,40.7937],[-73.8278,40.7937],[-73.8279,40.7939],[-73.8279,40.794],[-73.8279,40.794],[-73.8279,40.7941],[-73.8279,40.7942],[-73.8279,40.7943],[-73.8279,40.7944],[-73.8279,40.7944],[-73.8279,40.7944],[-73.828,40.7945],[-73.828,40.7945],[-73.828,40.7946],[-73.828,40.7946],[-73.828,40.7947],[-73.828,40.7948],[-73.828,40.7948],[-73.828,40.7948],[-73.828,40.7948],[-73.828,40.7948],[-73.8281,40.7948],[-73.8281,40.7948],[-73.8281,40.7948],[-73.8281,40.7949],[-73.828,40.7949],[-73.828,40.7949],[-73.828,40.7949],[-73.828,40.7949],[-73.828,40.7949],[-73.828,40.795],[-73.8281,40.795],[-73.8281,40.795],[-73.8281,40.7951],[-73.8282,40.7951],[-73.8282,40.7951],[-73.8282,40.7952],[-73.8282,40.7952],[-73.8283,40.7954],[-73.8283,40.7955],[-73.8284,40.7955],[-73.8284,40.7956],[-73.8284,40.7956],[-73.8285,40.7957],[-73.8285,40.7957],[-73.8285,40.7957],[-73.8286,40.7957],[-73.8286,40.7957],[-73.8286,40.7957],[-73.8286,40.7957],[-73.8286,40.7957],[-73.8286,40.7957],[-73.8286,40.7957],[-73.8286,40.7957],[-73.8286,40.7958],[-73.8286,40.7958],[-73.8286,40.7958],[-73.8286,40.7958],[-73.8287,40.7959],[-73.8287,40.7959],[-73.8287,40.7959],[-73.8287,40.7959],[-73.8287,40.7959],[-73.8288,40.7959],[-73.8288,40.7959],[-73.8288,40.7959],[-73.8288,40.7959],[-73.8288,40.796],[-73.8288,40.796],[-73.8288,40.7961],[-73.8288,40.7961],[-73.8288,40.7961],[-73.8288,40.7962],[-73.8288,40.7962],[-73.8288,40.7962],[-73.8288,40.7962],[-73.8289,40.7962],[-73.8289,40.7962],[-73.8289,40.7962],[-73.829,40.7962],[-73.829,40.7962],[-73.829,40.7962],[-73.8291,40.7963],[-73.8291,40.7963],[-73.8292,40.7963],[-73.8292,40.7964],[-73.8292,40.7964],[-73.8292,40.7964],[-73.8292,40.7965],[-73.8292,40.7965],[-73.8293,40.7965],[-73.8293,40.7965],[-73.8293,40.7966],[-73.8293,40.7966],[-73.8293,40.7966],[-73.8293,40.7966],[-73.8293,40.7967],[-73.8293,40.7967],[-73.8293,40.7967],[-73.8294,40.7967],[-73.8294,40.7967],[-73.8294,40.7967],[-73.8294,40.7968],[-73.8294,40.7968],[-73.8295,40.7968],[-73.8295,40.7968],[-73.8294,40.7968],[-73.8294,40.7968],[-73.8294,40.7968],[-73.8293,40.7968],[-73.8293,40.7968],[-73.8293,40.7968],[-73.8293,40.7967],[-73.8292,40.7967],[-73.8292,40.7967],[-73.8292,40.7967],[-73.8292,40.7967],[-73.8292,40.7966],[-73.8292,40.7966],[-73.8291,40.7966],[-73.8291,40.7966],[-73.8291,40.7966],[-73.8291,40.7966],[-73.829,40.7966],[-73.829,40.7966],[-73.8289,40.7966],[-73.8289,40.7966],[-73.8288,40.7966],[-73.8288,40.7966],[-73.8287,40.7966],[-73.8287,40.7966],[-73.8287,40.7966],[-73.8286,40.7966],[-73.8286,40.7966],[-73.8286,40.7966],[-73.8285,40.7966],[-73.8285,40.7966],[-73.8285,40.7966],[-73.8284,40.7966],[-73.8284,40.7966],[-73.8284,40.7966],[-73.8283,40.7967],[-73.8283,40.7967],[-73.8283,40.7967],[-73.8282,40.7967],[-73.8282,40.7967],[-73.8281,40.7968],[-73.8281,40.7968],[-73.828,40.7968],[-73.828,40.7968],[-73.8279,40.7967],[-73.8279,40.7968],[-73.8278,40.7968],[-73.8277,40.7968],[-73.8277,40.7968],[-73.8276,40.7968],[-73.8276,40.7968],[-73.8276,40.7968],[-73.8275,40.7968],[-73.8275,40.7968],[-73.8275,40.7968],[-73.8274,40.7968],[-73.8274,40.7968],[-73.8274,40.7968],[-73.8273,40.7968],[-73.8273,40.7969],[-73.8273,40.7969],[-73.8273,40.7969],[-73.8273,40.7969],[-73.8273,40.797],[-73.8273,40.797],[-73.8273,40.797],[-73.8272,40.797],[-73.8272,40.7969],[-73.8272,40.7969],[-73.8272,40.7969],[-73.8272,40.7969],[-73.8271,40.797],[-73.8271,40.797],[-73.8271,40.797],[-73.827,40.797],[-73.827,40.7971],[-73.827,40.7971],[-73.827,40.7971],[-73.827,40.7971],[-73.827,40.7972],[-73.827,40.7972],[-73.827,40.7972],[-73.827,40.7972],[-73.827,40.7973],[-73.827,40.7973],[-73.8271,40.7973],[-73.8271,40.7973],[-73.8271,40.7974],[-73.8271,40.7974],[-73.8271,40.7974],[-73.8272,40.7975],[-73.8272,40.7975],[-73.8272,40.7975],[-73.8272,40.7976],[-73.8272,40.7976],[-73.8272,40.7976],[-73.8272,40.7976],[-73.8271,40.7977],[-73.8271,40.7977],[-73.8271,40.7977],[-73.827,40.7977],[-73.8269,40.7977],[-73.8269,40.7978],[-73.8269,40.7978],[-73.8268,40.7978],[-73.8268,40.7978],[-73.8268,40.7978],[-73.8267,40.7978],[-73.8267,40.7978],[-73.8266,40.7978],[-73.8266,40.7978],[-73.8265,40.7977],[-73.8265,40.7977],[-73.8264,40.7976],[-73.8264,40.7975],[-73.8263,40.7975],[-73.8263,40.7975],[-73.8263,40.7975],[-73.8263,40.7975],[-73.8262,40.7974],[-73.8262,40.7974],[-73.8262,40.7974],[-73.8261,40.7974],[-73.8261,40.7974],[-73.826,40.7974],[-73.826,40.7974],[-73.826,40.7974],[-73.8259,40.7974],[-73.8259,40.7974],[-73.8258,40.7974],[-73.8258,40.7974],[-73.8257,40.7974],[-73.8257,40.7974],[-73.8257,40.7974],[-73.8256,40.7974],[-73.8256,40.7974],[-73.8256,40.7974],[-73.8255,40.7974],[-73.8255,40.7974],[-73.8255,40.7974],[-73.8255,40.7974],[-73.8255,40.7974],[-73.8255,40.7974],[-73.8254,40.7974],[-73.8254,40.7973],[-73.8254,40.7973],[-73.8253,40.7973],[-73.8253,40.7973],[-73.8253,40.7973],[-73.8252,40.7973],[-73.8252,40.7973],[-73.8251,40.7974],[-73.8251,40.7974],[-73.825,40.7974],[-73.825,40.7974],[-73.825,40.7974],[-73.8249,40.7975],[-73.8249,40.7975],[-73.8249,40.7975],[-73.8248,40.7975],[-73.8248,40.7976],[-73.8248,40.7976],[-73.8247,40.7976],[-73.8247,40.7976],[-73.8247,40.7976],[-73.8246,40.7977],[-73.8246,40.7977],[-73.8246,40.7977],[-73.8246,40.7977],[-73.8245,40.7977],[-73.8245,40.7978],[-73.8245,40.7978],[-73.8245,40.7978],[-73.8244,40.7978],[-73.8244,40.7978],[-73.8244,40.7979],[-73.8244,40.7979],[-73.8243,40.7979],[-73.8243,40.7979],[-73.8243,40.7979],[-73.8242,40.798],[-73.8242,40.798],[-73.8242,40.798],[-73.8242,40.798],[-73.8241,40.798],[-73.8241,40.798],[-73.8241,40.798],[-73.824,40.7981],[-73.824,40.7981],[-73.824,40.7981],[-73.824,40.7981],[-73.824,40.7982],[-73.824,40.7982],[-73.824,40.7982],[-73.824,40.7982],[-73.8239,40.7982],[-73.8239,40.7982],[-73.8239,40.7982],[-73.8239,40.7982],[-73.8239,40.7982],[-73.8239,40.7982],[-73.8238,40.7982],[-73.8238,40.7982],[-73.8238,40.7982],[-73.8237,40.7982],[-73.8237,40.7982],[-73.8237,40.7982],[-73.8236,40.7982],[-73.8236,40.7983],[-73.8236,40.7983],[-73.8235,40.7983],[-73.8235,40.7983],[-73.8235,40.7984],[-73.8235,40.7984],[-73.8235,40.7984],[-73.8235,40.7984],[-73.8235,40.7984],[-73.8235,40.7984],[-73.8235,40.7984],[-73.8234,40.7984],[-73.8234,40.7984],[-73.8234,40.7984],[-73.8234,40.7985],[-73.8234,40.7984],[-73.8233,40.7984],[-73.8233,40.7985],[-73.8233,40.7985],[-73.8232,40.7985],[-73.8232,40.7985],[-73.8232,40.7985],[-73.8232,40.7986],[-73.8232,40.7986],[-73.8231,40.7986],[-73.8231,40.7986],[-73.8231,40.7986],[-73.8231,40.7987],[-73.8231,40.7987],[-73.8231,40.7987],[-73.8231,40.7987],[-73.8231,40.7987],[-73.823,40.7986],[-73.823,40.7986],[-73.823,40.7987],[-73.8229,40.7987],[-73.8229,40.7987],[-73.8228,40.7987],[-73.8228,40.7988],[-73.8228,40.7988],[-73.8228,40.7988],[-73.8227,40.7988],[-73.8227,40.7988],[-73.8227,40.7988],[-73.8227,40.7989],[-73.8226,40.7989],[-73.8226,40.7989],[-73.8226,40.7989],[-73.8225,40.799],[-73.8225,40.799],[-73.8225,40.799],[-73.8225,40.799],[-73.8224,40.7991],[-73.8224,40.7991],[-73.8224,40.7991],[-73.8223,40.7992],[-73.8222,40.7993],[-73.8221,40.7994],[-73.8221,40.7995],[-73.822,40.7996],[-73.8219,40.7998],[-73.8218,40.7999],[-73.8216,40.8],[-73.8214,40.8001],[-73.8212,40.8003],[-73.8211,40.8004],[-73.821,40.8005],[-73.8209,40.8005],[-73.8207,40.8006],[-73.8206,40.8006],[-73.8206,40.8006],[-73.8206,40.8006],[-73.8205,40.8006],[-73.8205,40.8006],[-73.8204,40.8006],[-73.8204,40.8006],[-73.8204,40.8007],[-73.8203,40.8007],[-73.8203,40.8007],[-73.8203,40.8007],[-73.8202,40.8007],[-73.8202,40.8007],[-73.8202,40.8007],[-73.8201,40.8008],[-73.8201,40.8008],[-73.8201,40.8008],[-73.8201,40.8008],[-73.82,40.8008],[-73.82,40.8008],[-73.82,40.8009],[-73.8199,40.8009],[-73.8199,40.8009],[-73.8199,40.8009],[-73.8199,40.8009],[-73.8199,40.801],[-73.8199,40.801],[-73.8199,40.801],[-73.8199,40.801],[-73.8198,40.801],[-73.8198,40.801],[-73.8198,40.801],[-73.8198,40.8009],[-73.8198,40.8009],[-73.8197,40.8009],[-73.8197,40.8009],[-73.8197,40.8009],[-73.8196,40.8009],[-73.8196,40.8009],[-73.8196,40.8009],[-73.8195,40.8008],[-73.8195,40.8008],[-73.8195,40.8008],[-73.8194,40.8008],[-73.8194,40.8007],[-73.8194,40.8007],[-73.8193,40.8007],[-73.8193,40.8007],[-73.8193,40.8007],[-73.8193,40.8007],[-73.8192,40.8006],[-73.8192,40.8006],[-73.8192,40.8006],[-73.8191,40.8006],[-73.8191,40.8005],[-73.8191,40.8005],[-73.819,40.8005],[-73.819,40.8005],[-73.819,40.8004],[-73.819,40.8004],[-73.8189,40.8004],[-73.8189,40.8004],[-73.8189,40.8003],[-73.8189,40.8003],[-73.8188,40.8003],[-73.8188,40.8003],[-73.8188,40.8003],[-73.8187,40.8003],[-73.8187,40.8002],[-73.8187,40.8002],[-73.8186,40.8002],[-73.8186,40.8002],[-73.8186,40.8001],[-73.8186,40.8001],[-73.8185,40.8001],[-73.8185,40.8001],[-73.8185,40.8],[-73.8184,40.8],[-73.8184,40.8],[-73.8184,40.8],[-73.8184,40.7999],[-73.8183,40.7999],[-73.8183,40.7999],[-73.8183,40.7999],[-73.8182,40.7999],[-73.8182,40.7998],[-73.8182,40.7998],[-73.8181,40.7998],[-73.8181,40.7998],[-73.8181,40.7998],[-73.8181,40.7998],[-73.818,40.7997],[-73.818,40.7997],[-73.818,40.7997],[-73.8179,40.7997],[-73.8179,40.7997],[-73.8179,40.7996],[-73.8179,40.7996],[-73.8178,40.7996],[-73.8178,40.7996],[-73.8178,40.7996],[-73.8177,40.7995],[-73.8177,40.7995],[-73.8177,40.7995],[-73.8177,40.7995],[-73.8176,40.7995],[-73.8176,40.7994],[-73.8176,40.7994],[-73.8175,40.7994],[-73.8175,40.7994],[-73.8175,40.7993],[-73.8174,40.7993],[-73.8174,40.7993],[-73.8173,40.7993],[-73.8173,40.7993],[-73.8173,40.7992],[-73.8173,40.7992],[-73.8172,40.7992],[-73.8172,40.7992],[-73.8172,40.7992],[-73.8171,40.7992],[-73.8171,40.7992],[-73.817,40.7992],[-73.817,40.7992],[-73.817,40.7991],[-73.8169,40.7991],[-73.8169,40.7991],[-73.8169,40.7991],[-73.8168,40.7991],[-73.8168,40.7991],[-73.8168,40.7991],[-73.8167,40.7991],[-73.8167,40.7991],[-73.8167,40.7991],[-73.8166,40.7991],[-73.8166,40.7991],[-73.8166,40.799],[-73.8165,40.799],[-73.8165,40.799],[-73.8165,40.799],[-73.8165,40.799],[-73.8164,40.7989],[-73.8164,40.7989],[-73.8164,40.7989],[-73.8164,40.7989],[-73.8163,40.7988],[-73.8163,40.7988],[-73.8163,40.7988],[-73.8163,40.7988],[-73.8162,40.7988],[-73.8162,40.7987],[-73.8162,40.7987],[-73.8162,40.7987],[-73.8162,40.7987],[-73.8161,40.7986],[-73.8161,40.7986],[-73.8161,40.7986],[-73.8161,40.7986],[-73.8161,40.7986],[-73.816,40.7985],[-73.816,40.7985],[-73.816,40.7985],[-73.8159,40.7985],[-73.8159,40.7985],[-73.8159,40.7985],[-73.8158,40.7985],[-73.8158,40.7984],[-73.8158,40.7984],[-73.8157,40.7984],[-73.8157,40.7984],[-73.8157,40.7984],[-73.8156,40.7984],[-73.8156,40.7984],[-73.8156,40.7984],[-73.8156,40.7983],[-73.8155,40.7983],[-73.8155,40.7983],[-73.8155,40.7983],[-73.8154,40.7983],[-73.8154,40.7983],[-73.8154,40.7983],[-73.8153,40.7982],[-73.8153,40.7982],[-73.8153,40.7982],[-73.8152,40.7982],[-73.8152,40.7982],[-73.8152,40.7982],[-73.8151,40.7982],[-73.8151,40.7981],[-73.815,40.7981],[-73.815,40.7981],[-73.815,40.7981],[-73.815,40.7981],[-73.8149,40.7981],[-73.8149,40.7981],[-73.8149,40.798],[-73.8148,40.798],[-73.8148,40.798],[-73.8148,40.798],[-73.8147,40.798],[-73.8147,40.798],[-73.8147,40.798],[-73.8147,40.798],[-73.8146,40.7979],[-73.8146,40.7979],[-73.8146,40.7979],[-73.8145,40.7979],[-73.8145,40.7979],[-73.8145,40.7979],[-73.8144,40.7979],[-73.8144,40.7978],[-73.8144,40.7978],[-73.8144,40.7978],[-73.8143,40.7978],[-73.8143,40.7978],[-73.8143,40.7978],[-73.8142,40.7978],[-73.8142,40.7978],[-73.8141,40.7978],[-73.8141,40.7977],[-73.8141,40.7977],[-73.814,40.7977],[-73.814,40.7977],[-73.814,40.7977],[-73.8139,40.7977],[-73.8139,40.7976],[-73.8139,40.7976],[-73.8138,40.7976],[-73.8138,40.7976],[-73.8138,40.7976],[-73.8137,40.7976],[-73.8137,40.7976],[-73.8137,40.7975],[-73.8137,40.7975],[-73.8136,40.7975],[-73.8136,40.7975],[-73.8136,40.7975],[-73.8136,40.7974],[-73.8136,40.7974],[-73.8136,40.7974],[-73.8137,40.7974],[-73.8137,40.7973],[-73.8137,40.7973],[-73.8137,40.7973],[-73.8137,40.7972],[-73.8137,40.7972],[-73.8137,40.7972],[-73.8138,40.7971],[-73.8137,40.7971],[-73.8137,40.7971],[-73.8136,40.797],[-73.8134,40.7971],[-73.8133,40.7972],[-73.8132,40.7972],[-73.8129,40.7972],[-73.8129,40.7972],[-73.8129,40.7972],[-73.8129,40.7972],[-73.8129,40.7973],[-73.8128,40.7973],[-73.8128,40.7973],[-73.8128,40.7973],[-73.8128,40.7974],[-73.8128,40.7974],[-73.8128,40.7974],[-73.8128,40.7974],[-73.8127,40.7975],[-73.8127,40.7975],[-73.8127,40.7975],[-73.8127,40.7976],[-73.8127,40.7976],[-73.8127,40.7976],[-73.8127,40.7976],[-73.8127,40.7977],[-73.8127,40.7977],[-73.8127,40.7977],[-73.8127,40.7977],[-73.8127,40.7978],[-73.8127,40.7978],[-73.8126,40.7978],[-73.8126,40.7978],[-73.8126,40.7978],[-73.8126,40.7979],[-73.8126,40.7979],[-73.8126,40.7979],[-73.8126,40.798],[-73.8126,40.798],[-73.8126,40.798],[-73.8125,40.798],[-73.8125,40.7981],[-73.8125,40.7981],[-73.8125,40.7981],[-73.8124,40.7981],[-73.8124,40.7981],[-73.8124,40.7981],[-73.8123,40.7981],[-73.8123,40.7981],[-73.8123,40.7981],[-73.8122,40.7981],[-73.8122,40.7981],[-73.8122,40.7981],[-73.8121,40.7981],[-73.8118,40.7979],[-73.8118,40.7978],[-73.8118,40.7976],[-73.8118,40.7975],[-73.8115,40.7973],[-73.8114,40.7973],[-73.8114,40.7973],[-73.8113,40.7973],[-73.8113,40.7973],[-73.8113,40.7973],[-73.8112,40.7973],[-73.8112,40.7973],[-73.8112,40.7973],[-73.8111,40.7973],[-73.811,40.7973],[-73.811,40.7973],[-73.811,40.7973],[-73.8109,40.7973],[-73.8109,40.7973],[-73.8108,40.7973],[-73.8108,40.7973],[-73.8108,40.7972],[-73.8107,40.7972],[-73.8107,40.7972],[-73.8107,40.7972],[-73.8107,40.7972],[-73.8106,40.7972],[-73.8106,40.7972],[-73.8105,40.7972],[-73.8105,40.7972],[-73.8105,40.7972],[-73.8104,40.7972],[-73.8104,40.7972],[-73.8104,40.7972],[-73.8103,40.7972],[-73.8103,40.7972],[-73.8103,40.7972],[-73.8102,40.7972],[-73.8102,40.7972],[-73.8101,40.7971],[-73.8101,40.7971],[-73.8101,40.7971],[-73.81,40.7971],[-73.81,40.7971],[-73.81,40.7971],[-73.81,40.7971],[-73.8099,40.7971],[-73.8099,40.7971],[-73.8099,40.7971],[-73.8098,40.7971],[-73.8098,40.7971],[-73.8097,40.797],[-73.8097,40.797],[-73.8097,40.797],[-73.8097,40.797],[-73.8096,40.797],[-73.8096,40.797],[-73.8095,40.797],[-73.8095,40.797],[-73.8095,40.797],[-73.8094,40.797],[-73.8094,40.797],[-73.8093,40.797],[-73.8093,40.797],[-73.8093,40.797],[-73.8092,40.797],[-73.8092,40.7969],[-73.8092,40.7969],[-73.8091,40.7969],[-73.8091,40.7969],[-73.8091,40.7969],[-73.8091,40.7969],[-73.809,40.7969],[-73.809,40.7969],[-73.809,40.7968],[-73.8089,40.7968],[-73.8089,40.7968],[-73.8089,40.7968],[-73.8088,40.7968],[-73.8088,40.7968],[-73.8088,40.7968],[-73.8087,40.7968],[-73.8087,40.7968],[-73.8087,40.7968],[-73.8086,40.7968],[-73.8086,40.7968],[-73.8086,40.7968],[-73.8086,40.7968],[-73.8085,40.7968],[-73.8085,40.7968],[-73.8085,40.7968],[-73.8084,40.7968],[-73.8084,40.7968],[-73.8083,40.7967],[-73.8083,40.7967],[-73.8083,40.7967],[-73.8082,40.7967],[-73.8082,40.7967],[-73.8082,40.7967],[-73.8081,40.7967],[-73.8081,40.7967],[-73.8077,40.7967],[-73.8075,40.7966],[-73.8074,40.7966],[-73.8074,40.7966],[-73.8064,40.7964],[-73.8064,40.7964],[-73.8063,40.7964],[-73.8063,40.7964],[-73.8062,40.7965],[-73.806,40.7965],[-73.8059,40.7965],[-73.8058,40.7965],[-73.8057,40.7964],[-73.8056,40.7963],[-73.8055,40.7963],[-73.8054,40.7962],[-73.8054,40.7962],[-73.8054,40.7962],[-73.8054,40.7962],[-73.8053,40.7962],[-73.8053,40.7962],[-73.8052,40.7962],[-73.8052,40.7962],[-73.8052,40.7962],[-73.8052,40.7962],[-73.8051,40.7962],[-73.8051,40.7962],[-73.8051,40.7962],[-73.8051,40.7962],[-73.805,40.7961],[-73.805,40.7961],[-73.805,40.7961],[-73.8049,40.7962],[-73.8048,40.7962],[-73.8047,40.7962],[-73.8047,40.7962],[-73.8046,40.7961],[-73.8046,40.7961],[-73.8045,40.7961],[-73.8045,40.7962],[-73.8045,40.7962],[-73.8044,40.7962],[-73.8044,40.7962],[-73.8044,40.7962],[-73.8043,40.7962],[-73.8043,40.7962],[-73.8043,40.7962],[-73.8042,40.7962],[-73.8042,40.7962],[-73.8041,40.7962],[-73.8041,40.7962],[-73.8041,40.7962],[-73.8041,40.7963],[-73.804,40.7963],[-73.804,40.7963],[-73.804,40.7963],[-73.8039,40.7963],[-73.8039,40.7963],[-73.8039,40.7963],[-73.8038,40.7963],[-73.8038,40.7963],[-73.8038,40.7963],[-73.8038,40.7964],[-73.8037,40.7964],[-73.8037,40.7964],[-73.8037,40.7964],[-73.8036,40.7964],[-73.8036,40.7964],[-73.8036,40.7964],[-73.8035,40.7964],[-73.8035,40.7965],[-73.8035,40.7965],[-73.8035,40.7965],[-73.8035,40.7965],[-73.8034,40.7965],[-73.8034,40.7966],[-73.8034,40.7966],[-73.8034,40.7966],[-73.8034,40.7967],[-73.8034,40.7967],[-73.8034,40.7967],[-73.8034,40.7967],[-73.8033,40.7967],[-73.8033,40.7967],[-73.8033,40.7967],[-73.8032,40.7967],[-73.8032,40.7967],[-73.8031,40.7967],[-73.8031,40.7967],[-73.8031,40.7967],[-73.803,40.7967],[-73.803,40.7966],[-73.8029,40.7964],[-73.8029,40.7964],[-73.8029,40.7964],[-73.8029,40.7964],[-73.8028,40.7964],[-73.8028,40.7964],[-73.8028,40.7964],[-73.8027,40.7964],[-73.8027,40.7964],[-73.8027,40.7963],[-73.8026,40.7963],[-73.8026,40.7964],[-73.8026,40.7964],[-73.8026,40.7963],[-73.8026,40.7963],[-73.8026,40.7963],[-73.8025,40.7963],[-73.8025,40.7963],[-73.8025,40.7963],[-73.8024,40.7963],[-73.8024,40.7963],[-73.8024,40.7963],[-73.8023,40.7963],[-73.8023,40.7963],[-73.8022,40.7963],[-73.8022,40.7963],[-73.8022,40.7963],[-73.8021,40.7963],[-73.8021,40.7963],[-73.8021,40.7963],[-73.802,40.7963],[-73.802,40.7963],[-73.802,40.7963],[-73.8019,40.7963],[-73.8019,40.7963],[-73.8018,40.7963],[-73.8018,40.7963],[-73.8018,40.7963],[-73.8018,40.7963],[-73.8017,40.7963],[-73.8017,40.7963],[-73.8017,40.7963],[-73.8016,40.7963],[-73.8016,40.7963],[-73.8016,40.7963],[-73.8015,40.7964],[-73.8015,40.7964],[-73.8015,40.7964],[-73.8014,40.7964],[-73.8014,40.7964],[-73.8014,40.7964],[-73.8013,40.7964],[-73.8013,40.7964],[-73.8013,40.7964],[-73.8012,40.7964],[-73.8012,40.7965],[-73.8012,40.7965],[-73.8012,40.7965],[-73.8011,40.7965],[-73.8011,40.7965],[-73.8011,40.7965],[-73.801,40.7965],[-73.801,40.7965],[-73.801,40.7965],[-73.801,40.7965],[-73.801,40.7964],[-73.801,40.7964],[-73.801,40.7964],[-73.8009,40.7964],[-73.8009,40.7964],[-73.8009,40.7963],[-73.8008,40.7963],[-73.8008,40.7963],[-73.8008,40.7963],[-73.8007,40.7963],[-73.8007,40.7963],[-73.8007,40.7964],[-73.8006,40.7964],[-73.8006,40.7964],[-73.8006,40.7964],[-73.8006,40.7964],[-73.8006,40.7964],[-73.8006,40.7964],[-73.8006,40.7964],[-73.8006,40.7963],[-73.8005,40.7963],[-73.8005,40.7963],[-73.8005,40.7963],[-73.8005,40.7963],[-73.8004,40.7963],[-73.8004,40.7963],[-73.8004,40.7963],[-73.8003,40.7963],[-73.8003,40.7963],[-73.8002,40.7963],[-73.8002,40.7963],[-73.8002,40.7963],[-73.8001,40.7963],[-73.8001,40.7963],[-73.8001,40.7963],[-73.8,40.7962],[-73.8,40.7962],[-73.8,40.7962],[-73.7999,40.7962],[-73.7999,40.7962],[-73.7999,40.7962],[-73.7998,40.7962],[-73.7998,40.7962],[-73.7997,40.7962],[-73.7997,40.7962],[-73.7997,40.7962],[-73.7997,40.7962],[-73.7996,40.7962],[-73.7997,40.7962],[-73.7997,40.7963],[-73.7997,40.7963],[-73.7997,40.7963],[-73.7997,40.7963],[-73.7996,40.7963],[-73.7996,40.7963],[-73.7996,40.7963],[-73.7996,40.7963],[-73.7996,40.7963],[-73.7995,40.7963],[-73.7995,40.7962],[-73.7995,40.7962],[-73.7995,40.7962],[-73.7994,40.7962],[-73.7994,40.7962],[-73.7994,40.7962],[-73.7994,40.7961],[-73.7994,40.7961],[-73.7993,40.7961],[-73.7993,40.7961],[-73.7993,40.7961],[-73.7992,40.7961],[-73.7992,40.7961],[-73.7991,40.796],[-73.7991,40.796],[-73.7991,40.796],[-73.799,40.796],[-73.799,40.796],[-73.799,40.796],[-73.7989,40.796],[-73.7989,40.796],[-73.7989,40.796],[-73.7988,40.796],[-73.7988,40.796],[-73.7988,40.796],[-73.7987,40.796],[-73.7987,40.796],[-73.7987,40.796],[-73.7987,40.7959],[-73.7987,40.7959],[-73.7986,40.7959],[-73.7986,40.7959],[-73.7986,40.7959],[-73.7986,40.7959],[-73.7985,40.7958],[-73.7985,40.7958],[-73.7985,40.7958],[-73.7985,40.7958],[-73.7984,40.7958],[-73.7984,40.7957],[-73.7984,40.7957],[-73.7983,40.7957],[-73.7983,40.7957],[-73.7983,40.7957],[-73.7983,40.7957],[-73.7982,40.7956],[-73.7982,40.7956],[-73.7982,40.7956],[-73.7981,40.7956],[-73.7981,40.7956],[-73.798,40.7956],[-73.798,40.7956],[-73.798,40.7956],[-73.7979,40.7956],[-73.7979,40.7956],[-73.7979,40.7956],[-73.7978,40.7955],[-73.7978,40.7955],[-73.7978,40.7955],[-73.7977,40.7955],[-73.7977,40.7955],[-73.7977,40.7955],[-73.7976,40.7955],[-73.7976,40.7955],[-73.7976,40.7955],[-73.7975,40.7955],[-73.7975,40.7955],[-73.7975,40.7955],[-73.7974,40.7955],[-73.7974,40.7954],[-73.7974,40.7954],[-73.7973,40.7954],[-73.7973,40.7954],[-73.7973,40.7955],[-73.7972,40.7954],[-73.7972,40.7954],[-73.7972,40.7954],[-73.7973,40.7954],[-73.7973,40.7954],[-73.7973,40.7954],[-73.7972,40.7953],[-73.7972,40.7953],[-73.7972,40.7953],[-73.7971,40.7953],[-73.7971,40.7953],[-73.7971,40.7953],[-73.797,40.7953],[-73.797,40.7953],[-73.797,40.7953],[-73.7969,40.7953],[-73.7969,40.7953],[-73.7968,40.7952],[-73.7968,40.7952],[-73.7968,40.7952],[-73.7967,40.7952],[-73.7967,40.7952],[-73.7966,40.7952],[-73.7966,40.7952],[-73.7966,40.7951],[-73.7965,40.7951],[-73.7965,40.7951],[-73.7965,40.7951],[-73.7964,40.7951],[-73.7964,40.7951],[-73.7964,40.7951],[-73.7963,40.7951],[-73.7963,40.7951],[-73.7963,40.7951],[-73.7962,40.795],[-73.7962,40.795],[-73.7962,40.795],[-73.7961,40.795],[-73.7958,40.795],[-73.7955,40.795],[-73.7953,40.795],[-73.7952,40.795],[-73.7951,40.7951],[-73.7951,40.7951],[-73.7951,40.7951],[-73.7951,40.7951],[-73.7951,40.7951],[-73.7951,40.795],[-73.7951,40.7949],[-73.7949,40.7949],[-73.7948,40.7949],[-73.7947,40.7949],[-73.7947,40.7949],[-73.7947,40.7949],[-73.7946,40.7949],[-73.7945,40.7948],[-73.7945,40.7948],[-73.7944,40.7948],[-73.7944,40.7948],[-73.7944,40.7948],[-73.7944,40.7948],[-73.7944,40.7948],[-73.7945,40.7948],[-73.7945,40.7948],[-73.7945,40.7948],[-73.7946,40.7948],[-73.7946,40.7948],[-73.7946,40.7948],[-73.7946,40.7948],[-73.7946,40.7947],[-73.7945,40.7946],[-73.7944,40.7945],[-73.7944,40.7944],[-73.7944,40.7943],[-73.7944,40.7942],[-73.7944,40.7941],[-73.7945,40.794],[-73.7945,40.794],[-73.7946,40.794],[-73.7946,40.7939],[-73.7946,40.7939],[-73.7946,40.7939],[-73.7946,40.7939],[-73.7946,40.7938],[-73.7946,40.7938],[-73.7946,40.7938],[-73.7946,40.7938],[-73.7946,40.7937],[-73.7946,40.7937],[-73.7946,40.7937],[-73.7946,40.7937],[-73.7946,40.7936],[-73.7946,40.7936],[-73.7946,40.7936],[-73.7946,40.7935],[-73.7946,40.7935],[-73.7946,40.7935],[-73.7946,40.7935],[-73.7946,40.7934],[-73.7946,40.7934],[-73.7947,40.7934],[-73.7947,40.7933],[-73.7947,40.7933],[-73.7947,40.7933],[-73.7947,40.7933],[-73.7947,40.7932],[-73.7947,40.7932],[-73.7947,40.7932],[-73.7947,40.7931],[-73.7947,40.7931],[-73.7948,40.793],[-73.7948,40.793],[-73.7948,40.793],[-73.7948,40.793],[-73.7948,40.7929],[-73.7948,40.7929],[-73.7948,40.7929],[-73.7948,40.7928],[-73.7948,40.7928],[-73.7947,40.7928],[-73.7947,40.7927],[-73.7947,40.7927],[-73.7947,40.7927],[-73.7947,40.7927],[-73.7947,40.7927],[-73.7947,40.7926],[-73.7948,40.7926],[-73.7948,40.7926],[-73.7948,40.7926],[-73.7949,40.7926],[-73.7949,40.7926],[-73.7949,40.7925],[-73.7949,40.7925],[-73.7949,40.7925],[-73.7949,40.7925],[-73.7949,40.7924],[-73.7949,40.7924],[-73.7949,40.7924],[-73.7949,40.7924],[-73.7949,40.7923],[-73.7949,40.7923],[-73.7949,40.7923],[-73.7949,40.7923],[-73.7949,40.7922],[-73.7949,40.7922],[-73.7949,40.7922],[-73.795,40.7921],[-73.795,40.7921],[-73.795,40.7921],[-73.795,40.7921],[-73.795,40.792],[-73.795,40.792],[-73.795,40.792],[-73.795,40.7919],[-73.795,40.7919],[-73.795,40.7919],[-73.795,40.7919],[-73.795,40.7918],[-73.795,40.7918],[-73.7949,40.7917],[-73.7949,40.7916],[-73.7949,40.7916],[-73.7948,40.7913],[-73.7947,40.7911],[-73.7944,40.7906],[-73.7944,40.7904],[-73.7941,40.7898],[-73.7941,40.7898],[-73.7941,40.7898],[-73.7941,40.7897],[-73.7941,40.7897],[-73.794,40.7897],[-73.794,40.7896],[-73.794,40.7896],[-73.794,40.7896],[-73.794,40.7895],[-73.794,40.7895],[-73.794,40.7895],[-73.7939,40.7895],[-73.7939,40.7894],[-73.7939,40.7894],[-73.7939,40.7894],[-73.7939,40.7894],[-73.7939,40.7893],[-73.7939,40.7893],[-73.7938,40.7893],[-73.7938,40.7892],[-73.7938,40.7892],[-73.7938,40.7892],[-73.7938,40.7891],[-73.7938,40.7891],[-73.7938,40.7891],[-73.7938,40.7891],[-73.7938,40.7891],[-73.7937,40.789],[-73.7937,40.789],[-73.7937,40.7891],[-73.7936,40.7891],[-73.7936,40.789],[-73.7935,40.789],[-73.7935,40.789],[-73.7935,40.789],[-73.7934,40.789],[-73.7934,40.789],[-73.7934,40.789],[-73.7933,40.7889],[-73.7933,40.7889],[-73.7933,40.7889],[-73.7932,40.7889],[-73.7932,40.7889],[-73.7932,40.7889],[-73.7932,40.7889],[-73.7931,40.7889],[-73.7931,40.7889],[-73.7931,40.7888],[-73.793,40.7888],[-73.793,40.7888],[-73.7929,40.7888],[-73.7928,40.7888],[-73.7926,40.7888],[-73.7925,40.7888],[-73.7925,40.7888],[-73.7924,40.7889],[-73.7922,40.789],[-73.7921,40.7891],[-73.792,40.7892],[-73.7919,40.7892],[-73.7919,40.7893],[-73.7916,40.7891],[-73.7909,40.7884],[-73.7906,40.7882],[-73.7915,40.7877],[-73.7939,40.7867],[-73.7949,40.7863],[-73.795,40.7862],[-73.7943,40.786],[-73.794,40.7853],[-73.7934,40.7824],[-73.7931,40.7817],[-73.793,40.7813],[-73.7925,40.7812],[-73.7921,40.7807],[-73.792,40.7805],[-73.7919,40.7794],[-73.7911,40.779],[-73.7917,40.7784],[-73.792,40.7772],[-73.7912,40.7766],[-73.7906,40.7752],[-73.7904,40.7746],[-73.7923,40.774],[-73.7927,40.7739],[-73.7928,40.774],[-73.7978,40.7744],[-73.7982,40.7749],[-73.7983,40.7744],[-73.8039,40.7749],[-73.8041,40.7744],[-73.8044,40.7746],[-73.8063,40.7749],[-73.8067,40.7751],[-73.8128,40.7756],[-73.8139,40.7757],[-73.8149,40.7759],[-73.8173,40.7763],[-73.8187,40.7765],[-73.8197,40.7766],[-73.8231,40.7768],[-73.8249,40.7765],[-73.8258,40.7767],[-73.8278,40.776],[-73.8283,40.776],[-73.8283,40.776]]]]}},{"type":"Feature","id":"11360","properties":{"modzcta":"11360"},"geometry":{"type":"MultiPolygon","coordinates":[[[[-73.7893,40.7697],[-73.79,40.771],[-73.7912,40.7734],[-73.7904,40.7746],[-73.7906,40.7752],[-73.7912,40.7766],[-73.792,40.7772],[-73.7917,40.7784],[-73.7911,40.779],[-73.7919,40.7794],[-73.792,40.7805],[-73.7913,40.7808],[-73.7924,40.7809],[-73.7929,40.7812],[-73.793,40.7813],[-73.7932,40.7817],[-73.7937,40.7842],[-73.7941,40.7861],[-73.7951,40.7859],[-73.7949,40.7863],[-73.7945,40.7865],[-73.7933,40.7869],[-73.7906,40.7882],[-73.7907,40.7882],[-73.7913,40.7889],[-73.7918,40.7894],[-73.7916,40.7895],[-73.7899,40.7904],[-73.7888,40.7904],[-73.788,40.7904],[-73.7857,40.7903],[-73.7832,40.7909],[-73.7825,40.7914],[-73.7844,40.7917],[-73.7823,40.7914],[-73.7817,40.7912],[-73.7814,40.7914],[-73.7811,40.7917],[-73.7808,40.793],[-73.7809,40.7933],[-73.7808,40.7933],[-73.7807,40.7933],[-73.7808,40.794],[-73.7813,40.7946],[-73.7818,40.7948],[-73.7826,40.7949],[-73.7828,40.7949],[-73.7831,40.7949],[-73.7832,40.7949],[-73.7832,40.7948],[-73.7833,40.7948],[-73.7833,40.7948],[-73.7833,40.7948],[-73.7833,40.7949],[-73.7833,40.7949],[-73.7832,40.795],[-73.7831,40.795],[-73.7831,40.795],[-73.7824,40.795],[-73.7818,40.7951],[-73.7817,40.7956],[-73.7799,40.7962],[-73.7794,40.7966],[-73.7794,40.7967],[-73.7793,40.7967],[-73.7787,40.7966],[-73.7787,40.7966],[-73.7787,40.7966],[-73.7786,40.7966],[-73.7786,40.7967],[-73.7786,40.7967],[-73.7785,40.7967],[-73.7785,40.7967],[-73.7785,40.7967],[-73.7784,40.7967],[-73.7784,40.7967],[-73.7784,40.7967],[-73.7783,40.7967],[-73.7783,40.7967],[-73.7769,40.7964],[-73.7758,40.7958],[-73.775,40.795],[-73.7748,40.7949],[-73.7744,40.7946],[-73.7743,40.7944],[-73.7742,40.7943],[-73.7742,40.7942],[-73.7741,40.7941],[-73.7741,40.7941],[-73.774,40.7941],[-73.774,40.794],[-73.774,40.794],[-73.774,40.794],[-73.774,40.794],[-73.774,40.7939],[-73.774,40.7936],[-73.7739,40.7934],[-73.7738,40.7932],[-73.7737,40.7931],[-73.7737,40.7929],[-73.7736,40.7927],[-73.7734,40.7925],[-73.7732,40.7922],[-73.7729,40.792],[-73.7728,40.7919],[-73.7727,40.7918],[-73.7725,40.7917],[-73.7724,40.7916],[-73.7723,40.791],[-73.7723,40.7908],[-73.7722,40.7907],[-73.7723,40.7905],[-73.7722,40.7903],[-73.7721,40.7902],[-73.772,40.7901],[-73.7719,40.79],[-73.7718,40.7899],[-73.7717,40.7899],[-73.7717,40.7898],[-73.7717,40.7897],[-73.7717,40.7896],[-73.7711,40.789],[-73.7706,40.7885],[-73.7712,40.7878],[-73.7713,40.7877],[-73.7715,40.7876],[-73.7717,40.7875],[-73.772,40.7874],[-73.7722,40.7873],[-73.7738,40.7868],[-73.7741,40.7868],[-73.7743,40.7868],[-73.7744,40.7869],[-73.7742,40.787],[-73.7742,40.7871],[-73.7744,40.7872],[-73.7763,40.7885],[-73.7759,40.788],[-73.7749,40.7871],[-73.7747,40.7869],[-73.7746,40.7869],[-73.7745,40.7867],[-73.7744,40.7867],[-73.7741,40.7863],[-73.7726,40.7842],[-73.7716,40.783],[-73.7698,40.7813],[-73.7691,40.7805],[-73.7686,40.7799],[-73.7683,40.7796],[-73.7681,40.7796],[-73.7682,40.7794],[-73.7681,40.7793],[-73.7676,40.7783],[-73.7675,40.7777],[-73.7671,40.7768],[-73.7666,40.7762],[-73.7663,40.7757],[-73.766,40.7751],[-73.7651,40.7738],[-73.7644,40.773],[-73.7636,40.7724],[-73.7634,40.7718],[-73.7635,40.7717],[-73.7643,40.7721],[-73.7641,40.7723],[-73.7655,40.7736],[-73.77,40.773],[-73.7712,40.7735],[-73.7716,40.7743],[-73.7739,40.7739],[-73.7745,40.7721],[-73.7757,40.7735],[-73.7766,40.7733],[-73.7784,40.7729],[-73.7806,40.7723],[-73.7832,40.7715],[-73.7837,40.7714],[-73.7841,40.7713],[-73.7858,40.7707],[-73.7876,40.7702],[-73.7893,40.7697],[-73.7893,40.7697]]]]}},{"type":"Feature","id":"11372","properties":{"modzcta":"11372"},"geometry":{"type":"MultiPolygon","coordinates":[[[[-73.8914,40.7466],[-73.8923,40.7468],[-73.8944,40.7465],[-73.8947,40.7464],[-73.8946,40.7461],[-73.8945,40.7459],[-73.8944,40.7456],[-73.8947,40.7448],[-73.8946,40.7452],[-73.8946,40.7454],[-73.8946,40.7459],[-73.8948,40.7463],[-73.8949,40.7465],[-73.8956,40.7477],[-73.8961,40.7485],[-73.8961,40.7486],[-73.8965,40.7491],[-73.8971,40.7501],[-73.8972,40.7503],[-73.8971,40.7505],[-73.8967,40.7505],[-73.8958,40.7506],[-73.8962,40.7525],[-73.8962,40.7526],[-73.8964,40.754],[-73.8956,40.7545],[-73.8937,40.7547],[-73.8919,40.7549],[-73.89,40.7551],[-73.8882,40.7553],[-73.8863,40.7555],[-73.8844,40.7557],[-73.8826,40.7559],[-73.8807,40.756],[-73.8789,40.7562],[-73.8783,40.7585],[-73.877,40.7564],[-73.8751,40.7566],[-73.8737,40.7568],[-73.8722,40.7569],[-73.8719,40.7551],[-73.8717,40.754],[-73.8718,40.7533],[-73.8697,40.7496],[-73.8704,40.7491],[-73.8718,40.7489],[-73.8728,40.7488],[-73.8737,40.7487],[-73.8746,40.7486],[-73.8756,40.7485],[-73.8765,40.7484],[-73.8774,40.7483],[-73.8785,40.7482],[-73.8798,40.7481],[-73.8811,40.7479],[-73.8826,40.7478],[-73.8839,40.7476],[-73.8858,40.7474],[-73.8876,40.7472],[-73.8887,40.7471],[-73.8905,40.7469],[-73.8914,40.7466],[-73.8914,40.7466]]]]}},{"type":"Feature","id":"11361","properties":{"modzcta":"11361"},"geometry":{"type":"MultiPolygon","coordinates":[[[[-73.758,40.7604],[-73.7596,40.7591],[-73.7593,40.7591],[-73.7591,40.7592],[-73.759,40.7593],[-73.7589,40.7595],[-73.7588,40.7597],[-73.7584,40.76],[-73.7579,40.76],[-73.7577,40.76],[-73.7575,40.7598],[-73.7573,40.7596],[-73.7573,40.7594],[-73.7573,40.7593],[-73.7575,40.7591],[-73.7578,40.759],[-73.7581,40.7589],[-73.7584,40.7588],[-73.7586,40.7586],[-73.7588,40.7585],[-73.7588,40.7583],[-73.7584,40.7578],[-73.7584,40.7577],[-73.7584,40.7576],[-73.7583,40.7576],[-73.76,40.7572],[-73.7602,40.756],[-73.7588,40.7541],[-73.7586,40.7532],[-73.7588,40.7531],[-73.7589,40.753],[-73.7591,40.7529],[-73.7592,40.7528],[-73.7594,40.7526],[-73.7594,40.7524],[-73.7597,40.7525],[-73.7599,40.7528],[-73.76,40.7529],[-73.7602,40.7532],[-73.7608,40.7545],[-73.761,40.7548],[-73.7613,40.7551],[-73.7616,40.7552],[-73.7618,40.7554],[-73.7619,40.7557],[-73.7619,40.7565],[-73.7643,40.756],[-73.7661,40.7557],[-73.7672,40.7557],[-73.7683,40.7555],[-73.7693,40.7552],[-73.7701,40.755],[-73.7713,40.7547],[-73.7721,40.7545],[-73.773,40.7542],[-73.7739,40.7538],[-73.7747,40.7535],[-73.7757,40.7533],[-73.7757,40.7529],[-73.7762,40.7529],[-73.778,40.7524],[-73.7797,40.7519],[-73.7801,40.7525],[-73.7811,40.7541],[-73.7821,40.7553],[-73.7827,40.7563],[-73.783,40.7571],[-73.7834,40.7578],[-73.7838,40.7585],[-73.7843,40.7594],[-73.7843,40.7595],[-73.7845,40.7599],[-73.7861,40.7614],[-73.7852,40.7614],[-73.7853,40.7618],[-73.7854,40.7623],[-73.7855,40.7626],[-73.786,40.7631],[-73.7864,40.764],[-73.7878,40.7667],[-73.7893,40.7697],[-73.7876,40.7702],[-73.7858,40.7707],[-73.7841,40.7713],[-73.7837,40.7714],[-73.7832,40.7715],[-73.7806,40.7723],[-73.7784,40.7729],[-73.7766,40.7733],[-73.7757,40.7735],[-73.7745,40.7721],[-73.7739,40.7739],[-73.7716,40.7743],[-73.7712,40.7735],[-73.77,40.773],[-73.7655,40.7736],[-73.7641,40.7723],[-73.7643,40.7721],[-73.7635,40.7717],[-73.7634,40.7718],[-73.7636,40.7724],[-73.7613,40.7704],[-73.7606,40.7698],[-73.7604,40.7695],[-73.7596,40.7687],[-73.7591,40.7685],[-73.7588,40.7682],[-73.7588,40.768],[-73.7588,40.7677],[-73.7586,40.7674],[-73.758,40.7671],[-73.7576,40.767],[-73.7574,40.7672],[-73.7572,40.767],[-73.7569,40.7668],[-73.7564,40.7665],[-73.7564,40.7665],[-73.7564,40.7665],[-73.7565,40.7664],[-73.7565,40.7664],[-73.7565,40.7664],[-73.7565,40.7664],[-73.7565,40.7663],[-73.7565,40.7663],[-73.7565,40.7663],[-73.7564,40.7663],[-73.7563,40.7663],[-73.7563,40.7663],[-73.7562,40.7664],[-73.7562,40.7664],[-73.7562,40.7664],[-73.756,40.7665],[-73.7555,40.7664],[-73.7543,40.7655],[-73.754,40.7653],[-73.7539,40.7653],[-73.7538,40.7653],[-73.7541,40.7652],[-73.7547,40.7649],[-73.7553,40.7648],[-73.756,40.7646],[-73.7584,40.7644],[-73.7586,40.7644],[-73.7592,40.7643],[-73.7589,40.7633],[-73.7585,40.7641],[-73.7584,40.7639],[-73.7584,40.7635],[-73.7581,40.763],[-73.7579,40.7627],[-73.7578,40.7625],[-73.7578,40.7624],[-73.7579,40.7622],[-73.758,40.7621],[-73.7585,40.762],[-73.758,40.7604]]]]}},{"type":"Feature","id":"11362","properties":{"modzcta":"11362"},"geometry":{"type":"MultiPolygon","coordinates":[[[[-73.758,40.7604],[-73.7581,40.7621],[-73.7579,40.7622],[-73.7579,40.7623],[-73.7578,40.7625],[-73.7579,40.7626],[-73.7579,40.7627],[-73.7582,40.7632],[-73.7584,40.7637],[-73.7585,40.7641],[-73.7586,40.7641],[-73.7591,40.7641],[-73.7586,40.7644],[-73.7585,40.7644],[-73.7564,40.7646],[-73.7557,40.7647],[-73.755,40.7648],[-73.7544,40.765],[-73.7538,40.7653],[-73.7538,40.7651],[-73.7537,40.765],[-73.7535,40.7648],[-73.7533,40.7646],[-73.7531,40.7644],[-73.7529,40.7643],[-73.7527,40.7641],[-73.7525,40.764],[-73.7523,40.7639],[-73.7521,40.7637],[-73.752,40.7635],[-73.7519,40.7632],[-73.7518,40.7629],[-73.7515,40.7624],[-73.7513,40.7621],[-73.7511,40.7619],[-73.751,40.7618],[-73.7511,40.7618],[-73.7509,40.7617],[-73.7507,40.7617],[-73.7504,40.7615],[-73.75,40.7613],[-73.7491,40.7612],[-73.7486,40.7609],[-73.7485,40.7608],[-73.7482,40.7605],[-73.7479,40.7602],[-73.7477,40.76],[-73.7475,40.7599],[-73.7473,40.7597],[-73.747,40.7595],[-73.7466,40.7593],[-73.7463,40.7591],[-73.7463,40.759],[-73.7463,40.7588],[-73.7463,40.7586],[-73.7464,40.7585],[-73.7464,40.7584],[-73.7464,40.7583],[-73.7464,40.7581],[-73.7463,40.758],[-73.7463,40.7579],[-73.7462,40.7579],[-73.7462,40.7579],[-73.7462,40.7579],[-73.7463,40.7579],[-73.7463,40.7578],[-73.7463,40.7578],[-73.7463,40.7578],[-73.7463,40.7578],[-73.7462,40.7577],[-73.7462,40.7577],[-73.7462,40.7577],[-73.7462,40.7577],[-73.7462,40.7577],[-73.7461,40.7577],[-73.7461,40.7577],[-73.7461,40.7577],[-73.7461,40.7577],[-73.746,40.7577],[-73.7459,40.7578],[-73.7459,40.7578],[-73.7458,40.7578],[-73.7458,40.7578],[-73.7458,40.7579],[-73.7458,40.7579],[-73.7458,40.7578],[-73.7457,40.7578],[-73.7457,40.7578],[-73.7456,40.7577],[-73.7455,40.7576],[-73.7455,40.7576],[-73.7454,40.7575],[-73.7454,40.7575],[-73.7453,40.7575],[-73.7453,40.7575],[-73.7453,40.7574],[-73.7452,40.7574],[-73.7452,40.7574],[-73.7451,40.7573],[-73.7451,40.7573],[-73.7451,40.7573],[-73.745,40.7572],[-73.745,40.7572],[-73.745,40.7572],[-73.745,40.7572],[-73.7449,40.7572],[-73.7449,40.7572],[-73.7449,40.7571],[-73.7449,40.7571],[-73.7449,40.7571],[-73.7449,40.757],[-73.7449,40.757],[-73.7449,40.757],[-73.7449,40.757],[-73.7448,40.757],[-73.7448,40.757],[-73.7448,40.757],[-73.7447,40.757],[-73.7447,40.7569],[-73.7446,40.7569],[-73.7446,40.7569],[-73.7446,40.7569],[-73.7446,40.7569],[-73.7446,40.7568],[-73.7446,40.7568],[-73.7446,40.7568],[-73.7446,40.7568],[-73.7446,40.7567],[-73.7446,40.7567],[-73.7446,40.7567],[-73.7447,40.7566],[-73.7447,40.7566],[-73.7447,40.7566],[-73.7446,40.7565],[-73.7446,40.7566],[-73.7445,40.7566],[-73.7446,40.7567],[-73.7446,40.7567],[-73.7446,40.7568],[-73.7446,40.7569],[-73.7446,40.7569],[-73.7446,40.757],[-73.7446,40.757],[-73.7446,40.757],[-73.7447,40.757],[-73.7447,40.757],[-73.7448,40.7571],[-73.7448,40.7571],[-73.7449,40.7572],[-73.7449,40.7572],[-73.745,40.7573],[-73.745,40.7573],[-73.745,40.7573],[-73.7451,40.7573],[-73.7451,40.7574],[-73.7452,40.7574],[-73.7452,40.7574],[-73.7452,40.7575],[-73.7453,40.7575],[-73.7453,40.7575],[-73.7453,40.7575],[-73.7453,40.7575],[-73.7454,40.7575],[-73.7454,40.7575],[-73.7455,40.7576],[-73.7456,40.7577],[-73.7456,40.7577],[-73.7456,40.7578],[-73.7457,40.7578],[-73.7457,40.7579],[-73.7458,40.7579],[-73.7458,40.7579],[-73.7458,40.7579],[-73.7458,40.7579],[-73.7459,40.7579],[-73.746,40.7578],[-73.746,40.7578],[-73.746,40.7578],[-73.746,40.7578],[-73.746,40.7578],[-73.7461,40.7578],[-73.7461,40.7579],[-73.7462,40.7579],[-73.7462,40.7579],[-73.7462,40.758],[-73.7462,40.758],[-73.7462,40.758],[-73.7462,40.758],[-73.7462,40.758],[-73.7463,40.758],[-73.7463,40.7582],[-73.7463,40.7583],[-73.7462,40.7585],[-73.7461,40.7588],[-73.7462,40.759],[-73.7464,40.7593],[-73.7467,40.7595],[-73.7471,40.7597],[-73.7475,40.76],[-73.7475,40.7601],[-73.7477,40.7602],[-73.7479,40.7605],[-73.7482,40.7607],[-73.7482,40.7609],[-73.7482,40.7609],[-73.7482,40.761],[-73.7482,40.7612],[-73.7483,40.7614],[-73.7485,40.7616],[-73.7487,40.7617],[-73.749,40.7618],[-73.7493,40.7619],[-73.7494,40.7618],[-73.7493,40.7616],[-73.7493,40.7615],[-73.7492,40.7614],[-73.7495,40.7614],[-73.7498,40.7615],[-73.7502,40.7616],[-73.7505,40.7618],[-73.7506,40.7621],[-73.751,40.7623],[-73.7512,40.7625],[-73.7514,40.7628],[-73.7515,40.763],[-73.7516,40.7633],[-73.7516,40.7635],[-73.7516,40.7635],[-73.7517,40.7636],[-73.7518,40.7638],[-73.7521,40.764],[-73.7522,40.7641],[-73.7522,40.7642],[-73.7523,40.7643],[-73.7525,40.7644],[-73.7525,40.7645],[-73.7527,40.7646],[-73.7528,40.7646],[-73.753,40.7648],[-73.7531,40.7649],[-73.7531,40.765],[-73.7532,40.7651],[-73.7533,40.7652],[-73.7534,40.7653],[-73.7469,40.7645],[-73.7458,40.7649],[-73.7457,40.7649],[-73.7443,40.7654],[-73.7421,40.7655],[-73.7401,40.7663],[-73.7396,40.7666],[-73.7393,40.7669],[-73.7387,40.7674],[-73.7375,40.7684],[-73.738,40.7689],[-73.7384,40.7694],[-73.7386,40.7697],[-73.7387,40.7699],[-73.7387,40.77],[-73.7381,40.7701],[-73.7369,40.7689],[-73.7363,40.7697],[-73.7365,40.7707],[-73.7349,40.7714],[-73.7344,40.7719],[-73.7339,40.7725],[-73.7321,40.7713],[-73.7305,40.7703],[-73.7289,40.7694],[-73.7269,40.7681],[-73.7238,40.7662],[-73.7223,40.7653],[-73.721,40.7648],[-73.7208,40.7646],[-73.7206,40.7645],[-73.7166,40.7618],[-73.7139,40.7601],[-73.7135,40.7598],[-73.7146,40.7598],[-73.7161,40.7597],[-73.7169,40.7595],[-73.7183,40.7591],[-73.719,40.7588],[-73.7196,40.7585],[-73.72,40.7582],[-73.7206,40.7576],[-73.7211,40.7571],[-73.7215,40.7567],[-73.7216,40.7564],[-73.7218,40.7561],[-73.7224,40.7549],[-73.7228,40.7544],[-73.7233,40.7539],[-73.7235,40.7537],[-73.7238,40.7535],[-73.7251,40.7527],[-73.7258,40.7523],[-73.7264,40.7519],[-73.7268,40.7516],[-73.7274,40.751],[-73.7279,40.7504],[-73.7283,40.7497],[-73.7285,40.749],[-73.7287,40.7482],[-73.7291,40.7474],[-73.7295,40.7467],[-73.7299,40.7462],[-73.7306,40.7454],[-73.7323,40.7438],[-73.7324,40.7437],[-73.7337,40.7428],[-73.7344,40.7423],[-73.7356,40.7417],[-73.7375,40.7407],[-73.7386,40.7401],[-73.7393,40.7395],[-73.7399,40.7389],[-73.7403,40.7385],[-73.7408,40.7386],[-73.741,40.7387],[-73.7413,40.7388],[-73.7416,40.7388],[-73.7431,40.7384],[-73.7436,40.739],[-73.7439,40.7401],[-73.7466,40.7403],[-73.7501,40.7398],[-73.7504,40.7399],[-73.7505,40.74],[-73.7508,40.74],[-73.7511,40.7401],[-73.7513,40.7401],[-73.7535,40.7424],[-73.7516,40.7428],[-73.7498,40.7431],[-73.7478,40.7433],[-73.7457,40.743],[-73.7459,40.7457],[-73.7438,40.7474],[-73.7451,40.7503],[-73.7462,40.7517],[-73.7465,40.7518],[-73.7468,40.752],[-73.7469,40.7521],[-73.7474,40.753],[-73.7477,40.7539],[-73.7481,40.7559],[-73.7506,40.758],[-73.7523,40.7595],[-73.7532,40.7582],[-73.7535,40.7584],[-73.7539,40.7585],[-73.7542,40.7585],[-73.7551,40.7585],[-73.7554,40.7584],[-73.7556,40.7583],[-73.7563,40.7584],[-73.758,40.7604],[-73.758,40.7604]]]]}},{"type":"Feature","id":"11416","properties":{"modzcta":"11416"},"geometry":{"type":"MultiPolygon","coordinates":[[[[-73.8623,40.6792],[-73.8633,40.6791],[-73.8634,40.6794],[-73.864,40.6819],[-73.8646,40.6822],[-73.866,40.6819],[-73.8663,40.6832],[-73.8653,40.6835],[-73.8647,40.6836],[-73.8639,40.6839],[-73.863,40.6841],[-73.8621,40.6844],[-73.8613,40.6846],[-73.8608,40.6848],[-73.8599,40.685],[-73.8591,40.6852],[-73.8582,40.6855],[-73.8565,40.686],[-73.8548,40.6864],[-73.8536,40.6868],[-73.8523,40.6872],[-73.8514,40.6874],[-73.8506,40.6877],[-73.849,40.6881],[-73.8488,40.6881],[-73.8487,40.6882],[-73.8476,40.6885],[-73.8459,40.689],[-73.8443,40.6894],[-73.8428,40.6899],[-73.8393,40.6909],[-73.8384,40.6911],[-73.8375,40.6913],[-73.8363,40.6889],[-73.8352,40.6873],[-73.8354,40.6869],[-73.8353,40.6854],[-73.836,40.6848],[-73.8381,40.6842],[-73.8398,40.6838],[-73.8412,40.6834],[-73.8415,40.6833],[-73.8432,40.6828],[-73.8445,40.6824],[-73.8451,40.6823],[-73.8452,40.6822],[-73.8458,40.6821],[-73.8476,40.6816],[-73.8486,40.6817],[-73.8493,40.681],[-73.8505,40.6815],[-73.851,40.6806],[-73.8522,40.6802],[-73.853,40.6808],[-73.8544,40.6797],[-73.8568,40.6795],[-73.8578,40.6795],[-73.8586,40.6794],[-73.8605,40.6793],[-73.8614,40.6792],[-73.8623,40.6792]]]]}},{"type":"Feature","id":"11363","properties":{"modzcta":"11363"},"geometry":{"type":"MultiPolygon","coordinates":[[[[-73.7395,40.7667],[-73.7401,40.7663],[-73.7421,40.7655],[-73.7443,40.7654],[-73.7457,40.7649],[-73.7458,40.7649],[-73.7462,40.7648],[-73.7494,40.7676],[-73.7534,40.7654],[-73.7534,40.7654],[-73.7535,40.7655],[-73.7535,40.7655],[-73.7535,40.7655],[-73.7535,40.7655],[-73.7536,40.7655],[-73.7536,40.7656],[-73.7537,40.7656],[-73.7537,40.7656],[-73.7537,40.7657],[-73.7537,40.7657],[-73.7537,40.7657],[-73.7537,40.7657],[-73.7537,40.7657],[-73.7537,40.7658],[-73.7538,40.7658],[-73.7538,40.7659],[-73.7539,40.7659],[-73.7539,40.7659],[-73.7539,40.7659],[-73.7539,40.766],[-73.754,40.766],[-73.754,40.766],[-73.754,40.7661],[-73.7541,40.7661],[-73.7541,40.7662],[-73.7541,40.7662],[-73.7541,40.7663],[-73.7541,40.7663],[-73.7542,40.7663],[-73.7542,40.7664],[-73.7542,40.7664],[-73.7543,40.7664],[-73.7543,40.7664],[-73.7543,40.7664],[-73.7543,40.7664],[-73.7544,40.7665],[-73.7545,40.7666],[-73.7545,40.7668],[-73.7546,40.7668],[-73.7546,40.7669],[-73.7547,40.767],[-73.7547,40.767],[-73.7547,40.767],[-73.7548,40.7671],[-73.7548,40.7671],[-73.7549,40.7672],[-73.7549,40.7672],[-73.7549,40.7673],[-73.755,40.7673],[-73.755,40.7674],[-73.7551,40.7675],[-73.755,40.7678],[-73.7549,40.768],[-73.7549,40.768],[-73.7549,40.7681],[-73.7549,40.7681],[-73.7549,40.7682],[-73.7549,40.7682],[-73.7549,40.7682],[-73.7548,40.7683],[-73.7548,40.7683],[-73.7548,40.7683],[-73.7548,40.7683],[-73.7548,40.7683],[-73.7549,40.7684],[-73.7549,40.7684],[-73.7549,40.7684],[-73.7549,40.7684],[-73.7548,40.7684],[-73.7548,40.7684],[-73.7548,40.7685],[-73.7548,40.7685],[-73.7548,40.7685],[-73.7548,40.7685],[-73.7548,40.7686],[-73.7547,40.7686],[-73.7547,40.7686],[-73.7547,40.7686],[-73.7547,40.7686],[-73.7546,40.7686],[-73.7546,40.7687],[-73.7546,40.7687],[-73.7546,40.7687],[-73.7545,40.7687],[-73.7545,40.7687],[-73.7545,40.7687],[-73.7545,40.7687],[-73.7545,40.7687],[-73.7544,40.7687],[-73.7544,40.7687],[-73.7544,40.7687],[-73.7544,40.7687],[-73.7544,40.7688],[-73.7544,40.7688],[-73.7544,40.7688],[-73.7544,40.7688],[-73.7544,40.7688],[-73.7545,40.7688],[-73.7546,40.7688],[-73.7547,40.7688],[-73.7547,40.7688],[-73.7547,40.7688],[-73.7547,40.7688],[-73.7547,40.7688],[-73.7547,40.7688],[-73.7547,40.7688],[-73.7547,40.7689],[-73.7547,40.7689],[-73.7547,40.769],[-73.7547,40.769],[-73.7547,40.769],[-73.7547,40.7692],[-73.7547,40.7692],[-73.7547,40.7692],[-73.7547,40.7693],[-73.7547,40.7693],[-73.7547,40.7694],[-73.7547,40.7694],[-73.7547,40.7695],[-73.7547,40.7696],[-73.7547,40.7696],[-73.7547,40.7696],[-73.7547,40.7697],[-73.7547,40.7697],[-73.7547,40.7698],[-73.7547,40.7699],[-73.7548,40.7699],[-73.7548,40.7699],[-73.7549,40.77],[-73.7552,40.7707],[-73.7553,40.771],[-73.7554,40.7712],[-73.7556,40.7714],[-73.7555,40.7716],[-73.7553,40.7717],[-73.7551,40.7717],[-73.7549,40.7718],[-73.7544,40.772],[-73.7542,40.7722],[-73.754,40.7724],[-73.7539,40.7725],[-73.7537,40.7726],[-73.7536,40.7727],[-73.7535,40.7729],[-73.7534,40.7731],[-73.7534,40.7733],[-73.7536,40.7737],[-73.7536,40.7739],[-73.7538,40.7741],[-73.7538,40.7742],[-73.754,40.7743],[-73.754,40.7745],[-73.7541,40.7747],[-73.7541,40.775],[-73.7542,40.7751],[-73.7542,40.7753],[-73.7544,40.7756],[-73.7545,40.7757],[-73.7546,40.7757],[-73.7547,40.7759],[-73.7548,40.7759],[-73.7548,40.776],[-73.7549,40.7761],[-73.7549,40.7762],[-73.755,40.7763],[-73.7551,40.7764],[-73.7552,40.7765],[-73.7551,40.7766],[-73.755,40.7766],[-73.755,40.7767],[-73.7549,40.7768],[-73.7549,40.7769],[-73.7549,40.7769],[-73.7549,40.777],[-73.7549,40.777],[-73.7549,40.777],[-73.755,40.777],[-73.7548,40.7775],[-73.7549,40.7775],[-73.7548,40.7776],[-73.7548,40.7776],[-73.7548,40.7777],[-73.7547,40.7777],[-73.7547,40.7777],[-73.7547,40.7778],[-73.7546,40.7779],[-73.7544,40.7781],[-73.7543,40.7784],[-73.7543,40.7785],[-73.7543,40.7786],[-73.7542,40.7787],[-73.7541,40.779],[-73.7541,40.7791],[-73.754,40.7796],[-73.7539,40.7798],[-73.753,40.7809],[-73.7527,40.7815],[-73.7508,40.7829],[-73.7471,40.7805],[-73.7441,40.7786],[-73.7415,40.7771],[-73.7404,40.7764],[-73.7394,40.776],[-73.7389,40.7756],[-73.7369,40.7743],[-73.734,40.7724],[-73.7348,40.7715],[-73.7357,40.7717],[-73.7355,40.7707],[-73.7365,40.7694],[-73.738,40.77],[-73.7387,40.77],[-73.7387,40.7699],[-73.7386,40.7698],[-73.7385,40.7697],[-73.7382,40.7691],[-73.7378,40.7686],[-73.7382,40.7679],[-73.7391,40.7671],[-73.7395,40.7667],[-73.7395,40.7667]]]]}},{"type":"Feature","id":"11364","properties":{"modzcta":"11364"},"geometry":{"type":"MultiPolygon","coordinates":[[[[-73.7656,40.7325],[-73.7663,40.7324],[-73.77,40.7318],[-73.7701,40.7318],[-73.7723,40.7351],[-73.7732,40.737],[-73.7737,40.7384],[-73.7742,40.7399],[-73.7746,40.7408],[-73.7757,40.7433],[-73.7758,40.7434],[-73.776,40.7438],[-73.7768,40.7455],[-73.7776,40.7471],[-73.7793,40.7485],[-73.78,40.7501],[-73.7791,40.7503],[-73.7798,40.7519],[-73.7789,40.7522],[-73.7771,40.7526],[-73.7758,40.7529],[-73.7758,40.7533],[-73.7754,40.7534],[-73.7745,40.7536],[-73.7736,40.7539],[-73.7728,40.7543],[-73.7719,40.7545],[-73.771,40.7548],[-73.7699,40.755],[-73.769,40.7553],[-73.7681,40.7555],[-73.767,40.7556],[-73.7652,40.7559],[-73.7634,40.7562],[-73.7619,40.7558],[-73.7618,40.7555],[-73.7617,40.7553],[-73.7614,40.7552],[-73.7611,40.7549],[-73.7609,40.7547],[-73.7605,40.7538],[-73.7601,40.753],[-73.76,40.7529],[-73.7598,40.7526],[-73.7595,40.7524],[-73.7594,40.7525],[-73.7593,40.7527],[-73.7592,40.7528],[-73.759,40.7529],[-73.7589,40.7531],[-73.7587,40.7532],[-73.7585,40.7533],[-73.7597,40.7553],[-73.7603,40.7566],[-73.7594,40.7574],[-73.7583,40.7576],[-73.7584,40.7576],[-73.7584,40.7577],[-73.7584,40.7578],[-73.7589,40.7585],[-73.7587,40.7586],[-73.7585,40.7587],[-73.7583,40.7588],[-73.758,40.759],[-73.7575,40.759],[-73.7573,40.7592],[-73.7573,40.7594],[-73.7573,40.7595],[-73.7574,40.7597],[-73.7576,40.7599],[-73.7578,40.76],[-73.7581,40.76],[-73.7586,40.7598],[-73.7589,40.7596],[-73.759,40.7595],[-73.7591,40.7592],[-73.7592,40.7591],[-73.7595,40.759],[-73.7599,40.76],[-73.7568,40.7597],[-73.7558,40.7577],[-73.7555,40.7583],[-73.7553,40.7584],[-73.755,40.7585],[-73.754,40.7585],[-73.7537,40.7584],[-73.7534,40.7583],[-73.7528,40.7589],[-73.7512,40.7591],[-73.75,40.7584],[-73.7471,40.7542],[-73.7476,40.7535],[-73.7471,40.7523],[-73.7468,40.7521],[-73.7467,40.7519],[-73.7464,40.7518],[-73.7457,40.7516],[-73.7441,40.7482],[-73.7463,40.7467],[-73.7448,40.7433],[-73.7467,40.7431],[-73.7489,40.7433],[-73.7507,40.743],[-73.7525,40.7426],[-73.7514,40.7402],[-73.7511,40.7401],[-73.751,40.74],[-73.7507,40.74],[-73.7505,40.74],[-73.7502,40.7399],[-73.75,40.7397],[-73.744,40.7408],[-73.7437,40.7394],[-73.7435,40.7389],[-73.7422,40.7386],[-73.7414,40.7388],[-73.7411,40.7388],[-73.7409,40.7387],[-73.7406,40.7386],[-73.7402,40.7385],[-73.7415,40.7369],[-73.7423,40.7361],[-73.7447,40.734],[-73.7462,40.7329],[-73.7467,40.7326],[-73.7468,40.7328],[-73.7467,40.7332],[-73.7465,40.7335],[-73.7462,40.7338],[-73.746,40.734],[-73.7465,40.7357],[-73.7477,40.7356],[-73.7496,40.7353],[-73.7514,40.7349],[-73.7527,40.7347],[-73.7537,40.7346],[-73.7542,40.7345],[-73.7552,40.7343],[-73.7562,40.7341],[-73.758,40.7338],[-73.7599,40.7335],[-73.7618,40.7332],[-73.7634,40.7329],[-73.7643,40.7328],[-73.7656,40.7325],[-73.7656,40.7325]]]]}},{"type":"Feature","id":"11373","properties":{"modzcta":"11373"},"geometry":{"type":"MultiPolygon","coordinates":[[[[-73.8872,40.7278],[-73.8872,40.728],[-73.8872,40.7282],[-73.8872,40.7289],[-73.8874,40.7296],[-73.8876,40.7302],[-73.8881,40.7306],[-73.8883,40.7319],[-73.8883,40.7325],[-73.8883,40.7329],[-73.8884,40.7335],[-73.8885,40.7342],[-73.8888,40.7349],[-73.8894,40.7358],[-73.8909,40.7359],[-73.8914,40.7361],[-73.8898,40.7364],[-73.8888,40.7365],[-73.8901,40.739],[-73.8902,40.7392],[-73.8903,40.7394],[-73.8909,40.7407],[-73.8917,40.7421],[-73.8909,40.7431],[-73.8911,40.7452],[-73.8904,40.7462],[-73.8896,40.747],[-73.8878,40.7472],[-73.8867,40.7473],[-73.8849,40.7475],[-73.883,40.7477],[-73.8821,40.7478],[-73.8802,40.748],[-73.8789,40.7476],[-73.8783,40.7482],[-73.8769,40.7484],[-73.8763,40.7484],[-73.8754,40.7485],[-73.874,40.7487],[-73.8733,40.7488],[-73.8724,40.7489],[-73.8714,40.749],[-73.8694,40.7492],[-73.87,40.7485],[-73.8687,40.7462],[-73.8681,40.7456],[-73.8679,40.7448],[-73.8678,40.7446],[-73.8675,40.7433],[-73.8676,40.7417],[-73.8673,40.7403],[-73.867,40.7396],[-73.8665,40.7382],[-73.8649,40.7369],[-73.8655,40.736],[-73.8648,40.7347],[-73.8646,40.7342],[-73.8645,40.734],[-73.8652,40.7338],[-73.8668,40.7332],[-73.8681,40.7328],[-73.8683,40.7328],[-73.8682,40.7327],[-73.868,40.7326],[-73.8683,40.7325],[-73.8686,40.7323],[-73.8689,40.7318],[-73.8698,40.7305],[-73.8708,40.7298],[-73.8715,40.7295],[-73.8715,40.7294],[-73.8732,40.7299],[-73.8748,40.7305],[-73.8758,40.7299],[-73.877,40.7296],[-73.8773,40.7294],[-73.8777,40.7294],[-73.8782,40.7293],[-73.8796,40.7287],[-73.88,40.7286],[-73.8805,40.7285],[-73.8816,40.7284],[-73.8829,40.7283],[-73.884,40.7283],[-73.8835,40.7285],[-73.8842,40.7284],[-73.8851,40.7284],[-73.8859,40.7282],[-73.8866,40.728],[-73.8867,40.728],[-73.8872,40.7278],[-73.8872,40.7278]]]]}},{"type":"Feature","id":"11365","properties":{"modzcta":"11365"},"geometry":{"type":"MultiPolygon","coordinates":[[[[-73.8109,40.7272],[-73.8113,40.7274],[-73.8116,40.7278],[-73.8115,40.7288],[-73.8119,40.7294],[-73.8113,40.7301],[-73.8109,40.7303],[-73.8119,40.7314],[-73.8121,40.7322],[-73.8118,40.7323],[-73.8113,40.7323],[-73.8108,40.7323],[-73.8108,40.7324],[-73.8107,40.7336],[-73.8121,40.7336],[-73.8123,40.734],[-73.8125,40.7345],[-73.8131,40.7357],[-73.8125,40.736],[-73.8124,40.7368],[-73.8115,40.737],[-73.8104,40.7383],[-73.8095,40.7384],[-73.8091,40.7384],[-73.8094,40.7385],[-73.8094,40.7386],[-73.8097,40.7387],[-73.8093,40.7388],[-73.8104,40.7388],[-73.8102,40.7406],[-73.8111,40.7424],[-73.813,40.7427],[-73.8138,40.7446],[-73.8137,40.7451],[-73.8137,40.7456],[-73.8137,40.7457],[-73.8138,40.7458],[-73.8134,40.7466],[-73.8124,40.7472],[-73.8098,40.7488],[-73.8073,40.7501],[-73.8054,40.75],[-73.8035,40.7498],[-73.8029,40.7498],[-73.8027,40.7491],[-73.8008,40.7489],[-73.799,40.7488],[-73.798,40.7488],[-73.798,40.749],[-73.7979,40.7492],[-73.7964,40.7499],[-73.7948,40.7496],[-73.7948,40.7486],[-73.7924,40.7483],[-73.7923,40.7485],[-73.7914,40.7487],[-73.7905,40.7489],[-73.7887,40.7494],[-73.787,40.7499],[-73.7862,40.7501],[-73.7852,40.7504],[-73.7834,40.7509],[-73.7816,40.7514],[-73.7809,40.7519],[-73.7801,40.7525],[-73.7794,40.7511],[-73.7792,40.7503],[-73.7796,40.7493],[-73.7785,40.7469],[-73.7775,40.7472],[-73.7762,40.7442],[-73.7758,40.7436],[-73.7757,40.7433],[-73.7756,40.743],[-73.7743,40.7401],[-73.774,40.7392],[-73.7734,40.7377],[-73.7729,40.7363],[-73.7712,40.7333],[-73.7701,40.7318],[-73.7715,40.7315],[-73.7726,40.7339],[-73.7744,40.7358],[-73.7752,40.7356],[-73.7769,40.7362],[-73.7772,40.7355],[-73.7804,40.734],[-73.7821,40.7334],[-73.7839,40.7328],[-73.7857,40.7323],[-73.7874,40.7317],[-73.7891,40.7311],[-73.7908,40.7307],[-73.7926,40.7303],[-73.7935,40.7301],[-73.794,40.7299],[-73.796,40.7294],[-73.7978,40.729],[-73.7995,40.7286],[-73.8006,40.7283],[-73.8011,40.7282],[-73.8022,40.7281],[-73.8046,40.7279],[-73.8052,40.7278],[-73.807,40.7276],[-73.8109,40.7272],[-73.8109,40.7272]]]]}},{"type":"Feature","id":"11366","properties":{"modzcta":"11366"},"geometry":{"type":"MultiPolygon","coordinates":[[[[-73.7662,40.7263],[-73.7666,40.7263],[-73.7678,40.7261],[-73.7686,40.7259],[-73.7692,40.7259],[-73.7699,40.7257],[-73.7716,40.7253],[-73.7722,40.7251],[-73.7735,40.7246],[-73.7742,40.7243],[-73.775,40.724],[-73.7755,40.7237],[-73.7761,40.7234],[-73.7758,40.7234],[-73.7773,40.7223],[-73.7774,40.7224],[-73.7778,40.7228],[-73.778,40.7233],[-73.7776,40.7234],[-73.7772,40.7236],[-73.7768,40.7239],[-73.7765,40.7241],[-73.7763,40.7245],[-73.7756,40.726],[-73.7767,40.7284],[-73.7776,40.7302],[-73.7794,40.7297],[-73.7812,40.7292],[-73.7808,40.7284],[-73.7836,40.7284],[-73.784,40.7283],[-73.7857,40.7277],[-73.7862,40.7275],[-73.7883,40.726],[-73.7885,40.7261],[-73.7888,40.7263],[-73.7896,40.7264],[-73.79,40.7263],[-73.7917,40.7258],[-73.7918,40.7258],[-73.7942,40.725],[-73.7959,40.7244],[-73.7976,40.7238],[-73.7993,40.7232],[-73.8011,40.7226],[-73.8028,40.7221],[-73.8036,40.7217],[-73.8045,40.7215],[-73.8047,40.7214],[-73.8058,40.721],[-73.8072,40.7205],[-73.8081,40.7202],[-73.8098,40.7197],[-73.8104,40.7208],[-73.8095,40.7213],[-73.8099,40.7223],[-73.8101,40.723],[-73.8106,40.7244],[-73.8107,40.7258],[-73.8107,40.7262],[-73.8107,40.7265],[-73.8107,40.7268],[-73.8108,40.727],[-73.8088,40.7274],[-73.8052,40.7278],[-73.8051,40.7278],[-73.8031,40.728],[-73.8013,40.7282],[-73.8008,40.7283],[-73.8004,40.7284],[-73.7987,40.7288],[-73.7969,40.7292],[-73.7951,40.7297],[-73.7936,40.73],[-73.7935,40.7301],[-73.7917,40.7305],[-73.79,40.7309],[-73.7882,40.7314],[-73.7865,40.732],[-73.7848,40.7326],[-73.783,40.7331],[-73.7813,40.7337],[-73.7803,40.7346],[-73.7767,40.7356],[-73.7756,40.7365],[-73.7748,40.7357],[-73.7736,40.7361],[-73.7716,40.7316],[-73.7702,40.7318],[-73.77,40.7318],[-73.7663,40.7324],[-73.7656,40.7325],[-73.7653,40.7321],[-73.7644,40.7311],[-73.7633,40.7302],[-73.7616,40.729],[-73.7602,40.7283],[-73.7583,40.7274],[-73.7569,40.7264],[-73.7567,40.7263],[-73.7568,40.7262],[-73.757,40.7262],[-73.7576,40.726],[-73.7584,40.7259],[-73.7592,40.7258],[-73.7599,40.7258],[-73.7608,40.7259],[-73.7618,40.726],[-73.7624,40.7261],[-73.7638,40.7263],[-73.7648,40.7264],[-73.7655,40.7264],[-73.7661,40.7263],[-73.7662,40.7263]]]]}},{"type":"Feature","id":"11367","properties":{"modzcta":"11367"},"geometry":{"type":"MultiPolygon","coordinates":[[[[-73.8257,40.7162],[-73.8258,40.7162],[-73.8265,40.7163],[-73.8268,40.7164],[-73.8278,40.7165],[-73.8297,40.7169],[-73.8307,40.7172],[-73.8314,40.7175],[-73.8319,40.7179],[-73.8328,40.7188],[-73.8341,40.7202],[-73.8358,40.7225],[-73.8372,40.7256],[-73.8377,40.7265],[-73.838,40.7271],[-73.8384,40.7277],[-73.8389,40.7284],[-73.8404,40.7298],[-73.8416,40.7312],[-73.8426,40.732],[-73.8437,40.7332],[-73.8443,40.7342],[-73.8444,40.7345],[-73.8445,40.7347],[-73.8447,40.7351],[-73.8447,40.7354],[-73.8449,40.7357],[-73.8448,40.7361],[-73.8451,40.7394],[-73.8452,40.74],[-73.8448,40.7403],[-73.8432,40.7411],[-73.8419,40.7417],[-73.8391,40.7429],[-73.8387,40.743],[-73.8384,40.7431],[-73.838,40.7432],[-73.8377,40.7433],[-73.8373,40.7433],[-73.8371,40.7434],[-73.8361,40.7434],[-73.8349,40.7434],[-73.8326,40.7431],[-73.8311,40.743],[-73.8299,40.7429],[-73.8278,40.7427],[-73.8267,40.7425],[-73.8262,40.7424],[-73.8254,40.7422],[-73.8252,40.7425],[-73.8244,40.743],[-73.8234,40.7419],[-73.8225,40.7415],[-73.8212,40.7409],[-73.8195,40.7403],[-73.8186,40.7401],[-73.8176,40.7398],[-73.8176,40.74],[-73.8157,40.7401],[-73.8151,40.7392],[-73.8151,40.739],[-73.815,40.7389],[-73.8141,40.7388],[-73.8123,40.7387],[-73.8104,40.7386],[-73.8094,40.7385],[-73.8091,40.7384],[-73.8095,40.7384],[-73.8104,40.7383],[-73.8115,40.737],[-73.8124,40.7368],[-73.8125,40.736],[-73.8131,40.7357],[-73.8125,40.7345],[-73.8123,40.734],[-73.8121,40.7336],[-73.8107,40.7336],[-73.8108,40.7324],[-73.8108,40.7323],[-73.8113,40.7323],[-73.8118,40.7323],[-73.8121,40.7322],[-73.8119,40.7314],[-73.8123,40.7302],[-73.8113,40.7301],[-73.8119,40.7294],[-73.8115,40.7288],[-73.8116,40.7278],[-73.8113,40.7274],[-73.8109,40.7272],[-73.8107,40.7269],[-73.8107,40.7266],[-73.8107,40.7264],[-73.8107,40.7259],[-73.8107,40.7251],[-73.8104,40.7237],[-73.81,40.7227],[-73.8096,40.7216],[-73.8093,40.721],[-73.8098,40.7198],[-73.809,40.7199],[-73.8086,40.7184],[-73.8118,40.7176],[-73.8121,40.719],[-73.8129,40.7189],[-73.8151,40.7182],[-73.8171,40.7177],[-73.8171,40.7176],[-73.8167,40.7168],[-73.8178,40.7165],[-73.8184,40.7165],[-73.8188,40.7167],[-73.819,40.7168],[-73.8193,40.7171],[-73.8202,40.7167],[-73.821,40.7169],[-73.8235,40.7167],[-73.8252,40.7165],[-73.8257,40.7162],[-73.8257,40.7162]]]]}},{"type":"Feature","id":"11374","properties":{"modzcta":"11374"},"geometry":{"type":"MultiPolygon","coordinates":[[[[-73.8573,40.7115],[-73.8576,40.7108],[-73.8595,40.7104],[-73.8597,40.7106],[-73.8598,40.711],[-73.8598,40.7114],[-73.8598,40.7118],[-73.8607,40.712],[-73.8598,40.7133],[-73.8596,40.7135],[-73.8596,40.714],[-73.8597,40.7142],[-73.8598,40.7146],[-73.86,40.7149],[-73.8612,40.716],[-73.8618,40.7166],[-73.8624,40.7171],[-73.863,40.7177],[-73.8641,40.7188],[-73.8652,40.72],[-73.866,40.7209],[-73.8671,40.7221],[-73.8677,40.7227],[-73.8685,40.7235],[-73.8693,40.7244],[-73.8693,40.7245],[-73.8698,40.7251],[-73.8712,40.7249],[-73.8715,40.7255],[-73.8711,40.7263],[-73.8708,40.727],[-73.8707,40.7273],[-73.8709,40.7277],[-73.8711,40.7279],[-73.8726,40.7274],[-73.8739,40.7284],[-73.8716,40.7291],[-73.8715,40.7293],[-73.8714,40.7295],[-73.87,40.7303],[-73.8694,40.7311],[-73.8687,40.7321],[-73.8684,40.7324],[-73.8681,40.7326],[-73.8681,40.7326],[-73.8684,40.7327],[-73.8683,40.7328],[-73.8679,40.7329],[-73.8658,40.7336],[-73.8649,40.7339],[-73.8645,40.7341],[-73.8646,40.7343],[-73.8611,40.7353],[-73.8589,40.7359],[-73.8587,40.7357],[-73.858,40.7359],[-73.8563,40.7364],[-73.855,40.7367],[-73.8534,40.737],[-73.854,40.7366],[-73.8561,40.7356],[-73.8555,40.7343],[-73.8547,40.7328],[-73.854,40.7327],[-73.8522,40.7329],[-73.8536,40.7318],[-73.8515,40.7316],[-73.8529,40.7304],[-73.8527,40.7301],[-73.8523,40.7295],[-73.8521,40.7291],[-73.8517,40.7283],[-73.8517,40.7281],[-73.8517,40.7278],[-73.8536,40.7271],[-73.8537,40.727],[-73.8539,40.7268],[-73.8543,40.7262],[-73.8546,40.7257],[-73.8556,40.7241],[-73.8558,40.7236],[-73.856,40.7235],[-73.8567,40.7224],[-73.8574,40.7219],[-73.8578,40.7217],[-73.8582,40.7196],[-73.8575,40.7137],[-73.8573,40.7115]]]]}},{"type":"Feature","id":"11368","properties":{"modzcta":"11368"},"geometry":{"type":"MultiPolygon","coordinates":[[[[-73.8534,40.737],[-73.855,40.7367],[-73.8563,40.7364],[-73.858,40.7359],[-73.8587,40.7357],[-73.8589,40.7359],[-73.8611,40.7353],[-73.8646,40.7343],[-73.8652,40.7353],[-73.8658,40.7366],[-73.8655,40.7384],[-73.8668,40.7389],[-73.8671,40.7398],[-73.8676,40.7409],[-73.8675,40.7421],[-73.8677,40.7441],[-73.8679,40.7447],[-73.8679,40.7449],[-73.8683,40.7463],[-73.8693,40.7473],[-73.8692,40.7488],[-73.8697,40.7496],[-73.8718,40.7533],[-73.8717,40.754],[-73.8719,40.7551],[-73.8722,40.7569],[-73.8704,40.7571],[-73.8685,40.7573],[-73.8666,40.7575],[-73.8646,40.7577],[-73.8628,40.7578],[-73.861,40.7578],[-73.8599,40.7579],[-73.8589,40.7579],[-73.8591,40.7599],[-73.8579,40.7581],[-73.857,40.7581],[-73.8554,40.7583],[-73.8551,40.7583],[-73.8548,40.7583],[-73.8545,40.7583],[-73.8546,40.7585],[-73.8551,40.7589],[-73.8555,40.7593],[-73.856,40.7597],[-73.8566,40.76],[-73.8574,40.7603],[-73.8577,40.7605],[-73.8581,40.7606],[-73.8585,40.7608],[-73.8588,40.761],[-73.8591,40.7613],[-73.8597,40.7619],[-73.8611,40.7637],[-73.8606,40.7638],[-73.86,40.7633],[-73.8595,40.7626],[-73.8592,40.7625],[-73.8591,40.7625],[-73.859,40.7622],[-73.8589,40.7621],[-73.8586,40.7619],[-73.8571,40.7612],[-73.8554,40.7607],[-73.8553,40.7606],[-73.8547,40.7602],[-73.8543,40.7603],[-73.8537,40.7602],[-73.8531,40.76],[-73.8528,40.76],[-73.852,40.7596],[-73.8517,40.7594],[-73.8514,40.7594],[-73.8512,40.7594],[-73.8507,40.7594],[-73.8503,40.7595],[-73.8501,40.7596],[-73.8499,40.7597],[-73.8495,40.76],[-73.8494,40.7602],[-73.8492,40.7603],[-73.8489,40.7603],[-73.8486,40.7602],[-73.848,40.7605],[-73.8456,40.7621],[-73.8447,40.7628],[-73.8443,40.763],[-73.8438,40.7633],[-73.8434,40.7634],[-73.8431,40.7636],[-73.843,40.7638],[-73.8431,40.7641],[-73.843,40.7644],[-73.8426,40.7647],[-73.8421,40.7649],[-73.8411,40.7652],[-73.8405,40.7653],[-73.8399,40.7653],[-73.8396,40.7653],[-73.8394,40.7654],[-73.8391,40.7653],[-73.837,40.7628],[-73.8369,40.7627],[-73.8368,40.7612],[-73.8387,40.757],[-73.8384,40.7556],[-73.8383,40.7552],[-73.8381,40.7547],[-73.8378,40.7541],[-73.8376,40.7541],[-73.8375,40.7541],[-73.8375,40.7541],[-73.8368,40.7534],[-73.836,40.752],[-73.8323,40.7519],[-73.8322,40.7517],[-73.8323,40.7515],[-73.8328,40.7493],[-73.8331,40.748],[-73.8337,40.7476],[-73.8339,40.7475],[-73.8343,40.7473],[-73.8345,40.7471],[-73.8347,40.7469],[-73.8354,40.7455],[-73.8357,40.7448],[-73.836,40.7437],[-73.8359,40.7434],[-73.8368,40.7434],[-73.8372,40.7434],[-73.8376,40.7433],[-73.8378,40.7433],[-73.8382,40.7432],[-73.8386,40.7431],[-73.8389,40.743],[-73.8396,40.7427],[-73.8424,40.7415],[-73.8434,40.741],[-73.8452,40.7401],[-73.8455,40.74],[-73.8458,40.7398],[-73.8475,40.739],[-73.8477,40.7392],[-73.8482,40.7393],[-73.8488,40.7387],[-73.849,40.7386],[-73.8491,40.7386],[-73.8493,40.7385],[-73.8509,40.738],[-73.8511,40.738],[-73.8519,40.7374],[-73.8524,40.7372],[-73.8534,40.737]]]]}},{"type":"Feature","id":"11417","properties":{"modzcta":"11417"},"geometry":{"type":"MultiPolygon","coordinates":[[[[-73.8613,40.675],[-73.8617,40.6766],[-73.8623,40.6788],[-73.8614,40.6792],[-73.8605,40.6793],[-73.8586,40.6794],[-73.8578,40.6795],[-73.8568,40.6795],[-73.8544,40.6797],[-73.853,40.6808],[-73.8522,40.6802],[-73.851,40.6806],[-73.8505,40.6815],[-73.8493,40.681],[-73.8486,40.6817],[-73.8476,40.6816],[-73.8458,40.6821],[-73.8452,40.6822],[-73.8451,40.6823],[-73.8445,40.6824],[-73.8432,40.6828],[-73.8415,40.6833],[-73.8412,40.6834],[-73.8398,40.6838],[-73.8381,40.6842],[-73.836,40.6848],[-73.8343,40.6853],[-73.8338,40.6837],[-73.8317,40.6795],[-73.8308,40.6781],[-73.831,40.6773],[-73.8311,40.6771],[-73.8311,40.6769],[-73.8311,40.6766],[-73.8311,40.6764],[-73.8312,40.6762],[-73.8313,40.6761],[-73.8315,40.6759],[-73.8316,40.6757],[-73.8318,40.6756],[-73.8338,40.6761],[-73.8349,40.6763],[-73.8357,40.6762],[-73.8371,40.6747],[-73.8364,40.6731],[-73.8355,40.6712],[-73.8333,40.6668],[-73.8349,40.6672],[-73.8357,40.6673],[-73.8373,40.6677],[-73.8383,40.668],[-73.8401,40.6685],[-73.8412,40.6685],[-73.8423,40.6687],[-73.8424,40.6693],[-73.8427,40.6693],[-73.8431,40.6693],[-73.8448,40.6698],[-73.8459,40.6702],[-73.8474,40.6706],[-73.8485,40.6709],[-73.8516,40.6719],[-73.8565,40.6734],[-73.8582,40.6741],[-73.8596,40.6746],[-73.8613,40.675],[-73.8613,40.675]]]]}},{"type":"Feature","id":"11369","properties":{"modzcta":"11369"},"geometry":{"type":"MultiPolygon","coordinates":[[[[-73.8826,40.7559],[-73.8832,40.7595],[-73.8828,40.7599],[-73.8831,40.7615],[-73.8827,40.7616],[-73.883,40.7634],[-73.8839,40.7633],[-73.8841,40.7644],[-73.8842,40.7646],[-73.8838,40.7652],[-73.8829,40.7653],[-73.8828,40.7673],[-73.8832,40.7672],[-73.8846,40.767],[-73.8864,40.7666],[-73.8876,40.7664],[-73.8877,40.7667],[-73.8877,40.7669],[-73.8881,40.7683],[-73.8882,40.7685],[-73.8882,40.7686],[-73.8883,40.7687],[-73.8885,40.7689],[-73.8887,40.7689],[-73.8887,40.769],[-73.8888,40.7695],[-73.8888,40.7697],[-73.8889,40.7702],[-73.889,40.7708],[-73.8894,40.7729],[-73.8895,40.7735],[-73.8877,40.7738],[-73.8858,40.774],[-73.8841,40.7741],[-73.8839,40.7742],[-73.8846,40.7744],[-73.8848,40.7748],[-73.8849,40.7751],[-73.8848,40.7753],[-73.8846,40.7754],[-73.8845,40.7755],[-73.8843,40.7755],[-73.8843,40.7755],[-73.8844,40.7756],[-73.8848,40.7775],[-73.885,40.7781],[-73.8851,40.7784],[-73.8852,40.7785],[-73.8853,40.7786],[-73.8851,40.7787],[-73.8851,40.7791],[-73.885,40.7797],[-73.8849,40.78],[-73.8844,40.7802],[-73.8833,40.7803],[-73.8829,40.7803],[-73.8828,40.7802],[-73.8826,40.7803],[-73.8822,40.7804],[-73.8821,40.7805],[-73.8819,40.7805],[-73.8816,40.7805],[-73.8812,40.7806],[-73.8809,40.7806],[-73.8804,40.7806],[-73.88,40.7806],[-73.8797,40.7807],[-73.8796,40.7807],[-73.8795,40.7807],[-73.8794,40.7807],[-73.8792,40.7808],[-73.8789,40.7807],[-73.879,40.7817],[-73.8789,40.7824],[-73.8783,40.783],[-73.8748,40.7817],[-73.8698,40.7853],[-73.8699,40.7851],[-73.8694,40.7836],[-73.8715,40.7821],[-73.8724,40.7807],[-73.8712,40.78],[-73.8702,40.7795],[-73.8679,40.7784],[-73.8662,40.7776],[-73.8651,40.777],[-73.8622,40.7755],[-73.8591,40.7741],[-73.8589,40.7741],[-73.8589,40.774],[-73.8584,40.7737],[-73.8577,40.7734],[-73.8569,40.7731],[-73.8566,40.7729],[-73.8555,40.7724],[-73.8551,40.7721],[-73.8551,40.7719],[-73.8551,40.7718],[-73.8552,40.7718],[-73.8564,40.7703],[-73.8565,40.7703],[-73.8565,40.7703],[-73.8566,40.7703],[-73.8567,40.7703],[-73.8567,40.7703],[-73.8568,40.7703],[-73.8573,40.7706],[-73.8573,40.7706],[-73.8574,40.7706],[-73.8574,40.7706],[-73.8574,40.7705],[-73.8575,40.7705],[-73.8575,40.7705],[-73.8575,40.7704],[-73.8575,40.7704],[-73.8575,40.7704],[-73.8576,40.7704],[-73.8576,40.7704],[-73.8577,40.7704],[-73.8578,40.7704],[-73.8578,40.7704],[-73.8579,40.7704],[-73.8579,40.7704],[-73.8581,40.7703],[-73.8581,40.7703],[-73.8582,40.7704],[-73.8582,40.7704],[-73.8582,40.7703],[-73.8582,40.7703],[-73.8582,40.7703],[-73.8577,40.77],[-73.8569,40.7695],[-73.8562,40.7692],[-73.8561,40.769],[-73.8563,40.7689],[-73.8566,40.7689],[-73.8571,40.7691],[-73.8572,40.769],[-73.8573,40.7688],[-73.858,40.7681],[-73.8582,40.7679],[-73.8584,40.7677],[-73.8588,40.7673],[-73.8594,40.7671],[-73.8598,40.767],[-73.8602,40.7669],[-73.8606,40.767],[-73.8608,40.767],[-73.8609,40.7669],[-73.861,40.7671],[-73.861,40.7673],[-73.8612,40.7672],[-73.8613,40.7669],[-73.8617,40.7669],[-73.862,40.7669],[-73.8621,40.7669],[-73.8622,40.7668],[-73.8624,40.7669],[-73.8627,40.7669],[-73.8627,40.7667],[-73.8622,40.7662],[-73.862,40.7659],[-73.8615,40.7653],[-73.8604,40.7639],[-73.8609,40.7637],[-73.8599,40.7622],[-73.8591,40.7614],[-73.859,40.7612],[-73.8586,40.7609],[-73.8583,40.7607],[-73.8579,40.7605],[-73.8575,40.7604],[-73.8567,40.76],[-73.8564,40.7599],[-73.8558,40.7595],[-73.8553,40.7591],[-73.855,40.7589],[-73.8546,40.7584],[-73.8546,40.7583],[-73.8549,40.7583],[-73.8553,40.7583],[-73.8556,40.7583],[-73.8578,40.758],[-73.8582,40.7596],[-73.8593,40.7599],[-73.8595,40.7579],[-73.8605,40.7578],[-73.8619,40.7578],[-73.8637,40.7577],[-73.8657,40.7576],[-73.8675,40.7574],[-73.8695,40.7572],[-73.8713,40.757],[-73.8731,40.7569],[-73.8742,40.7567],[-73.8761,40.7565],[-73.8779,40.7563],[-73.8792,40.7584],[-73.8798,40.7561],[-73.8816,40.756],[-73.8826,40.7559]]]]}},{"type":"Feature","id":"11370","properties":{"modzcta":"11370"},"geometry":{"type":"MultiPolygon","coordinates":[[[[-73.8735,40.7917],[-73.8734,40.7916],[-73.8733,40.7916],[-73.8733,40.7916],[-73.8731,40.7916],[-73.873,40.7915],[-73.8729,40.7915],[-73.8728,40.7914],[-73.8726,40.7913],[-73.8725,40.7912],[-73.8723,40.7911],[-73.8722,40.791],[-73.8721,40.7909],[-73.8718,40.7907],[-73.8717,40.7906],[-73.8716,40.7905],[-73.8714,40.7903],[-73.8713,40.7902],[-73.8713,40.7901],[-73.8712,40.79],[-73.8712,40.79],[-73.8712,40.7898],[-73.8711,40.7897],[-73.8711,40.7896],[-73.871,40.7894],[-73.871,40.7894],[-73.871,40.7893],[-73.871,40.7892],[-73.871,40.7892],[-73.871,40.7891],[-73.871,40.7889],[-73.8709,40.7886],[-73.8709,40.7883],[-73.8708,40.7881],[-73.8708,40.788],[-73.8708,40.7879],[-73.8711,40.7876],[-73.8714,40.7873],[-73.8716,40.7868],[-73.8721,40.7865],[-73.8723,40.7864],[-73.8727,40.7862],[-73.8729,40.786],[-73.873,40.7859],[-73.8732,40.7858],[-73.8734,40.7858],[-73.8735,40.7857],[-73.8739,40.7858],[-73.8742,40.7858],[-73.8746,40.7858],[-73.8751,40.7859],[-73.8756,40.7859],[-73.8761,40.7859],[-73.8765,40.7858],[-73.8783,40.7854],[-73.8854,40.7867],[-73.886,40.7868],[-73.8863,40.7867],[-73.8869,40.7867],[-73.8873,40.7868],[-73.8883,40.787],[-73.889,40.7874],[-73.8895,40.7881],[-73.8898,40.7887],[-73.8899,40.789],[-73.8903,40.7899],[-73.8908,40.7902],[-73.8912,40.7902],[-73.8916,40.7902],[-73.892,40.7902],[-73.8922,40.7904],[-73.8926,40.7938],[-73.8915,40.7971],[-73.8913,40.7972],[-73.8907,40.7977],[-73.8906,40.7978],[-73.8902,40.798],[-73.8901,40.7979],[-73.89,40.7979],[-73.8896,40.7978],[-73.8892,40.7978],[-73.8891,40.7978],[-73.8887,40.7979],[-73.8885,40.7981],[-73.8883,40.7982],[-73.8879,40.7983],[-73.8876,40.7984],[-73.8874,40.7984],[-73.8873,40.7983],[-73.8872,40.7983],[-73.8871,40.7983],[-73.887,40.7982],[-73.8868,40.7981],[-73.8867,40.7981],[-73.8867,40.7981],[-73.8866,40.798],[-73.8865,40.798],[-73.8865,40.7979],[-73.8864,40.7979],[-73.8863,40.7978],[-73.8861,40.7976],[-73.8859,40.7975],[-73.8856,40.7972],[-73.8854,40.7971],[-73.8853,40.797],[-73.8851,40.7969],[-73.8849,40.7966],[-73.8847,40.7965],[-73.8846,40.7964],[-73.8845,40.7963],[-73.8843,40.7962],[-73.8842,40.7961],[-73.8842,40.7961],[-73.884,40.7959],[-73.884,40.7958],[-73.8839,40.7958],[-73.8838,40.7958],[-73.8837,40.7957],[-73.8837,40.7957],[-73.8836,40.7957],[-73.8836,40.7957],[-73.8836,40.7957],[-73.8837,40.7958],[-73.8837,40.7959],[-73.8837,40.7959],[-73.8837,40.7959],[-73.8837,40.7959],[-73.8837,40.7959],[-73.8837,40.796],[-73.8837,40.796],[-73.8837,40.796],[-73.8837,40.796],[-73.8836,40.796],[-73.8836,40.796],[-73.8836,40.7959],[-73.8835,40.7959],[-73.8835,40.7958],[-73.8834,40.7957],[-73.8833,40.7957],[-73.8833,40.7956],[-73.8832,40.7956],[-73.8832,40.7955],[-73.8832,40.7955],[-73.8831,40.7955],[-73.883,40.7955],[-73.8829,40.7955],[-73.8828,40.7955],[-73.8827,40.7954],[-73.8826,40.7953],[-73.8825,40.7953],[-73.8824,40.7952],[-73.8822,40.7952],[-73.8821,40.7952],[-73.882,40.7951],[-73.8818,40.7951],[-73.8817,40.7951],[-73.8815,40.7951],[-73.8814,40.7951],[-73.8813,40.7951],[-73.8813,40.7951],[-73.8811,40.795],[-73.881,40.795],[-73.8808,40.795],[-73.8807,40.795],[-73.8806,40.7949],[-73.8804,40.7949],[-73.8802,40.7949],[-73.88,40.7949],[-73.8799,40.7949],[-73.8798,40.7949],[-73.8796,40.7948],[-73.8794,40.7948],[-73.8791,40.7947],[-73.8789,40.7947],[-73.8786,40.7946],[-73.8785,40.7946],[-73.8784,40.7945],[-73.8782,40.7945],[-73.8782,40.7944],[-73.8782,40.7944],[-73.878,40.7944],[-73.878,40.7944],[-73.8779,40.7943],[-73.8776,40.7942],[-73.8774,40.7941],[-73.8773,40.794],[-73.8771,40.7939],[-73.8769,40.7938],[-73.8768,40.7937],[-73.8768,40.7937],[-73.8766,40.7936],[-73.8765,40.7935],[-73.8764,40.7934],[-73.8763,40.7934],[-73.8763,40.7934],[-73.8762,40.7934],[-73.8761,40.7933],[-73.8761,40.7933],[-73.876,40.7933],[-73.876,40.7932],[-73.8759,40.7932],[-73.8758,40.7932],[-73.8758,40.7931],[-73.8758,40.7931],[-73.8758,40.7931],[-73.8757,40.793],[-73.8756,40.7929],[-73.8755,40.7929],[-73.8755,40.7928],[-73.8754,40.7928],[-73.8753,40.7926],[-73.8751,40.7925],[-73.875,40.7923],[-73.8749,40.7923],[-73.8747,40.7922],[-73.8746,40.7921],[-73.8745,40.7921],[-73.8743,40.792],[-73.8742,40.7919],[-73.8741,40.7919],[-73.8741,40.7919],[-73.8739,40.7919],[-73.8739,40.7918],[-73.8735,40.7917],[-73.8735,40.7917]]],[[[-73.8965,40.7544],[-73.8972,40.7581],[-73.8977,40.761],[-73.8985,40.7599],[-73.8987,40.7599],[-73.8979,40.761],[-73.8974,40.7619],[-73.8972,40.7621],[-73.8967,40.7628],[-73.8962,40.7633],[-73.896,40.7635],[-73.8956,40.7638],[-73.8953,40.7641],[-73.8951,40.7643],[-73.895,40.7645],[-73.8948,40.7649],[-73.8946,40.7653],[-73.8945,40.7654],[-73.8943,40.7656],[-73.894,40.7658],[-73.8938,40.7658],[-73.8935,40.766],[-73.8945,40.7662],[-73.8961,40.7665],[-73.9005,40.7673],[-73.9005,40.7674],[-73.8996,40.7683],[-73.8981,40.7706],[-73.896,40.7719],[-73.8959,40.7724],[-73.8936,40.7741],[-73.8932,40.7739],[-73.8929,40.7738],[-73.8927,40.774],[-73.8926,40.7742],[-73.8923,40.7758],[-73.8923,40.7761],[-73.8921,40.7763],[-73.892,40.7765],[-73.8918,40.7767],[-73.8917,40.7766],[-73.8914,40.7764],[-73.8914,40.776],[-73.8915,40.7756],[-73.8918,40.7754],[-73.8918,40.7751],[-73.8903,40.7732],[-73.89,40.7737],[-73.8898,40.7737],[-73.8895,40.7736],[-73.8894,40.773],[-73.889,40.7709],[-73.889,40.7706],[-73.889,40.7705],[-73.8889,40.7701],[-73.8889,40.77],[-73.8888,40.7697],[-73.8888,40.7695],[-73.8888,40.7695],[-73.8887,40.769],[-73.8887,40.7689],[-73.8885,40.7689],[-73.8883,40.7687],[-73.8882,40.7686],[-73.8882,40.7685],[-73.8881,40.7683],[-73.8877,40.7669],[-73.8877,40.7667],[-73.8876,40.7664],[-73.8864,40.7666],[-73.8837,40.7672],[-73.8828,40.7673],[-73.8824,40.7654],[-73.8833,40.7653],[-73.8843,40.7652],[-73.8841,40.7645],[-73.884,40.7637],[-73.8835,40.7634],[-73.8827,40.762],[-73.8831,40.7616],[-73.883,40.7608],[-73.8828,40.7596],[-73.883,40.758],[-73.8835,40.7558],[-73.8854,40.7556],[-73.8872,40.7554],[-73.8891,40.7552],[-73.8909,40.755],[-73.8928,40.7548],[-73.8947,40.7546],[-73.8965,40.7544],[-73.8965,40.7544]]]]}},{"type":"Feature","id":"11375","properties":{"modzcta":"11375"},"geometry":{"type":"MultiPolygon","coordinates":[[[[-73.8431,40.7092],[-73.8435,40.7091],[-73.8438,40.7089],[-73.8445,40.7087],[-73.8453,40.7085],[-73.8462,40.7084],[-73.8476,40.7083],[-73.8488,40.7084],[-73.8491,40.7084],[-73.8495,40.7083],[-73.8506,40.708],[-73.8527,40.7074],[-73.8547,40.7068],[-73.8554,40.7066],[-73.8559,40.7064],[-73.8567,40.7077],[-73.8575,40.7137],[-73.8582,40.7196],[-73.8578,40.7217],[-73.8574,40.7219],[-73.8567,40.7224],[-73.856,40.7235],[-73.8558,40.7236],[-73.8556,40.7241],[-73.8546,40.7257],[-73.8543,40.7262],[-73.8539,40.7268],[-73.8537,40.727],[-73.8536,40.7271],[-73.8517,40.7278],[-73.8517,40.7281],[-73.8517,40.7283],[-73.8521,40.7291],[-73.8523,40.7295],[-73.8527,40.7301],[-73.8529,40.7304],[-73.8515,40.7316],[-73.8536,40.7318],[-73.8522,40.7329],[-73.854,40.7327],[-73.8547,40.7328],[-73.8555,40.7343],[-73.8561,40.7356],[-73.854,40.7366],[-73.8534,40.737],[-73.8519,40.7373],[-73.852,40.7377],[-73.851,40.738],[-73.8499,40.7383],[-73.8492,40.7385],[-73.849,40.7386],[-73.8489,40.7387],[-73.8485,40.739],[-73.8479,40.7392],[-73.8476,40.7391],[-73.8466,40.7394],[-73.8456,40.7399],[-73.8454,40.74],[-73.8452,40.74],[-73.8451,40.7394],[-73.8448,40.7361],[-73.8449,40.7357],[-73.8447,40.7354],[-73.8447,40.7351],[-73.8445,40.7347],[-73.8444,40.7345],[-73.8443,40.7342],[-73.8437,40.7332],[-73.8426,40.732],[-73.8416,40.7312],[-73.8404,40.7298],[-73.8389,40.7284],[-73.8384,40.7277],[-73.838,40.7271],[-73.8377,40.7265],[-73.8372,40.7256],[-73.8358,40.7225],[-73.8341,40.7202],[-73.8328,40.7188],[-73.8319,40.7179],[-73.8314,40.7175],[-73.8307,40.7172],[-73.8297,40.7169],[-73.8278,40.7165],[-73.8268,40.7164],[-73.8265,40.7163],[-73.8258,40.7162],[-73.8257,40.7162],[-73.8259,40.716],[-73.8263,40.7158],[-73.8268,40.7155],[-73.8272,40.7154],[-73.8293,40.7148],[-73.8303,40.7145],[-73.831,40.7144],[-73.8312,40.7143],[-73.8314,40.7142],[-73.8332,40.7133],[-73.8336,40.7131],[-73.8337,40.713],[-73.8351,40.7123],[-73.836,40.7117],[-73.8364,40.7116],[-73.837,40.7113],[-73.8377,40.711],[-73.8395,40.7105],[-73.8398,40.7104],[-73.8402,40.7103],[-73.8413,40.7099],[-73.8427,40.7094],[-73.8431,40.7092],[-73.8431,40.7092]]]]}},{"type":"Feature","id":"11379","properties":{"modzcta":"11379"},"geometry":{"type":"MultiPolygon","coordinates":[[[[-73.9029,40.7138],[-73.902,40.7142],[-73.9007,40.7148],[-73.898,40.7166],[-73.8978,40.7162],[-73.8942,40.7179],[-73.8929,40.7192],[-73.8921,40.719],[-73.8897,40.7202],[-73.8884,40.7207],[-73.8876,40.7211],[-73.8869,40.7214],[-73.886,40.7218],[-73.8872,40.724],[-73.8871,40.7244],[-73.8871,40.7253],[-73.8872,40.7262],[-73.8872,40.7275],[-73.8872,40.7277],[-73.8869,40.7279],[-73.8866,40.728],[-73.8862,40.7281],[-73.8856,40.7283],[-73.8846,40.7284],[-73.8841,40.7285],[-73.8837,40.7284],[-73.8835,40.7283],[-73.8819,40.7284],[-73.8808,40.7285],[-73.8803,40.7286],[-73.8798,40.7287],[-73.8785,40.7292],[-73.8777,40.7296],[-73.8775,40.7293],[-73.8772,40.7295],[-73.8768,40.7297],[-73.875,40.7303],[-73.8741,40.7303],[-73.8724,40.7297],[-73.8715,40.7293],[-73.8716,40.7291],[-73.8739,40.7284],[-73.8726,40.7274],[-73.8711,40.7279],[-73.8709,40.7277],[-73.8707,40.7273],[-73.8708,40.727],[-73.8711,40.7263],[-73.8715,40.7255],[-73.8712,40.7249],[-73.8698,40.7251],[-73.8693,40.7245],[-73.8693,40.7244],[-73.8685,40.7235],[-73.8677,40.7227],[-73.8671,40.7221],[-73.866,40.7209],[-73.8652,40.72],[-73.8641,40.7188],[-73.863,40.7177],[-73.8624,40.7171],[-73.8618,40.7166],[-73.8612,40.716],[-73.86,40.7149],[-73.8598,40.7146],[-73.8597,40.7142],[-73.8596,40.714],[-73.8596,40.7135],[-73.8598,40.7133],[-73.865,40.7108],[-73.8666,40.7104],[-73.8702,40.7092],[-73.8706,40.709],[-73.8719,40.7084],[-73.8732,40.7078],[-73.8738,40.7076],[-73.8748,40.707],[-73.8753,40.7068],[-73.8772,40.7067],[-73.879,40.7065],[-73.8809,40.7065],[-73.8827,40.7064],[-73.8846,40.7064],[-73.8862,40.7067],[-73.8901,40.7084],[-73.8919,40.709],[-73.8939,40.7098],[-73.895,40.7103],[-73.8961,40.7108],[-73.8972,40.7113],[-73.8987,40.7119],[-73.9002,40.7127],[-73.9007,40.7128],[-73.9025,40.7136],[-73.9029,40.7138]]]]}},{"type":"Feature","id":"11377","properties":{"modzcta":"11377"},"geometry":{"type":"MultiPolygon","coordinates":[[[[-73.9173,40.7314],[-73.9174,40.7313],[-73.9173,40.7314]]],[[[-73.9173,40.7314],[-73.9178,40.7315],[-73.9183,40.7317],[-73.9187,40.7319],[-73.919,40.732],[-73.9193,40.7322],[-73.9207,40.7331],[-73.9214,40.7336],[-73.9223,40.7344],[-73.9224,40.7344],[-73.9226,40.7344],[-73.9233,40.7348],[-73.9236,40.735],[-73.924,40.7352],[-73.9254,40.7356],[-73.9258,40.7359],[-73.9258,40.736],[-73.9258,40.7362],[-73.9249,40.736],[-73.9236,40.7376],[-73.9232,40.7397],[-73.922,40.7409],[-73.92,40.7413],[-73.9198,40.7419],[-73.9194,40.742],[-73.9191,40.7421],[-73.9179,40.7425],[-73.9168,40.7429],[-73.9165,40.7431],[-73.9159,40.743],[-73.9149,40.7429],[-73.9146,40.7445],[-73.9152,40.7462],[-73.9151,40.7468],[-73.9151,40.7471],[-73.915,40.7476],[-73.9148,40.7482],[-73.9147,40.7488],[-73.9137,40.7489],[-73.9128,40.7488],[-73.9116,40.7487],[-73.9099,40.7491],[-73.9095,40.7504],[-73.9095,40.7507],[-73.9095,40.7509],[-73.9096,40.751],[-73.9103,40.7527],[-73.9107,40.7531],[-73.9108,40.7533],[-73.9109,40.7534],[-73.911,40.7535],[-73.911,40.7537],[-73.9112,40.7539],[-73.9113,40.7541],[-73.9115,40.7546],[-73.9118,40.7556],[-73.9126,40.756],[-73.9107,40.7583],[-73.9096,40.7582],[-73.9074,40.7603],[-73.9075,40.7608],[-73.907,40.7615],[-73.9065,40.7621],[-73.9055,40.7616],[-73.9052,40.7638],[-73.9037,40.7642],[-73.9037,40.7656],[-73.9044,40.767],[-73.9047,40.7673],[-73.905,40.7676],[-73.9053,40.7677],[-73.9043,40.7675],[-73.9041,40.7671],[-73.9037,40.766],[-73.9035,40.7659],[-73.9033,40.7661],[-73.903,40.7664],[-73.9027,40.7668],[-73.9022,40.7673],[-73.9007,40.7672],[-73.896,40.7664],[-73.8943,40.7661],[-73.8938,40.7659],[-73.8939,40.7658],[-73.8941,40.7657],[-73.8944,40.7655],[-73.8945,40.7654],[-73.8947,40.7651],[-73.8948,40.7647],[-73.8951,40.7643],[-73.8952,40.7642],[-73.8953,40.7641],[-73.8956,40.7638],[-73.896,40.7635],[-73.8962,40.7633],[-73.8967,40.7628],[-73.8972,40.7621],[-73.8974,40.7619],[-73.8979,40.761],[-73.8987,40.7599],[-73.8985,40.7599],[-73.8977,40.761],[-73.8972,40.7581],[-73.8965,40.7544],[-73.8963,40.753],[-73.8962,40.7526],[-73.896,40.7512],[-73.8965,40.7505],[-73.897,40.7505],[-73.8972,40.7505],[-73.8971,40.7502],[-73.897,40.75],[-73.8962,40.7487],[-73.8961,40.7485],[-73.8958,40.748],[-73.8953,40.747],[-73.8949,40.7464],[-73.8947,40.7461],[-73.8946,40.7456],[-73.8946,40.7452],[-73.8946,40.745],[-73.8945,40.7452],[-73.8945,40.7457],[-73.8945,40.746],[-73.8946,40.7462],[-73.8947,40.7465],[-73.8936,40.7466],[-73.8918,40.7468],[-73.8911,40.7452],[-73.8909,40.7431],[-73.8917,40.7421],[-73.8909,40.7407],[-73.8903,40.7394],[-73.8902,40.7392],[-73.8901,40.739],[-73.8888,40.7365],[-73.8898,40.7364],[-73.8914,40.7361],[-73.8909,40.7359],[-73.8894,40.7358],[-73.8888,40.7349],[-73.8891,40.7346],[-73.8911,40.7345],[-73.8918,40.7345],[-73.8921,40.7337],[-73.8932,40.7336],[-73.895,40.7336],[-73.8979,40.7336],[-73.8991,40.7343],[-73.9007,40.7344],[-73.9011,40.7339],[-73.9042,40.7302],[-73.9052,40.729],[-73.9057,40.7285],[-73.9071,40.7292],[-73.9085,40.7298],[-73.909,40.7299],[-73.9096,40.7299],[-73.9102,40.7299],[-73.9117,40.73],[-73.9143,40.7305],[-73.9173,40.7314]]]]}},{"type":"Feature","id":"11378","properties":{"modzcta":"11378"},"geometry":{"type":"MultiPolygon","coordinates":[[[[-73.9029,40.7138],[-73.9048,40.7129],[-73.9054,40.7129],[-73.9067,40.7136],[-73.9069,40.7129],[-73.908,40.7134],[-73.9089,40.7131],[-73.9102,40.7132],[-73.9107,40.7133],[-73.9129,40.7136],[-73.9147,40.7134],[-73.9157,40.7135],[-73.9195,40.7137],[-73.924,40.714],[-73.9237,40.7141],[-73.9241,40.7149],[-73.9241,40.7152],[-73.924,40.7153],[-73.9238,40.7154],[-73.9237,40.7155],[-73.9236,40.7156],[-73.9235,40.7156],[-73.9235,40.7156],[-73.9223,40.7161],[-73.9206,40.716],[-73.9206,40.716],[-73.9206,40.716],[-73.9211,40.7161],[-73.9214,40.7162],[-73.9217,40.7163],[-73.9222,40.7164],[-73.9223,40.7166],[-73.9224,40.7167],[-73.9224,40.7168],[-73.9225,40.717],[-73.9227,40.7173],[-73.9231,40.7178],[-73.9234,40.7181],[-73.9235,40.7181],[-73.9234,40.7182],[-73.9235,40.7182],[-73.9235,40.7182],[-73.9235,40.7182],[-73.9235,40.7182],[-73.9235,40.7183],[-73.9235,40.7183],[-73.9236,40.7183],[-73.9236,40.7183],[-73.9236,40.7184],[-73.9236,40.7184],[-73.9236,40.7184],[-73.9236,40.7185],[-73.9236,40.7185],[-73.9236,40.7185],[-73.9236,40.7186],[-73.9236,40.7186],[-73.9237,40.7186],[-73.9237,40.7186],[-73.9237,40.7187],[-73.9237,40.7187],[-73.9237,40.7187],[-73.9237,40.7187],[-73.9237,40.7188],[-73.9238,40.7188],[-73.9238,40.7188],[-73.9238,40.7188],[-73.9238,40.7189],[-73.9239,40.7189],[-73.9239,40.7189],[-73.9239,40.7189],[-73.9239,40.719],[-73.9239,40.719],[-73.9239,40.719],[-73.9239,40.719],[-73.9239,40.7191],[-73.9239,40.7191],[-73.924,40.7191],[-73.924,40.7192],[-73.924,40.7192],[-73.924,40.7192],[-73.924,40.7192],[-73.924,40.7193],[-73.924,40.7193],[-73.924,40.7193],[-73.924,40.7194],[-73.924,40.7194],[-73.924,40.7195],[-73.924,40.7195],[-73.924,40.7195],[-73.924,40.7195],[-73.924,40.7196],[-73.924,40.7196],[-73.924,40.7196],[-73.924,40.7197],[-73.924,40.7197],[-73.924,40.7197],[-73.924,40.7197],[-73.924,40.7198],[-73.924,40.7198],[-73.924,40.7198],[-73.9239,40.7198],[-73.9239,40.7199],[-73.9239,40.7199],[-73.9238,40.7199],[-73.9238,40.7199],[-73.9239,40.7199],[-73.9239,40.72],[-73.9239,40.72],[-73.9239,40.72],[-73.9239,40.72],[-73.9239,40.7201],[-73.9238,40.7201],[-73.9238,40.7201],[-73.9238,40.7202],[-73.9238,40.7202],[-73.9239,40.7202],[-73.9239,40.7202],[-73.9239,40.7202],[-73.9239,40.7203],[-73.9239,40.7203],[-73.9239,40.7203],[-73.9239,40.7204],[-73.924,40.7204],[-73.924,40.7204],[-73.924,40.7204],[-73.924,40.7205],[-73.924,40.7205],[-73.924,40.7205],[-73.924,40.7205],[-73.924,40.7206],[-73.924,40.7206],[-73.924,40.7206],[-73.9241,40.7206],[-73.9241,40.7207],[-73.9241,40.7207],[-73.9241,40.7207],[-73.9241,40.7207],[-73.9241,40.7208],[-73.9242,40.7208],[-73.9242,40.7208],[-73.9242,40.7208],[-73.9242,40.7209],[-73.9242,40.7209],[-73.9242,40.7209],[-73.9242,40.7209],[-73.9242,40.721],[-73.9242,40.721],[-73.9242,40.721],[-73.9242,40.721],[-73.9242,40.7211],[-73.9242,40.7211],[-73.9242,40.7211],[-73.9242,40.7211],[-73.9242,40.7212],[-73.9242,40.7212],[-73.9242,40.7212],[-73.9242,40.7213],[-73.9242,40.7213],[-73.9242,40.7213],[-73.9242,40.7213],[-73.9242,40.7214],[-73.9242,40.7214],[-73.9242,40.7214],[-73.9243,40.7215],[-73.9243,40.7215],[-73.9243,40.7215],[-73.9243,40.7215],[-73.9244,40.7216],[-73.9244,40.7216],[-73.9244,40.7216],[-73.9245,40.7216],[-73.9245,40.7216],[-73.9245,40.7217],[-73.9246,40.7217],[-73.9246,40.7217],[-73.9246,40.7218],[-73.9246,40.7218],[-73.9246,40.7218],[-73.9246,40.7218],[-73.9246,40.7218],[-73.9247,40.7219],[-73.9247,40.7219],[-73.9248,40.7219],[-73.9248,40.7219],[-73.9248,40.7219],[-73.9249,40.7219],[-73.9249,40.7219],[-73.9249,40.722],[-73.9249,40.722],[-73.925,40.722],[-73.925,40.7221],[-73.925,40.7221],[-73.925,40.7221],[-73.925,40.7221],[-73.925,40.7222],[-73.9251,40.7222],[-73.9251,40.7222],[-73.9251,40.7222],[-73.9251,40.7223],[-73.9251,40.7223],[-73.9251,40.7223],[-73.9252,40.7223],[-73.9251,40.7224],[-73.9251,40.7224],[-73.9251,40.7224],[-73.9251,40.7224],[-73.9251,40.7225],[-73.9251,40.7225],[-73.9251,40.7225],[-73.925,40.7226],[-73.925,40.7226],[-73.925,40.7226],[-73.925,40.7227],[-73.925,40.7227],[-73.9249,40.7227],[-73.9249,40.7227],[-73.9249,40.7228],[-73.9249,40.7228],[-73.9249,40.7228],[-73.9249,40.7229],[-73.9249,40.7229],[-73.9248,40.7229],[-73.9248,40.723],[-73.9248,40.723],[-73.9248,40.723],[-73.9248,40.723],[-73.9247,40.7231],[-73.9247,40.7231],[-73.9247,40.7231],[-73.9247,40.7232],[-73.9247,40.7232],[-73.9247,40.7232],[-73.9247,40.7232],[-73.9247,40.7233],[-73.9246,40.7233],[-73.9246,40.7233],[-73.9246,40.7233],[-73.9246,40.7234],[-73.9246,40.7234],[-73.9246,40.7234],[-73.9246,40.7235],[-73.9246,40.7235],[-73.9245,40.7235],[-73.9245,40.7235],[-73.9245,40.7236],[-73.9244,40.7236],[-73.9243,40.7236],[-73.9243,40.7236],[-73.9242,40.7236],[-73.9242,40.7236],[-73.9241,40.7236],[-73.9241,40.7236],[-73.924,40.7236],[-73.924,40.7236],[-73.924,40.7236],[-73.9239,40.7236],[-73.9239,40.7236],[-73.9239,40.7236],[-73.9238,40.7236],[-73.9238,40.7236],[-73.9237,40.7236],[-73.9237,40.7236],[-73.9237,40.7236],[-73.9236,40.7236],[-73.9236,40.7236],[-73.9235,40.7236],[-73.9235,40.7236],[-73.9235,40.7236],[-73.9234,40.7236],[-73.9234,40.7236],[-73.9234,40.7236],[-73.9233,40.7236],[-73.9233,40.7236],[-73.9232,40.7237],[-73.9232,40.7237],[-73.9231,40.7237],[-73.9231,40.7237],[-73.9231,40.7237],[-73.923,40.7237],[-73.923,40.7237],[-73.9229,40.7237],[-73.9229,40.7237],[-73.9228,40.7236],[-73.9228,40.7236],[-73.9228,40.7236],[-73.9227,40.7236],[-73.9227,40.7236],[-73.9226,40.7236],[-73.9226,40.7236],[-73.9225,40.7236],[-73.9225,40.7236],[-73.9224,40.7236],[-73.9224,40.7236],[-73.9224,40.7236],[-73.9223,40.7236],[-73.9223,40.7236],[-73.9223,40.7237],[-73.9222,40.7237],[-73.9222,40.7237],[-73.9222,40.7237],[-73.9221,40.7237],[-73.9221,40.7237],[-73.922,40.7237],[-73.922,40.7237],[-73.922,40.7237],[-73.9219,40.7237],[-73.9219,40.7237],[-73.9218,40.7236],[-73.9218,40.7236],[-73.9218,40.7236],[-73.9217,40.7236],[-73.9217,40.7236],[-73.9217,40.7236],[-73.9216,40.7236],[-73.9216,40.7236],[-73.9215,40.7235],[-73.9215,40.7235],[-73.9215,40.7235],[-73.9214,40.7235],[-73.9214,40.7235],[-73.9214,40.7235],[-73.9213,40.7234],[-73.9213,40.7234],[-73.9212,40.7234],[-73.9212,40.7234],[-73.9212,40.7234],[-73.9211,40.7234],[-73.9211,40.7234],[-73.9211,40.7234],[-73.921,40.7234],[-73.921,40.7234],[-73.9209,40.7233],[-73.9209,40.7233],[-73.9209,40.7233],[-73.9208,40.7233],[-73.9208,40.7233],[-73.9207,40.7233],[-73.9207,40.7233],[-73.9207,40.7233],[-73.9207,40.7234],[-73.9207,40.7234],[-73.9207,40.7234],[-73.9206,40.7234],[-73.9206,40.7235],[-73.9206,40.7235],[-73.9206,40.7235],[-73.9206,40.7235],[-73.9205,40.7235],[-73.9205,40.7235],[-73.9205,40.7235],[-73.9204,40.7236],[-73.9204,40.7236],[-73.9204,40.7237],[-73.9204,40.7237],[-73.9204,40.7237],[-73.9205,40.7237],[-73.9205,40.7237],[-73.9205,40.7237],[-73.9206,40.7237],[-73.9206,40.7237],[-73.9207,40.7238],[-73.9207,40.7238],[-73.9208,40.7238],[-73.9208,40.7238],[-73.9209,40.7238],[-73.9209,40.7238],[-73.9209,40.7238],[-73.921,40.7238],[-73.921,40.7238],[-73.921,40.7238],[-73.9211,40.7238],[-73.9211,40.7238],[-73.9212,40.7238],[-73.9212,40.7239],[-73.9212,40.7239],[-73.9213,40.7239],[-73.9213,40.7239],[-73.9214,40.7239],[-73.9214,40.7239],[-73.9214,40.7239],[-73.9214,40.7239],[-73.9215,40.724],[-73.9215,40.724],[-73.9215,40.724],[-73.9216,40.724],[-73.9216,40.724],[-73.9216,40.724],[-73.9216,40.724],[-73.9217,40.7241],[-73.9217,40.7241],[-73.9218,40.7241],[-73.9218,40.7241],[-73.9218,40.7241],[-73.9219,40.7241],[-73.9219,40.7241],[-73.9219,40.7241],[-73.9219,40.7241],[-73.922,40.7241],[-73.922,40.7241],[-73.9221,40.7241],[-73.9221,40.7241],[-73.9221,40.7241],[-73.9222,40.7242],[-73.9222,40.7242],[-73.9222,40.7242],[-73.9223,40.7242],[-73.9223,40.7242],[-73.9223,40.7242],[-73.9224,40.7242],[-73.9224,40.7242],[-73.9225,40.7242],[-73.9225,40.7242],[-73.9225,40.7242],[-73.9226,40.7242],[-73.9226,40.7242],[-73.9226,40.7242],[-73.9226,40.7242],[-73.9227,40.7242],[-73.9227,40.7242],[-73.9227,40.7242],[-73.9228,40.7242],[-73.9228,40.7243],[-73.9229,40.7243],[-73.9229,40.7243],[-73.9229,40.7243],[-73.923,40.7243],[-73.9232,40.7243],[-73.9233,40.7243],[-73.9235,40.7243],[-73.9236,40.7243],[-73.9237,40.7243],[-73.9241,40.7243],[-73.9242,40.7243],[-73.9242,40.7243],[-73.9244,40.7243],[-73.9246,40.7244],[-73.9247,40.7244],[-73.925,40.7246],[-73.9251,40.7246],[-73.9253,40.7247],[-73.9254,40.7248],[-73.9255,40.7249],[-73.9262,40.7254],[-73.9266,40.7257],[-73.9266,40.7257],[-73.9271,40.7262],[-73.9272,40.7264],[-73.9278,40.7269],[-73.9281,40.7273],[-73.9285,40.7278],[-73.9286,40.7279],[-73.9288,40.728],[-73.9289,40.7281],[-73.9292,40.7283],[-73.9299,40.7284],[-73.9307,40.7286],[-73.9312,40.7286],[-73.9313,40.7287],[-73.9313,40.7289],[-73.931,40.7291],[-73.9327,40.7299],[-73.9355,40.7318],[-73.9359,40.7343],[-73.9348,40.7356],[-73.9316,40.7368],[-73.9258,40.7357],[-73.9245,40.7353],[-73.9238,40.735],[-73.9234,40.7348],[-73.9228,40.7345],[-73.9225,40.7344],[-73.9224,40.7344],[-73.9222,40.7343],[-73.921,40.7333],[-73.9202,40.7327],[-73.9192,40.7321],[-73.9189,40.732],[-73.9185,40.7318],[-73.918,40.7316],[-73.9176,40.7314],[-73.9143,40.7305],[-73.9117,40.73],[-73.9102,40.7299],[-73.9096,40.7299],[-73.909,40.7299],[-73.9085,40.7298],[-73.9071,40.7292],[-73.9057,40.7285],[-73.9052,40.729],[-73.9042,40.7302],[-73.9011,40.7339],[-73.9007,40.7344],[-73.8991,40.7343],[-73.8979,40.7336],[-73.895,40.7336],[-73.8932,40.7336],[-73.8921,40.7337],[-73.8918,40.7345],[-73.8911,40.7345],[-73.8891,40.7346],[-73.8885,40.7342],[-73.8884,40.7335],[-73.8883,40.7329],[-73.8883,40.7325],[-73.8883,40.7319],[-73.8881,40.7306],[-73.8876,40.7302],[-73.8874,40.7296],[-73.8872,40.7289],[-73.8872,40.7282],[-73.8872,40.728],[-73.8872,40.7278],[-73.8872,40.7276],[-73.8872,40.7274],[-73.8871,40.7261],[-73.8871,40.7246],[-73.8871,40.724],[-73.8876,40.7238],[-73.8864,40.7217],[-73.8872,40.7213],[-73.888,40.7209],[-73.8888,40.7205],[-73.8912,40.7195],[-73.8924,40.7192],[-73.8946,40.7184],[-73.8975,40.7164],[-73.8978,40.7163],[-73.9008,40.7153],[-73.9012,40.7146],[-73.9024,40.714],[-73.9029,40.7138]],[[-73.9173,40.7314],[-73.9172,40.7313],[-73.9173,40.7314]]]]}},{"type":"Feature","id":"11421","properties":{"modzcta":"11421"},"geometry":{"type":"MultiPolygon","coordinates":[[[[-73.8663,40.6832],[-73.8665,40.6845],[-73.8669,40.6863],[-73.8673,40.6877],[-73.8676,40.6891],[-73.8679,40.6905],[-73.8686,40.6939],[-73.8684,40.6947],[-73.8705,40.6976],[-73.8706,40.6977],[-73.8707,40.6978],[-73.8695,40.7016],[-73.8692,40.7029],[-73.8687,40.7029],[-73.8672,40.7031],[-73.8656,40.7032],[-73.8638,40.7033],[-73.8632,40.7034],[-73.8628,40.7034],[-73.8614,40.7033],[-73.86,40.7031],[-73.8585,40.703],[-73.8582,40.7029],[-73.8589,40.7013],[-73.8574,40.7012],[-73.8572,40.7017],[-73.8554,40.702],[-73.8553,40.7026],[-73.8525,40.7023],[-73.8507,40.7019],[-73.8507,40.7016],[-73.8506,40.7013],[-73.8506,40.7011],[-73.8506,40.701],[-73.8506,40.7009],[-73.8517,40.7005],[-73.8522,40.7005],[-73.8528,40.7005],[-73.8533,40.7006],[-73.8537,40.7007],[-73.854,40.7008],[-73.8541,40.7008],[-73.8544,40.7007],[-73.8546,40.7006],[-73.8541,40.7005],[-73.8507,40.7002],[-73.848,40.6968],[-73.8465,40.694],[-73.8459,40.6927],[-73.8452,40.6914],[-73.8446,40.6901],[-73.8443,40.6894],[-73.8459,40.689],[-73.8476,40.6885],[-73.8487,40.6882],[-73.8488,40.6881],[-73.849,40.6881],[-73.8506,40.6877],[-73.8514,40.6874],[-73.8523,40.6872],[-73.8536,40.6868],[-73.8548,40.6864],[-73.8565,40.686],[-73.8582,40.6855],[-73.8591,40.6852],[-73.8599,40.685],[-73.8608,40.6848],[-73.8613,40.6846],[-73.8621,40.6844],[-73.863,40.6841],[-73.8639,40.6839],[-73.8647,40.6836],[-73.8655,40.6834],[-73.8663,40.6832]]]]}},{"type":"Feature","id":"11422","properties":{"modzcta":"11422"},"geometry":{"type":"MultiPolygon","coordinates":[[[[-73.7546,40.6472],[-73.7545,40.6484],[-73.7541,40.6487],[-73.7516,40.6473],[-73.7482,40.6453],[-73.7479,40.6451],[-73.7476,40.6449],[-73.7471,40.6444],[-73.7462,40.6449],[-73.7461,40.6451],[-73.7461,40.6452],[-73.7461,40.6454],[-73.7461,40.6457],[-73.7462,40.6461],[-73.7462,40.6467],[-73.7463,40.6475],[-73.7464,40.6481],[-73.7463,40.6486],[-73.7462,40.6493],[-73.7462,40.6502],[-73.7459,40.6504],[-73.7463,40.6508],[-73.7464,40.6508],[-73.7465,40.6509],[-73.7465,40.6511],[-73.7466,40.6511],[-73.7468,40.6513],[-73.7467,40.6514],[-73.7468,40.6516],[-73.747,40.6517],[-73.7473,40.6516],[-73.7473,40.6515],[-73.7473,40.6513],[-73.7474,40.6513],[-73.7475,40.6514],[-73.7477,40.6514],[-73.7479,40.6514],[-73.7483,40.6513],[-73.7485,40.6513],[-73.7485,40.6513],[-73.7485,40.6514],[-73.7483,40.6517],[-73.7482,40.6519],[-73.7484,40.6521],[-73.7485,40.6521],[-73.7487,40.6523],[-73.7487,40.6524],[-73.7488,40.6525],[-73.749,40.6525],[-73.7492,40.6525],[-73.7493,40.6527],[-73.7494,40.653],[-73.7493,40.6533],[-73.7493,40.6534],[-73.7491,40.6537],[-73.749,40.6541],[-73.7492,40.6547],[-73.7491,40.6551],[-73.7487,40.6556],[-73.7485,40.6558],[-73.7481,40.6564],[-73.7478,40.6567],[-73.7475,40.6571],[-73.7471,40.6574],[-73.7469,40.6575],[-73.7451,40.6574],[-73.7451,40.6577],[-73.745,40.658],[-73.7442,40.659],[-73.743,40.6603],[-73.742,40.6615],[-73.7412,40.6628],[-73.7404,40.6641],[-73.7395,40.6653],[-73.7392,40.6656],[-73.7385,40.6664],[-73.7401,40.6664],[-73.7404,40.6664],[-73.7412,40.6664],[-73.7419,40.6668],[-73.7411,40.6682],[-73.7419,40.6685],[-73.7409,40.6702],[-73.74,40.6699],[-73.739,40.6716],[-73.7398,40.6719],[-73.7388,40.6736],[-73.7379,40.6733],[-73.7369,40.6749],[-73.7363,40.6762],[-73.734,40.6804],[-73.7337,40.6811],[-73.7333,40.6823],[-73.7328,40.6837],[-73.7322,40.6851],[-73.7313,40.6848],[-73.7296,40.6843],[-73.7279,40.6838],[-73.7268,40.6835],[-73.7266,40.6834],[-73.7259,40.6827],[-73.7258,40.6814],[-73.7257,40.6803],[-73.7258,40.6788],[-73.7262,40.6774],[-73.7263,40.6771],[-73.7264,40.6767],[-73.7267,40.6761],[-73.7271,40.6751],[-73.7275,40.6742],[-73.7275,40.6739],[-73.7279,40.6708],[-73.728,40.6694],[-73.7282,40.668],[-73.7283,40.6666],[-73.7282,40.6659],[-73.7281,40.6653],[-73.7279,40.6647],[-73.7278,40.6641],[-73.7278,40.6632],[-73.7283,40.663],[-73.728,40.6624],[-73.7276,40.6611],[-73.7268,40.6598],[-73.7262,40.6585],[-73.7259,40.6577],[-73.7256,40.6567],[-73.7255,40.6555],[-73.7251,40.6535],[-73.7252,40.652],[-73.7303,40.6504],[-73.7321,40.6501],[-73.7351,40.6497],[-73.739,40.6482],[-73.7414,40.6463],[-73.7414,40.6459],[-73.7415,40.6452],[-73.7417,40.6422],[-73.7414,40.6405],[-73.7413,40.6389],[-73.7396,40.6359],[-73.7399,40.6352],[-73.74,40.6353],[-73.7402,40.6353],[-73.7407,40.6352],[-73.7408,40.6352],[-73.741,40.6352],[-73.7416,40.6351],[-73.7416,40.635],[-73.7417,40.635],[-73.7418,40.635],[-73.742,40.635],[-73.7423,40.635],[-73.7425,40.6352],[-73.7425,40.6353],[-73.7426,40.6353],[-73.7425,40.6353],[-73.7425,40.6353],[-73.7425,40.6353],[-73.7425,40.6353],[-73.7425,40.6353],[-73.7424,40.6354],[-73.7424,40.6355],[-73.7423,40.6357],[-73.7422,40.636],[-73.7419,40.6363],[-73.7418,40.6364],[-73.7415,40.6367],[-73.7414,40.6367],[-73.7412,40.6371],[-73.741,40.6373],[-73.7411,40.6377],[-73.7412,40.6378],[-73.7412,40.6378],[-73.7412,40.6378],[-73.7413,40.6379],[-73.7413,40.6379],[-73.7413,40.6379],[-73.7414,40.6379],[-73.7414,40.6379],[-73.7414,40.6379],[-73.7414,40.6379],[-73.7414,40.6379],[-73.7414,40.6379],[-73.7414,40.6379],[-73.7415,40.6379],[-73.7415,40.638],[-73.7416,40.638],[-73.7419,40.6381],[-73.7419,40.6381],[-73.7421,40.6381],[-73.7423,40.6382],[-73.7425,40.6382],[-73.7427,40.6383],[-73.7428,40.6383],[-73.743,40.6382],[-73.7432,40.6382],[-73.7433,40.6382],[-73.7437,40.638],[-73.744,40.638],[-73.7437,40.6386],[-73.7435,40.6389],[-73.7436,40.639],[-73.7437,40.639],[-73.7438,40.639],[-73.7438,40.639],[-73.744,40.6387],[-73.744,40.6387],[-73.744,40.6386],[-73.744,40.6386],[-73.744,40.6384],[-73.744,40.6384],[-73.7441,40.6384],[-73.7441,40.6384],[-73.7441,40.6383],[-73.7442,40.6382],[-73.7442,40.6382],[-73.7443,40.638],[-73.7445,40.6376],[-73.7446,40.6376],[-73.7446,40.6376],[-73.7446,40.6375],[-73.7446,40.6375],[-73.7447,40.6374],[-73.7447,40.6374],[-73.7447,40.6373],[-73.7447,40.6373],[-73.7447,40.6373],[-73.7448,40.6372],[-73.7448,40.6372],[-73.7448,40.6372],[-73.7449,40.6372],[-73.745,40.6372],[-73.745,40.6372],[-73.7451,40.6372],[-73.7451,40.6372],[-73.7451,40.6372],[-73.7451,40.6372],[-73.7452,40.6372],[-73.7452,40.6372],[-73.7453,40.6371],[-73.7453,40.6371],[-73.7453,40.6371],[-73.7454,40.6371],[-73.7455,40.637],[-73.7457,40.6369],[-73.7458,40.6369],[-73.7459,40.6368],[-73.746,40.6367],[-73.7461,40.6367],[-73.7461,40.6366],[-73.7461,40.6366],[-73.7462,40.6365],[-73.7462,40.6365],[-73.7463,40.6364],[-73.7464,40.6365],[-73.7466,40.6365],[-73.7467,40.6366],[-73.7468,40.6367],[-73.7468,40.6368],[-73.7468,40.6368],[-73.7468,40.6369],[-73.7467,40.637],[-73.7465,40.6372],[-73.7465,40.6373],[-73.7462,40.6374],[-73.7461,40.6374],[-73.746,40.6375],[-73.746,40.6375],[-73.7455,40.6378],[-73.7455,40.6378],[-73.7453,40.6379],[-73.7452,40.638],[-73.7452,40.638],[-73.7452,40.6381],[-73.7452,40.6381],[-73.7452,40.6382],[-73.7453,40.6383],[-73.7453,40.6383],[-73.7453,40.6383],[-73.7453,40.6383],[-73.7453,40.6384],[-73.7457,40.6381],[-73.7457,40.6378],[-73.746,40.6376],[-73.7462,40.6376],[-73.7462,40.6376],[-73.7462,40.6376],[-73.7463,40.6375],[-73.7464,40.6375],[-73.7464,40.6374],[-73.7464,40.6374],[-73.7465,40.6374],[-73.7465,40.6374],[-73.7465,40.6373],[-73.7466,40.6372],[-73.7467,40.6372],[-73.7468,40.637],[-73.7469,40.6369],[-73.7469,40.6369],[-73.7469,40.6369],[-73.747,40.6369],[-73.747,40.6369],[-73.747,40.6369],[-73.7471,40.6369],[-73.7471,40.637],[-73.747,40.6371],[-73.747,40.6371],[-73.747,40.6374],[-73.7469,40.6376],[-73.7469,40.6377],[-73.7468,40.6378],[-73.7468,40.6379],[-73.7468,40.6379],[-73.7469,40.638],[-73.7469,40.638],[-73.7469,40.6381],[-73.7468,40.6381],[-73.7468,40.6382],[-73.7467,40.6383],[-73.7466,40.6383],[-73.7466,40.6383],[-73.7466,40.6384],[-73.7465,40.6388],[-73.7465,40.639],[-73.7464,40.6391],[-73.7464,40.6391],[-73.7464,40.6392],[-73.7464,40.6392],[-73.7464,40.6392],[-73.7464,40.6392],[-73.7464,40.6393],[-73.7464,40.6393],[-73.7464,40.6393],[-73.7463,40.6393],[-73.7463,40.6393],[-73.7463,40.6393],[-73.7463,40.6394],[-73.7464,40.6394],[-73.7464,40.6394],[-73.7464,40.6394],[-73.7464,40.6395],[-73.7464,40.6396],[-73.7464,40.6398],[-73.7463,40.64],[-73.7463,40.6402],[-73.7462,40.6404],[-73.7462,40.6404],[-73.7462,40.6404],[-73.7462,40.6404],[-73.7462,40.6404],[-73.7463,40.6405],[-73.7463,40.6406],[-73.7463,40.6406],[-73.7463,40.6406],[-73.7463,40.6406],[-73.7463,40.6406],[-73.7463,40.6406],[-73.7464,40.6407],[-73.7464,40.6407],[-73.7463,40.6408],[-73.7463,40.6409],[-73.7463,40.6409],[-73.7463,40.641],[-73.7463,40.641],[-73.7463,40.6411],[-73.7464,40.6412],[-73.7464,40.6413],[-73.7463,40.6413],[-73.7463,40.6413],[-73.7463,40.6413],[-73.7463,40.6413],[-73.7463,40.6414],[-73.7463,40.6414],[-73.7463,40.6414],[-73.7463,40.6415],[-73.7464,40.6416],[-73.7465,40.6417],[-73.7466,40.642],[-73.7467,40.6421],[-73.7467,40.6423],[-73.7468,40.6423],[-73.7468,40.6424],[-73.7469,40.6424],[-73.7469,40.6424],[-73.7469,40.6424],[-73.7469,40.6424],[-73.7469,40.6424],[-73.7469,40.6425],[-73.7469,40.6425],[-73.7469,40.6426],[-73.747,40.6426],[-73.747,40.6426],[-73.747,40.6426],[-73.747,40.6426],[-73.7472,40.6429],[-73.7472,40.6431],[-73.7473,40.6432],[-73.7474,40.6433],[-73.7474,40.6433],[-73.7474,40.6433],[-73.7475,40.6433],[-73.7475,40.6433],[-73.7475,40.6434],[-73.7475,40.6434],[-73.7475,40.6434],[-73.7475,40.6434],[-73.7475,40.6434],[-73.7475,40.6434],[-73.7476,40.6435],[-73.7476,40.6435],[-73.7476,40.6435],[-73.7476,40.6435],[-73.7476,40.6435],[-73.7476,40.6435],[-73.7477,40.6436],[-73.7478,40.6437],[-73.7478,40.6437],[-73.7478,40.6437],[-73.7478,40.6437],[-73.7479,40.6438],[-73.7479,40.6438],[-73.7479,40.6439],[-73.7479,40.6439],[-73.748,40.6439],[-73.748,40.6439],[-73.7481,40.6439],[-73.7481,40.644],[-73.7481,40.644],[-73.7481,40.644],[-73.7481,40.6441],[-73.7482,40.6441],[-73.7482,40.6441],[-73.7482,40.6441],[-73.7483,40.6442],[-73.7483,40.6442],[-73.7484,40.6442],[-73.7484,40.6442],[-73.7485,40.6443],[-73.7486,40.6443],[-73.7488,40.6445],[-73.7488,40.6446],[-73.7487,40.6449],[-73.7488,40.6451],[-73.7489,40.6452],[-73.7489,40.6452],[-73.749,40.6452],[-73.749,40.6452],[-73.749,40.6452],[-73.7491,40.6452],[-73.7491,40.6451],[-73.7491,40.6451],[-73.7492,40.645],[-73.7493,40.645],[-73.7493,40.6449],[-73.7494,40.6449],[-73.7494,40.6449],[-73.7495,40.6449],[-73.7495,40.6449],[-73.7495,40.645],[-73.7495,40.645],[-73.7495,40.6451],[-73.7496,40.6451],[-73.7497,40.6452],[-73.7497,40.6452],[-73.7498,40.6452],[-73.7498,40.6452],[-73.7498,40.6452],[-73.7501,40.6454],[-73.7502,40.6455],[-73.7505,40.6457],[-73.7505,40.6457],[-73.7507,40.6458],[-73.7512,40.6461],[-73.7513,40.6462],[-73.7514,40.6463],[-73.7515,40.6463],[-73.7515,40.6464],[-73.7517,40.6464],[-73.7517,40.6465],[-73.752,40.6466],[-73.7522,40.6468],[-73.7528,40.647],[-73.7531,40.6472],[-73.7533,40.6473],[-73.7534,40.6474],[-73.7535,40.6474],[-73.7536,40.6475],[-73.7536,40.6475],[-73.7536,40.6475],[-73.7537,40.6475],[-73.7538,40.6475],[-73.7541,40.6478],[-73.7544,40.6479],[-73.7548,40.6478],[-73.7549,40.6476],[-73.7546,40.6472]]]]}},{"type":"Feature","id":"11385","properties":{"modzcta":"11385"},"geometry":{"type":"MultiPolygon","coordinates":[[[[-73.8689,40.6951],[-73.874,40.6942],[-73.8795,40.6911],[-73.8812,40.6899],[-73.8838,40.6879],[-73.8873,40.6856],[-73.8883,40.6852],[-73.8896,40.6842],[-73.8917,40.684],[-73.8927,40.6837],[-73.8941,40.6852],[-73.895,40.6844],[-73.8955,40.6838],[-73.8958,40.6835],[-73.8962,40.6829],[-73.8964,40.6826],[-73.8964,40.6825],[-73.8965,40.6823],[-73.9012,40.6879],[-73.9019,40.6911],[-73.9014,40.6916],[-73.9021,40.692],[-73.9035,40.6928],[-73.9043,40.6933],[-73.9058,40.6941],[-73.9048,40.6951],[-73.9047,40.6959],[-73.9054,40.6964],[-73.9061,40.6968],[-73.9068,40.6972],[-73.9076,40.6976],[-73.9088,40.6983],[-73.911,40.6995],[-73.9107,40.701],[-73.9122,40.7019],[-73.9118,40.7034],[-73.9133,40.7043],[-73.9148,40.7052],[-73.9159,40.7059],[-73.9166,40.7063],[-73.917,40.7065],[-73.9177,40.7069],[-73.9181,40.7072],[-73.9188,40.7076],[-73.9196,40.708],[-73.9207,40.7087],[-73.9219,40.7094],[-73.9211,40.7107],[-73.9215,40.711],[-73.9222,40.7129],[-73.924,40.714],[-73.9195,40.7137],[-73.9157,40.7135],[-73.9147,40.7134],[-73.9129,40.7136],[-73.9107,40.7133],[-73.9102,40.7132],[-73.9089,40.7131],[-73.908,40.7134],[-73.9069,40.7129],[-73.9067,40.7136],[-73.9054,40.7129],[-73.9048,40.7129],[-73.9029,40.7138],[-73.9017,40.7133],[-73.9006,40.7127],[-73.8998,40.7125],[-73.8982,40.7117],[-73.8964,40.7109],[-73.8955,40.7106],[-73.8942,40.71],[-73.8928,40.7094],[-73.891,40.7087],[-73.8893,40.7079],[-73.8855,40.7064],[-73.8838,40.7063],[-73.8818,40.7064],[-73.88,40.7065],[-73.8781,40.7066],[-73.8763,40.7067],[-73.875,40.7068],[-73.8745,40.7071],[-73.8735,40.7077],[-73.8722,40.7083],[-73.8719,40.7084],[-73.8705,40.7091],[-73.8694,40.7095],[-73.8656,40.7107],[-73.8621,40.7122],[-73.8599,40.7119],[-73.8598,40.7116],[-73.8598,40.7112],[-73.8597,40.7108],[-73.8596,40.7104],[-73.858,40.7105],[-73.8582,40.7116],[-73.8567,40.7077],[-73.8559,40.7064],[-73.8554,40.7066],[-73.8547,40.7068],[-73.8547,40.7052],[-73.854,40.7043],[-73.8539,40.7042],[-73.8531,40.7031],[-73.8552,40.7026],[-73.8553,40.702],[-73.8563,40.7018],[-73.8573,40.7012],[-73.8583,40.7012],[-73.8582,40.7028],[-73.8582,40.7029],[-73.8588,40.703],[-73.8607,40.7032],[-73.8624,40.7034],[-73.8629,40.7034],[-73.8635,40.7034],[-73.8647,40.7033],[-73.8665,40.7031],[-73.8682,40.703],[-73.869,40.7029],[-73.869,40.7017],[-73.8693,40.6994],[-73.8706,40.6977],[-73.8706,40.6977],[-73.8689,40.6951],[-73.8689,40.6951]]]]}},{"type":"Feature","id":"11411","properties":{"modzcta":"11411"},"geometry":{"type":"MultiPolygon","coordinates":[[[[-73.7322,40.6851],[-73.7335,40.6855],[-73.7336,40.6855],[-73.7345,40.6858],[-73.7357,40.6862],[-73.7373,40.6867],[-73.7376,40.6864],[-73.7475,40.6893],[-73.7473,40.6897],[-73.7481,40.6901],[-73.7473,40.6915],[-73.7467,40.6921],[-73.7453,40.6941],[-73.7457,40.695],[-73.7465,40.6968],[-73.7471,40.6982],[-73.7477,40.6996],[-73.7483,40.7009],[-73.7486,40.7016],[-73.7477,40.7018],[-73.7459,40.7023],[-73.7441,40.7027],[-73.7433,40.703],[-73.7429,40.7023],[-73.7417,40.702],[-73.7411,40.7018],[-73.741,40.702],[-73.7382,40.7026],[-73.7343,40.7025],[-73.7324,40.7017],[-73.7277,40.7016],[-73.7278,40.703],[-73.7277,40.7044],[-73.7278,40.7062],[-73.7274,40.7058],[-73.7269,40.7058],[-73.7268,40.7031],[-73.7268,40.702],[-73.7267,40.7011],[-73.7265,40.6983],[-73.7265,40.6969],[-73.7263,40.6906],[-73.7262,40.689],[-73.7262,40.6885],[-73.7259,40.6864],[-73.7259,40.6862],[-73.7258,40.6843],[-73.7266,40.6834],[-73.7268,40.6835],[-73.7279,40.6838],[-73.7296,40.6843],[-73.7313,40.6848],[-73.7322,40.6851]]]]}},{"type":"Feature","id":"11412","properties":{"modzcta":"11412"},"geometry":{"type":"MultiPolygon","coordinates":[[[[-73.7618,40.6845],[-73.7623,40.6852],[-73.7629,40.686],[-73.7636,40.6873],[-73.7646,40.6893],[-73.765,40.69],[-73.7662,40.6922],[-73.7654,40.6921],[-73.7664,40.6939],[-73.7676,40.695],[-73.7693,40.6967],[-73.7699,40.6963],[-73.7709,40.6974],[-73.7715,40.698],[-73.7732,40.7002],[-73.775,40.7036],[-73.7754,40.7046],[-73.7756,40.7053],[-73.7742,40.7051],[-73.7734,40.7053],[-73.7726,40.7054],[-73.772,40.7055],[-73.7711,40.7057],[-73.77,40.7059],[-73.7682,40.7062],[-73.7673,40.7066],[-73.7658,40.707],[-73.7646,40.7073],[-73.7641,40.7075],[-73.7623,40.7079],[-73.7605,40.7084],[-73.7587,40.7088],[-73.7569,40.7092],[-73.7551,40.7097],[-73.7534,40.7101],[-73.7525,40.7103],[-73.7519,40.7088],[-73.7527,40.7086],[-73.7513,40.7073],[-73.7508,40.7063],[-73.7502,40.7049],[-73.7496,40.7036],[-73.749,40.7023],[-73.7483,40.7009],[-73.7477,40.6996],[-73.7471,40.6982],[-73.7465,40.6968],[-73.7457,40.695],[-73.7453,40.6941],[-73.7467,40.6921],[-73.7473,40.6915],[-73.7481,40.6901],[-73.7492,40.6885],[-73.7498,40.6879],[-73.7512,40.6885],[-73.7528,40.6879],[-73.7544,40.6873],[-73.7561,40.6867],[-73.7576,40.6862],[-73.7592,40.6856],[-73.7607,40.6851],[-73.7618,40.6845],[-73.7618,40.6845]]]]}},{"type":"Feature","id":"11413","properties":{"modzcta":"11413"},"geometry":{"type":"MultiPolygon","coordinates":[[[[-73.7541,40.6487],[-73.7579,40.6509],[-73.7642,40.6544],[-73.7657,40.6553],[-73.7667,40.6558],[-73.7673,40.6561],[-73.7672,40.6562],[-73.7659,40.6567],[-73.7661,40.6579],[-73.7668,40.6585],[-73.7677,40.6589],[-73.768,40.6603],[-73.7662,40.6601],[-73.7655,40.6617],[-73.765,40.6629],[-73.7642,40.6648],[-73.7635,40.6663],[-73.7647,40.6665],[-73.7654,40.6667],[-73.7654,40.6668],[-73.7647,40.6669],[-73.764,40.667],[-73.7636,40.6672],[-73.7629,40.6692],[-73.7626,40.6708],[-73.7623,40.6719],[-73.764,40.6728],[-73.7638,40.6738],[-73.7637,40.6747],[-73.7636,40.6747],[-73.7635,40.6747],[-73.7634,40.6747],[-73.7611,40.6748],[-73.7595,40.6754],[-73.7579,40.6761],[-73.7588,40.6774],[-73.7592,40.678],[-73.7597,40.6787],[-73.7598,40.679],[-73.7596,40.6789],[-73.7594,40.6789],[-73.7591,40.6789],[-73.7589,40.679],[-73.7587,40.679],[-73.7581,40.6793],[-73.7593,40.6809],[-73.7608,40.6831],[-73.7618,40.6845],[-73.7607,40.6851],[-73.7592,40.6856],[-73.7576,40.6862],[-73.7561,40.6867],[-73.7544,40.6873],[-73.7528,40.6879],[-73.7512,40.6885],[-73.7498,40.6879],[-73.7492,40.6885],[-73.7481,40.6901],[-73.7473,40.6897],[-73.7475,40.6893],[-73.7376,40.6864],[-73.7373,40.6867],[-73.7357,40.6862],[-73.7345,40.6858],[-73.7336,40.6855],[-73.7335,40.6855],[-73.7322,40.6851],[-73.7325,40.6844],[-73.733,40.683],[-73.7336,40.6815],[-73.7338,40.681],[-73.735,40.6785],[-73.7369,40.675],[-73.737,40.6749],[-73.7379,40.6732],[-73.7388,40.6735],[-73.7398,40.6719],[-73.739,40.6715],[-73.74,40.6699],[-73.7409,40.6701],[-73.742,40.6685],[-73.7411,40.6682],[-73.7408,40.6668],[-73.7404,40.6664],[-73.7401,40.6664],[-73.7385,40.6664],[-73.7392,40.6656],[-73.7395,40.6653],[-73.7404,40.6641],[-73.7412,40.6628],[-73.742,40.6615],[-73.743,40.6603],[-73.7442,40.659],[-73.745,40.658],[-73.7451,40.6577],[-73.7451,40.6574],[-73.7469,40.6575],[-73.7471,40.6574],[-73.7475,40.6571],[-73.7478,40.6567],[-73.7481,40.6564],[-73.7485,40.6558],[-73.7487,40.6556],[-73.7491,40.6551],[-73.7492,40.6547],[-73.749,40.6541],[-73.7491,40.6537],[-73.7493,40.6534],[-73.7493,40.6533],[-73.7494,40.653],[-73.7493,40.6527],[-73.7492,40.6525],[-73.749,40.6525],[-73.7488,40.6525],[-73.7487,40.6524],[-73.7487,40.6523],[-73.7485,40.6521],[-73.7484,40.6521],[-73.7482,40.6519],[-73.7483,40.6517],[-73.7485,40.6514],[-73.7485,40.6513],[-73.7485,40.6513],[-73.7483,40.6513],[-73.7479,40.6514],[-73.7477,40.6514],[-73.7475,40.6514],[-73.7474,40.6513],[-73.7473,40.6513],[-73.7473,40.6515],[-73.7473,40.6516],[-73.747,40.6517],[-73.7468,40.6516],[-73.7467,40.6514],[-73.7468,40.6513],[-73.7466,40.6511],[-73.7465,40.6511],[-73.7465,40.6509],[-73.7464,40.6508],[-73.7463,40.6508],[-73.7459,40.6504],[-73.7462,40.6502],[-73.7462,40.6493],[-73.7463,40.6486],[-73.7464,40.6481],[-73.7463,40.6475],[-73.7462,40.6467],[-73.7462,40.6461],[-73.7461,40.6457],[-73.7461,40.6454],[-73.7461,40.6452],[-73.7461,40.6451],[-73.7462,40.6449],[-73.7471,40.6444],[-73.7476,40.6449],[-73.7479,40.6451],[-73.7482,40.6453],[-73.7516,40.6473],[-73.7541,40.6487],[-73.7541,40.6487]]]]}},{"type":"Feature","id":"11414","properties":{"modzcta":"11414"},"geometry":{"type":"MultiPolygon","coordinates":[[[[-73.8572,40.6503],[-73.86,40.654],[-73.8605,40.6546],[-73.8606,40.6547],[-73.861,40.6552],[-73.8609,40.6552],[-73.8608,40.6552],[-73.8607,40.6552],[-73.8603,40.6549],[-73.8603,40.6549],[-73.8602,40.6548],[-73.8598,40.6545],[-73.8595,40.6539],[-73.8594,40.6539],[-73.8593,40.6536],[-73.8591,40.6532],[-73.859,40.653],[-73.8587,40.6525],[-73.8584,40.6522],[-73.8579,40.6517],[-73.8577,40.6515],[-73.8573,40.6512],[-73.8572,40.6509],[-73.857,40.6506],[-73.857,40.6505],[-73.8571,40.6505],[-73.8572,40.6505],[-73.8572,40.6504],[-73.8572,40.6503],[-73.8572,40.6503],[-73.8572,40.6503],[-73.8572,40.6503],[-73.8572,40.6503]]],[[[-73.8299,40.6555],[-73.83,40.6554],[-73.8304,40.6551],[-73.8304,40.6552],[-73.8304,40.6553],[-73.8303,40.6554],[-73.8301,40.6555],[-73.8299,40.6555],[-73.8299,40.6555]]],[[[-73.8627,40.6576],[-73.8617,40.6589],[-73.8604,40.6596],[-73.8585,40.6599],[-73.8579,40.6614],[-73.8581,40.662],[-73.8575,40.6636],[-73.8561,40.6638],[-73.8561,40.6655],[-73.8565,40.667],[-73.8567,40.668],[-73.8572,40.6701],[-73.8573,40.6703],[-73.8573,40.6704],[-73.8586,40.6715],[-73.8604,40.6713],[-73.8611,40.674],[-73.8613,40.675],[-73.8596,40.6746],[-73.8582,40.6741],[-73.8565,40.6734],[-73.8516,40.6719],[-73.8485,40.6709],[-73.8474,40.6706],[-73.8459,40.6702],[-73.8448,40.6698],[-73.8431,40.6693],[-73.8427,40.6693],[-73.8424,40.6693],[-73.8423,40.6687],[-73.8412,40.6685],[-73.8401,40.6685],[-73.8383,40.668],[-73.8373,40.6677],[-73.8357,40.6673],[-73.8349,40.6672],[-73.8333,40.6668],[-73.8329,40.6658],[-73.8327,40.6654],[-73.8319,40.6637],[-73.8303,40.6604],[-73.8299,40.6597],[-73.8286,40.6572],[-73.8281,40.6553],[-73.8277,40.6537],[-73.8275,40.6528],[-73.8272,40.6518],[-73.827,40.6509],[-73.8267,40.6496],[-73.8264,40.6483],[-73.8265,40.6484],[-73.8266,40.6484],[-73.8266,40.6485],[-73.8266,40.6486],[-73.8267,40.6486],[-73.8268,40.6487],[-73.8269,40.6488],[-73.827,40.6488],[-73.8271,40.6489],[-73.8273,40.6489],[-73.8274,40.649],[-73.8275,40.649],[-73.8275,40.649],[-73.8276,40.649],[-73.8276,40.6489],[-73.8276,40.6489],[-73.8276,40.6489],[-73.8276,40.6489],[-73.8277,40.6489],[-73.8277,40.6489],[-73.8278,40.649],[-73.8279,40.649],[-73.828,40.649],[-73.8281,40.649],[-73.8283,40.649],[-73.8284,40.6491],[-73.8286,40.6492],[-73.8287,40.6493],[-73.8288,40.6493],[-73.829,40.6495],[-73.8291,40.6498],[-73.8291,40.6498],[-73.8293,40.6499],[-73.8294,40.65],[-73.8299,40.6504],[-73.8304,40.6511],[-73.8307,40.6514],[-73.8309,40.6516],[-73.8311,40.6523],[-73.8313,40.6532],[-73.8314,40.6535],[-73.8316,40.6536],[-73.8316,40.6538],[-73.8312,40.6542],[-73.8304,40.6548],[-73.8301,40.655],[-73.8301,40.6551],[-73.8299,40.6553],[-73.8292,40.6559],[-73.829,40.6561],[-73.829,40.6561],[-73.8291,40.6561],[-73.8292,40.6561],[-73.8293,40.6559],[-73.8295,40.6558],[-73.8297,40.6556],[-73.83,40.6556],[-73.8301,40.6557],[-73.8301,40.6557],[-73.8303,40.6556],[-73.8304,40.6555],[-73.8306,40.6554],[-73.8306,40.6552],[-73.8306,40.6549],[-73.8306,40.6549],[-73.831,40.6545],[-73.8313,40.6542],[-73.8315,40.6541],[-73.832,40.654],[-73.8321,40.654],[-73.832,40.6544],[-73.832,40.6545],[-73.8319,40.6546],[-73.8315,40.6549],[-73.8314,40.6552],[-73.8314,40.6555],[-73.8312,40.6559],[-73.8309,40.656],[-73.8308,40.656],[-73.8306,40.6561],[-73.8305,40.6562],[-73.8304,40.6563],[-73.8303,40.6563],[-73.8302,40.6563],[-73.8301,40.6565],[-73.8301,40.6565],[-73.8301,40.6566],[-73.83,40.6566],[-73.8299,40.6566],[-73.8298,40.6565],[-73.8297,40.6564],[-73.8296,40.6564],[-73.8296,40.6564],[-73.8295,40.6564],[-73.8293,40.6566],[-73.8292,40.6566],[-73.8292,40.6567],[-73.8293,40.6567],[-73.8293,40.6568],[-73.8293,40.6569],[-73.8293,40.657],[-73.8292,40.657],[-73.8292,40.6571],[-73.8291,40.6571],[-73.8291,40.6571],[-73.829,40.6572],[-73.829,40.6572],[-73.829,40.6572],[-73.829,40.6573],[-73.8291,40.6576],[-73.8292,40.6578],[-73.8293,40.6579],[-73.8294,40.6579],[-73.8295,40.6579],[-73.8295,40.6579],[-73.8295,40.658],[-73.8297,40.6581],[-73.8297,40.6581],[-73.8298,40.6582],[-73.8298,40.6582],[-73.8299,40.6582],[-73.8299,40.6583],[-73.8299,40.6583],[-73.83,40.6583],[-73.8301,40.6583],[-73.8301,40.6584],[-73.8301,40.6584],[-73.8301,40.6585],[-73.83,40.6585],[-73.83,40.6585],[-73.8299,40.6585],[-73.8299,40.6585],[-73.8298,40.6585],[-73.8297,40.6585],[-73.8296,40.6586],[-73.8296,40.6587],[-73.8297,40.6588],[-73.8297,40.6589],[-73.8298,40.659],[-73.8299,40.6591],[-73.8299,40.6592],[-73.83,40.6593],[-73.83,40.6593],[-73.83,40.6595],[-73.83,40.6595],[-73.83,40.6596],[-73.8301,40.6597],[-73.8301,40.6598],[-73.8302,40.6598],[-73.8302,40.6598],[-73.8302,40.6598],[-73.8302,40.6597],[-73.8301,40.6597],[-73.8301,40.6596],[-73.8301,40.6596],[-73.8301,40.6594],[-73.83,40.6592],[-73.83,40.6592],[-73.8299,40.6591],[-73.8298,40.659],[-73.8298,40.6588],[-73.8297,40.6587],[-73.8297,40.6586],[-73.8299,40.6586],[-73.83,40.6586],[-73.8301,40.6585],[-73.8302,40.6585],[-73.8302,40.6583],[-73.8301,40.6583],[-73.8299,40.6581],[-73.8298,40.6581],[-73.8297,40.6579],[-73.8295,40.6578],[-73.8294,40.6578],[-73.8291,40.6575],[-73.8291,40.6573],[-73.8292,40.6572],[-73.8294,40.657],[-73.8295,40.6569],[-73.8295,40.6567],[-73.8296,40.6567],[-73.8298,40.6567],[-73.8299,40.6567],[-73.8301,40.6567],[-73.8302,40.6566],[-73.8304,40.6564],[-73.8311,40.6561],[-73.8311,40.6561],[-73.8313,40.656],[-73.8314,40.6559],[-73.8314,40.6558],[-73.8315,40.6556],[-73.8315,40.6555],[-73.8316,40.6554],[-73.8316,40.6552],[-73.8317,40.655],[-73.8319,40.6549],[-73.8321,40.6549],[-73.8322,40.6549],[-73.8325,40.6559],[-73.8328,40.6568],[-73.8328,40.6576],[-73.8319,40.6562],[-73.832,40.6581],[-73.8311,40.6583],[-73.8319,40.6583],[-73.8334,40.6581],[-73.8328,40.6558],[-73.8324,40.6542],[-73.832,40.6526],[-73.8317,40.6517],[-73.8314,40.6507],[-73.8311,40.6491],[-73.8342,40.6481],[-73.8345,40.6481],[-73.8348,40.6481],[-73.835,40.6482],[-73.8353,40.6483],[-73.8355,40.6484],[-73.8356,40.6485],[-73.8356,40.6486],[-73.8357,40.6487],[-73.8357,40.6488],[-73.8357,40.6489],[-73.8357,40.649],[-73.8358,40.6491],[-73.8357,40.6494],[-73.8365,40.6527],[-73.8375,40.656],[-73.8383,40.6594],[-73.8381,40.662],[-73.8394,40.6622],[-73.84,40.6619],[-73.8398,40.6605],[-73.839,40.6576],[-73.8385,40.6558],[-73.8376,40.6525],[-73.8368,40.6493],[-73.8363,40.6454],[-73.8364,40.6453],[-73.84,40.6451],[-73.8403,40.645],[-73.8409,40.645],[-73.8495,40.6441],[-73.8521,40.6463],[-73.8523,40.6465],[-73.8524,40.6467],[-73.8524,40.6469],[-73.8524,40.6472],[-73.8524,40.6474],[-73.8524,40.6476],[-73.8523,40.6478],[-73.8522,40.648],[-73.8521,40.6481],[-73.852,40.6484],[-73.852,40.6485],[-73.8519,40.6486],[-73.8518,40.6488],[-73.8518,40.6488],[-73.8517,40.6489],[-73.8517,40.649],[-73.8516,40.649],[-73.8516,40.6491],[-73.8516,40.6491],[-73.8516,40.6491],[-73.8515,40.6491],[-73.8515,40.6491],[-73.8515,40.6491],[-73.8515,40.6491],[-73.8514,40.6491],[-73.8514,40.6491],[-73.8514,40.6492],[-73.8513,40.6492],[-73.8513,40.6491],[-73.8513,40.6491],[-73.8512,40.6491],[-73.8511,40.6491],[-73.851,40.6491],[-73.8509,40.6492],[-73.8509,40.6492],[-73.8509,40.6493],[-73.8509,40.6494],[-73.8509,40.6495],[-73.8509,40.6495],[-73.8508,40.6495],[-73.8508,40.6496],[-73.8508,40.6496],[-73.8508,40.6497],[-73.8508,40.6497],[-73.8508,40.6498],[-73.8507,40.6498],[-73.8507,40.6498],[-73.8506,40.6498],[-73.8506,40.6499],[-73.8506,40.6499],[-73.8506,40.6499],[-73.8506,40.65],[-73.8506,40.6501],[-73.8506,40.6502],[-73.8506,40.6503],[-73.8506,40.6504],[-73.8505,40.6504],[-73.8505,40.6504],[-73.8504,40.6503],[-73.8504,40.6503],[-73.8504,40.6503],[-73.8504,40.6504],[-73.8504,40.6505],[-73.8504,40.6505],[-73.8503,40.6505],[-73.8503,40.6505],[-73.8502,40.6506],[-73.8502,40.6506],[-73.8502,40.6507],[-73.8501,40.6507],[-73.85,40.6507],[-73.85,40.6507],[-73.8499,40.6508],[-73.8498,40.6509],[-73.8497,40.6509],[-73.8497,40.6509],[-73.8496,40.6509],[-73.8495,40.6509],[-73.8495,40.6509],[-73.8494,40.6509],[-73.8493,40.651],[-73.8492,40.6511],[-73.8492,40.6511],[-73.8492,40.6512],[-73.8493,40.6512],[-73.8493,40.6513],[-73.8493,40.6513],[-73.8494,40.6514],[-73.8494,40.6514],[-73.8495,40.6515],[-73.8495,40.6515],[-73.8496,40.6515],[-73.85,40.6517],[-73.8501,40.6517],[-73.8502,40.6516],[-73.8503,40.6516],[-73.8504,40.6516],[-73.8505,40.6516],[-73.8506,40.6515],[-73.8507,40.6515],[-73.8507,40.6515],[-73.8507,40.6515],[-73.8508,40.6515],[-73.8508,40.6515],[-73.851,40.6515],[-73.8512,40.6514],[-73.8514,40.6513],[-73.8518,40.6508],[-73.8518,40.6508],[-73.8519,40.6508],[-73.8519,40.6508],[-73.852,40.6508],[-73.852,40.6508],[-73.8521,40.6508],[-73.8522,40.6507],[-73.8522,40.6507],[-73.8523,40.6506],[-73.8524,40.6506],[-73.8525,40.6506],[-73.8526,40.6506],[-73.8527,40.6506],[-73.853,40.6506],[-73.8534,40.6507],[-73.8536,40.6507],[-73.8538,40.6506],[-73.8539,40.6506],[-73.854,40.6507],[-73.8542,40.6507],[-73.8544,40.6508],[-73.8546,40.6509],[-73.8548,40.6509],[-73.8549,40.651],[-73.855,40.651],[-73.855,40.651],[-73.855,40.6511],[-73.8551,40.6512],[-73.8552,40.6512],[-73.8553,40.6513],[-73.8554,40.6513],[-73.8556,40.6513],[-73.8556,40.6513],[-73.8557,40.6513],[-73.8558,40.6513],[-73.8558,40.6513],[-73.8559,40.6513],[-73.856,40.6514],[-73.8561,40.6514],[-73.8562,40.6515],[-73.8563,40.6517],[-73.8563,40.6518],[-73.8563,40.6519],[-73.8563,40.652],[-73.8563,40.6521],[-73.8563,40.6522],[-73.8564,40.6523],[-73.8565,40.6523],[-73.8565,40.6525],[-73.8566,40.6526],[-73.8567,40.6527],[-73.8568,40.6529],[-73.8569,40.6529],[-73.857,40.653],[-73.8571,40.653],[-73.8572,40.6529],[-73.8573,40.6529],[-73.8573,40.6529],[-73.8573,40.6529],[-73.8573,40.6528],[-73.8573,40.6528],[-73.8573,40.6528],[-73.8574,40.6528],[-73.8575,40.6528],[-73.8576,40.6528],[-73.8577,40.6527],[-73.8582,40.6529],[-73.8584,40.6531],[-73.8586,40.6535],[-73.8587,40.6539],[-73.8588,40.654],[-73.8589,40.6542],[-73.859,40.6543],[-73.8593,40.6546],[-73.8593,40.6548],[-73.8593,40.655],[-73.8595,40.6551],[-73.8597,40.6552],[-73.8598,40.6553],[-73.8607,40.656],[-73.8611,40.6563],[-73.8614,40.6564],[-73.8614,40.6564],[-73.8614,40.6565],[-73.8614,40.6565],[-73.8614,40.6566],[-73.8614,40.6566],[-73.8612,40.6566],[-73.8611,40.6566],[-73.861,40.6565],[-73.8609,40.6566],[-73.8609,40.6566],[-73.8608,40.6566],[-73.8607,40.6566],[-73.8606,40.6565],[-73.8606,40.6565],[-73.8606,40.6565],[-73.8606,40.6566],[-73.8606,40.6567],[-73.8605,40.6567],[-73.8604,40.6567],[-73.8605,40.6567],[-73.8605,40.6568],[-73.8605,40.6568],[-73.8603,40.6569],[-73.8603,40.6569],[-73.8602,40.657],[-73.8602,40.657],[-73.8602,40.657],[-73.8601,40.6568],[-73.8601,40.6568],[-73.8601,40.6568],[-73.86,40.6568],[-73.8601,40.657],[-73.8601,40.657],[-73.86,40.657],[-73.8599,40.657],[-73.8598,40.657],[-73.8599,40.657],[-73.86,40.6571],[-73.86,40.657],[-73.8601,40.657],[-73.8601,40.657],[-73.8601,40.6571],[-73.86,40.6571],[-73.86,40.6572],[-73.8599,40.6572],[-73.8599,40.6573],[-73.8598,40.6574],[-73.8598,40.6575],[-73.8599,40.6577],[-73.8599,40.6577],[-73.8598,40.6578],[-73.8597,40.6578],[-73.8597,40.6579],[-73.8596,40.658],[-73.8596,40.6581],[-73.8596,40.6582],[-73.8596,40.6583],[-73.8596,40.6585],[-73.8597,40.6585],[-73.8598,40.6586],[-73.86,40.6586],[-73.8601,40.6586],[-73.8602,40.6586],[-73.8602,40.6586],[-73.8603,40.6587],[-73.8603,40.6588],[-73.8602,40.6589],[-73.8602,40.6589],[-73.8602,40.6589],[-73.8602,40.6589],[-73.8602,40.6589],[-73.8602,40.6589],[-73.8603,40.6589],[-73.8604,40.6588],[-73.8604,40.6588],[-73.8604,40.6588],[-73.8605,40.6588],[-73.8605,40.6588],[-73.8605,40.6588],[-73.8604,40.6587],[-73.8604,40.6586],[-73.8604,40.6586],[-73.8604,40.6586],[-73.8604,40.6586],[-73.8605,40.6586],[-73.8605,40.6586],[-73.8605,40.6586],[-73.8605,40.6586],[-73.8605,40.6585],[-73.8605,40.6585],[-73.8605,40.6585],[-73.8605,40.6585],[-73.8605,40.6585],[-73.8605,40.6585],[-73.8606,40.6585],[-73.8606,40.6585],[-73.8606,40.6585],[-73.8606,40.6585],[-73.8606,40.6585],[-73.8606,40.6585],[-73.8606,40.6585],[-73.8607,40.6584],[-73.8609,40.6584],[-73.861,40.6584],[-73.861,40.6584],[-73.861,40.6584],[-73.861,40.6584],[-73.861,40.6585],[-73.861,40.6586],[-73.8609,40.6586],[-73.8609,40.6587],[-73.8609,40.6587],[-73.8609,40.6587],[-73.8608,40.6587],[-73.8608,40.6588],[-73.8607,40.6588],[-73.8606,40.6589],[-73.8605,40.6589],[-73.8605,40.659],[-73.8605,40.6591],[-73.8605,40.6592],[-73.8606,40.6593],[-73.8607,40.6593],[-73.8607,40.6593],[-73.8608,40.6592],[-73.8608,40.6592],[-73.8608,40.6591],[-73.8608,40.6591],[-73.8608,40.659],[-73.8609,40.659],[-73.861,40.6589],[-73.8612,40.6588],[-73.8613,40.6587],[-73.8613,40.6586],[-73.8613,40.6585],[-73.8613,40.6584],[-73.8613,40.6584],[-73.8613,40.6583],[-73.8611,40.6582],[-73.861,40.6581],[-73.861,40.6581],[-73.8609,40.6581],[-73.8607,40.6581],[-73.8606,40.6581],[-73.8605,40.6581],[-73.8604,40.6582],[-73.8602,40.6583],[-73.8601,40.6583],[-73.8601,40.6583],[-73.8599,40.6583],[-73.8598,40.6583],[-73.8598,40.6583],[-73.8598,40.6583],[-73.8598,40.6583],[-73.8598,40.6582],[-73.8598,40.6582],[-73.8598,40.6582],[-73.8598,40.6582],[-73.8598,40.6582],[-73.8598,40.6582],[-73.86,40.6581],[-73.86,40.6581],[-73.86,40.6581],[-73.86,40.6581],[-73.86,40.6581],[-73.86,40.6581],[-73.86,40.658],[-73.86,40.658],[-73.86,40.658],[-73.8602,40.658],[-73.8602,40.658],[-73.8602,40.658],[-73.8602,40.6579],[-73.8602,40.6579],[-73.8602,40.6579],[-73.8603,40.6579],[-73.8604,40.6579],[-73.8604,40.6579],[-73.8604,40.6578],[-73.8605,40.6578],[-73.8606,40.6578],[-73.8606,40.6578],[-73.8606,40.6578],[-73.8605,40.6578],[-73.8604,40.6578],[-73.8604,40.6576],[-73.8603,40.6575],[-73.8603,40.6574],[-73.8603,40.6572],[-73.8604,40.6572],[-73.8604,40.6572],[-73.8605,40.6572],[-73.8606,40.6572],[-73.8606,40.6572],[-73.8606,40.6572],[-73.8607,40.6572],[-73.8607,40.6571],[-73.8607,40.6571],[-73.8607,40.6571],[-73.8607,40.6571],[-73.8607,40.6571],[-73.8607,40.6571],[-73.8607,40.6571],[-73.8608,40.6569],[-73.8609,40.6569],[-73.8609,40.6569],[-73.8609,40.6569],[-73.8613,40.657],[-73.8616,40.657],[-73.8616,40.6571],[-73.8616,40.6572],[-73.8616,40.6574],[-73.8616,40.6577],[-73.8617,40.658],[-73.8617,40.658],[-73.8617,40.658],[-73.8617,40.658],[-73.8617,40.658],[-73.8627,40.6576]]]]}},{"type":"Feature","id":"11420","properties":{"modzcta":"11420"},"geometry":{"type":"MultiPolygon","coordinates":[[[[-73.8016,40.6668],[-73.8017,40.6668],[-73.8023,40.6668],[-73.8042,40.6669],[-73.8054,40.6669],[-73.8058,40.6669],[-73.8078,40.667],[-73.8098,40.6671],[-73.8104,40.6667],[-73.8105,40.6666],[-73.811,40.6649],[-73.8116,40.6632],[-73.8118,40.6629],[-73.8128,40.6627],[-73.8139,40.6626],[-73.815,40.6625],[-73.823,40.6636],[-73.8249,40.6636],[-73.8257,40.6636],[-73.8269,40.6637],[-73.8279,40.6639],[-73.8294,40.6644],[-73.8323,40.6653],[-73.8327,40.6654],[-73.8329,40.6658],[-73.8333,40.6668],[-73.8355,40.6712],[-73.8364,40.6731],[-73.8371,40.6747],[-73.8357,40.6762],[-73.8349,40.6763],[-73.8338,40.6761],[-73.8318,40.6756],[-73.8316,40.6757],[-73.8315,40.6759],[-73.8313,40.6761],[-73.8312,40.6762],[-73.8311,40.6764],[-73.8311,40.6766],[-73.8311,40.6769],[-73.8311,40.6771],[-73.831,40.6773],[-73.8308,40.6781],[-73.8317,40.6795],[-73.8304,40.6799],[-73.8295,40.6802],[-73.8285,40.6805],[-73.8272,40.6808],[-73.8256,40.6813],[-73.8239,40.6818],[-73.8222,40.6822],[-73.8204,40.6828],[-73.8187,40.6832],[-73.8178,40.6835],[-73.8169,40.6838],[-73.816,40.684],[-73.8151,40.6843],[-73.8143,40.6845],[-73.8136,40.6847],[-73.8124,40.6853],[-73.8109,40.686],[-73.8092,40.6867],[-73.808,40.6871],[-73.8073,40.6861],[-73.8066,40.6847],[-73.8058,40.6829],[-73.8052,40.6818],[-73.8046,40.6806],[-73.8041,40.6794],[-73.8031,40.6773],[-73.8024,40.6759],[-73.8017,40.6744],[-73.8016,40.674],[-73.8013,40.6731],[-73.8012,40.6722],[-73.8012,40.6718],[-73.8011,40.6714],[-73.8011,40.6705],[-73.8012,40.6691],[-73.8012,40.6688],[-73.8013,40.6684],[-73.8014,40.6674],[-73.8015,40.6668],[-73.8016,40.6668]]]]}},{"type":"Feature","id":"11418","properties":{"modzcta":"11418"},"geometry":{"type":"MultiPolygon","coordinates":[[[[-73.8443,40.6894],[-73.8446,40.6901],[-73.8452,40.6914],[-73.8459,40.6927],[-73.8465,40.694],[-73.848,40.6968],[-73.8507,40.7002],[-73.8541,40.7005],[-73.8546,40.7006],[-73.8544,40.7007],[-73.8541,40.7008],[-73.854,40.7008],[-73.8537,40.7007],[-73.8533,40.7006],[-73.8528,40.7005],[-73.8522,40.7005],[-73.8517,40.7005],[-73.8506,40.7009],[-73.8506,40.701],[-73.8506,40.7011],[-73.8506,40.7013],[-73.8507,40.7016],[-73.8507,40.7019],[-73.8525,40.7023],[-73.8537,40.7039],[-73.8539,40.7042],[-73.8541,40.7044],[-73.8547,40.7067],[-73.8528,40.7074],[-73.8511,40.7079],[-73.8504,40.7081],[-73.8493,40.7084],[-73.849,40.7084],[-73.8486,40.7084],[-73.8467,40.7083],[-73.8457,40.7084],[-73.8449,40.7086],[-73.8442,40.7088],[-73.8436,40.709],[-73.8433,40.7092],[-73.843,40.7092],[-73.8428,40.7092],[-73.8416,40.709],[-73.8414,40.709],[-73.84,40.7097],[-73.8394,40.7099],[-73.8384,40.7103],[-73.8379,40.7105],[-73.8375,40.7107],[-73.8371,40.7107],[-73.837,40.7107],[-73.8368,40.7108],[-73.8366,40.7109],[-73.8365,40.711],[-73.8357,40.7115],[-73.8349,40.7107],[-73.834,40.71],[-73.8348,40.7096],[-73.8345,40.7093],[-73.8343,40.7089],[-73.8353,40.7084],[-73.8355,40.7083],[-73.8357,40.7082],[-73.8362,40.7076],[-73.835,40.7071],[-73.8352,40.705],[-73.8346,40.7039],[-73.833,40.7026],[-73.8334,40.7012],[-73.8323,40.7009],[-73.8321,40.701],[-73.8319,40.7012],[-73.8317,40.7013],[-73.8315,40.7014],[-73.8297,40.7018],[-73.8288,40.7021],[-73.8271,40.7025],[-73.8252,40.703],[-73.8239,40.7033],[-73.8234,40.7038],[-73.8215,40.7037],[-73.822,40.7052],[-73.8206,40.7058],[-73.8201,40.705],[-73.8185,40.7057],[-73.8189,40.7067],[-73.8186,40.7069],[-73.8182,40.7062],[-73.8174,40.7046],[-73.8171,40.704],[-73.8167,40.7032],[-73.8164,40.7025],[-73.8159,40.7015],[-73.8155,40.7005],[-73.8154,40.7003],[-73.815,40.6996],[-73.8147,40.699],[-73.8143,40.6983],[-73.8141,40.6979],[-73.8137,40.6972],[-73.814,40.6972],[-73.8143,40.6972],[-73.8153,40.6969],[-73.817,40.6964],[-73.8189,40.6959],[-73.8192,40.6958],[-73.8195,40.6958],[-73.8196,40.6957],[-73.82,40.6958],[-73.8201,40.6959],[-73.8204,40.6959],[-73.8206,40.6959],[-73.8208,40.6959],[-73.8228,40.6953],[-73.8248,40.6948],[-73.8258,40.6945],[-73.826,40.6945],[-73.828,40.6941],[-73.8297,40.6936],[-73.8313,40.6931],[-73.833,40.6927],[-73.8348,40.6921],[-73.8367,40.6916],[-73.8384,40.6911],[-73.8393,40.6909],[-73.8428,40.6899],[-73.8443,40.6894],[-73.8443,40.6894]]]]}},{"type":"Feature","id":"11419","properties":{"modzcta":"11419"},"geometry":{"type":"MultiPolygon","coordinates":[[[[-73.8317,40.6795],[-73.8338,40.6837],[-73.8343,40.6853],[-73.8353,40.6854],[-73.8354,40.6869],[-73.8352,40.6873],[-73.8363,40.6889],[-73.8375,40.6913],[-73.8367,40.6916],[-73.8348,40.6921],[-73.833,40.6927],[-73.8313,40.6931],[-73.8297,40.6936],[-73.828,40.6941],[-73.826,40.6945],[-73.8258,40.6945],[-73.8248,40.6948],[-73.8228,40.6953],[-73.8208,40.6959],[-73.8206,40.6959],[-73.8204,40.6959],[-73.8201,40.6959],[-73.82,40.6958],[-73.8196,40.6957],[-73.8195,40.6958],[-73.8192,40.6958],[-73.8189,40.6959],[-73.817,40.6964],[-73.8153,40.6969],[-73.8143,40.6972],[-73.814,40.6972],[-73.8137,40.6972],[-73.8134,40.6968],[-73.813,40.6961],[-73.8122,40.6948],[-73.812,40.6944],[-73.8117,40.6939],[-73.811,40.6926],[-73.8106,40.6919],[-73.81,40.6908],[-73.8095,40.69],[-73.8091,40.6893],[-73.8087,40.6886],[-73.8081,40.6875],[-73.808,40.6871],[-73.8092,40.6867],[-73.8109,40.686],[-73.8124,40.6853],[-73.8136,40.6847],[-73.8143,40.6845],[-73.8151,40.6843],[-73.816,40.684],[-73.8169,40.6838],[-73.8178,40.6835],[-73.8187,40.6832],[-73.8204,40.6828],[-73.8222,40.6822],[-73.8239,40.6818],[-73.8256,40.6813],[-73.8272,40.6808],[-73.8285,40.6805],[-73.8295,40.6802],[-73.8304,40.6799],[-73.8317,40.6795],[-73.8317,40.6795]]]]}},{"type":"Feature","id":"11423","properties":{"modzcta":"11423"},"geometry":{"type":"MultiPolygon","coordinates":[[[[-73.778,40.7233],[-73.7791,40.725],[-73.7799,40.7264],[-73.7803,40.7274],[-73.7808,40.7284],[-73.7812,40.7292],[-73.7794,40.7297],[-73.7776,40.7302],[-73.7767,40.7284],[-73.7756,40.726],[-73.7763,40.7245],[-73.7765,40.7241],[-73.7768,40.7239],[-73.7772,40.7236],[-73.7776,40.7234],[-73.778,40.7233],[-73.778,40.7233]]],[[[-73.7802,40.7085],[-73.7814,40.7111],[-73.7826,40.7129],[-73.7824,40.713],[-73.7818,40.7131],[-73.7804,40.7135],[-73.7797,40.7136],[-73.778,40.714],[-73.7771,40.7143],[-73.7757,40.7146],[-73.7744,40.7149],[-73.7739,40.7158],[-73.7749,40.7178],[-73.7764,40.7188],[-73.7759,40.7189],[-73.7755,40.7191],[-73.7767,40.7216],[-73.7772,40.7222],[-73.7773,40.7223],[-73.7758,40.7234],[-73.7761,40.7234],[-73.7755,40.7237],[-73.775,40.724],[-73.7742,40.7243],[-73.7735,40.7246],[-73.7722,40.7251],[-73.7716,40.7253],[-73.7699,40.7257],[-73.7692,40.7259],[-73.7686,40.7259],[-73.7678,40.7261],[-73.7666,40.7263],[-73.7662,40.7263],[-73.7657,40.7257],[-73.7654,40.7253],[-73.7652,40.725],[-73.7648,40.7247],[-73.7623,40.7234],[-73.7619,40.7232],[-73.7615,40.723],[-73.7612,40.7227],[-73.7605,40.7223],[-73.76,40.7218],[-73.7594,40.7211],[-73.7603,40.7206],[-73.7581,40.7178],[-73.756,40.7163],[-73.7556,40.7143],[-73.7547,40.7147],[-73.754,40.7139],[-73.7537,40.7133],[-73.7536,40.713],[-73.7532,40.712],[-73.7534,40.7101],[-73.7551,40.7097],[-73.7569,40.7092],[-73.7587,40.7088],[-73.7605,40.7084],[-73.7623,40.7079],[-73.7641,40.7075],[-73.7646,40.7073],[-73.7658,40.707],[-73.7673,40.7066],[-73.7682,40.7062],[-73.77,40.7059],[-73.7711,40.7057],[-73.772,40.7055],[-73.7726,40.7054],[-73.7734,40.7053],[-73.7742,40.7051],[-73.7756,40.7053],[-73.7756,40.7057],[-73.7756,40.7061],[-73.7754,40.7064],[-73.7752,40.7068],[-73.7749,40.7071],[-73.7743,40.7074],[-73.7737,40.7076],[-73.7733,40.7078],[-73.7728,40.708],[-73.7723,40.7081],[-73.7766,40.7072],[-73.7831,40.7063],[-73.7822,40.7065],[-73.78,40.707],[-73.7794,40.7078],[-73.7797,40.7086],[-73.7802,40.7085]]]]}},{"type":"Feature","id":"11426","properties":{"modzcta":"11426"},"geometry":{"type":"MultiPolygon","coordinates":[[[[-73.7297,40.7225],[-73.7299,40.7233],[-73.7304,40.7246],[-73.731,40.726],[-73.7314,40.7273],[-73.7315,40.7275],[-73.7316,40.7276],[-73.7316,40.7279],[-73.7316,40.728],[-73.7312,40.7289],[-73.7317,40.7303],[-73.7305,40.7308],[-73.7317,40.7309],[-73.7308,40.7327],[-73.7302,40.7327],[-73.7297,40.7327],[-73.727,40.7333],[-73.7268,40.7346],[-73.7271,40.7361],[-73.7264,40.7363],[-73.7266,40.7376],[-73.7275,40.7407],[-73.7267,40.7408],[-73.7267,40.7409],[-73.7274,40.7413],[-73.728,40.7417],[-73.7288,40.7421],[-73.7296,40.7424],[-73.7307,40.7429],[-73.7317,40.7434],[-73.7322,40.7437],[-73.7323,40.7438],[-73.7306,40.7454],[-73.7299,40.7462],[-73.7295,40.7467],[-73.7291,40.7474],[-73.7287,40.7482],[-73.7285,40.749],[-73.7283,40.7497],[-73.7279,40.7504],[-73.7274,40.751],[-73.7268,40.7516],[-73.7264,40.7519],[-73.7258,40.7523],[-73.7251,40.7527],[-73.7238,40.7535],[-73.7235,40.7537],[-73.7233,40.7539],[-73.7229,40.7541],[-73.7227,40.7537],[-73.7225,40.7535],[-73.7223,40.7533],[-73.7221,40.7531],[-73.7213,40.7526],[-73.7212,40.7524],[-73.7211,40.7522],[-73.7212,40.752],[-73.7218,40.7511],[-73.7205,40.7504],[-73.7201,40.7498],[-73.719,40.747],[-73.7189,40.7469],[-73.7185,40.746],[-73.7176,40.7441],[-73.7176,40.744],[-73.7175,40.7435],[-73.718,40.7434],[-73.7166,40.7416],[-73.7158,40.7399],[-73.7151,40.7386],[-73.7149,40.7382],[-73.7144,40.7372],[-73.7138,40.7361],[-73.7147,40.736],[-73.714,40.7339],[-73.7125,40.7342],[-73.7121,40.7335],[-73.7115,40.7325],[-73.7123,40.7323],[-73.7109,40.731],[-73.7108,40.7305],[-73.7107,40.7294],[-73.7118,40.7293],[-73.7115,40.7282],[-73.7106,40.728],[-73.7105,40.7273],[-73.7106,40.7272],[-73.715,40.7266],[-73.7162,40.7265],[-73.7168,40.7264],[-73.7174,40.7263],[-73.718,40.7261],[-73.7204,40.7255],[-73.7218,40.7251],[-73.7226,40.7249],[-73.723,40.7248],[-73.7232,40.7247],[-73.7242,40.7245],[-73.7246,40.7243],[-73.7249,40.7243],[-73.7257,40.724],[-73.7273,40.7234],[-73.7282,40.7231],[-73.7288,40.7229],[-73.7295,40.7226],[-73.7297,40.7225]]]]}},{"type":"Feature","id":"11427","properties":{"modzcta":"11427"},"geometry":{"type":"MultiPolygon","coordinates":[[[[-73.7573,40.7181],[-73.7592,40.7192],[-73.7595,40.721],[-73.7599,40.7216],[-73.7603,40.722],[-73.7608,40.7225],[-73.7613,40.7229],[-73.7617,40.7231],[-73.7621,40.7233],[-73.7626,40.7235],[-73.765,40.7248],[-73.7653,40.7251],[-73.7656,40.7255],[-73.7662,40.7263],[-73.7661,40.7263],[-73.7655,40.7264],[-73.7648,40.7264],[-73.7638,40.7263],[-73.7624,40.7261],[-73.7618,40.726],[-73.7608,40.7259],[-73.7599,40.7258],[-73.7592,40.7258],[-73.7584,40.7259],[-73.7576,40.726],[-73.757,40.7262],[-73.7568,40.7262],[-73.7567,40.7263],[-73.7569,40.7264],[-73.7583,40.7274],[-73.7602,40.7283],[-73.7616,40.729],[-73.7633,40.7302],[-73.7644,40.7311],[-73.7653,40.7321],[-73.7656,40.7325],[-73.7649,40.7327],[-73.7637,40.7329],[-73.7627,40.733],[-73.7608,40.7333],[-73.759,40.7337],[-73.7571,40.734],[-73.7553,40.7343],[-73.7551,40.7343],[-73.7539,40.7345],[-73.7534,40.7346],[-73.7519,40.7349],[-73.7505,40.7351],[-73.7487,40.7354],[-73.7465,40.7358],[-73.7459,40.7342],[-73.7461,40.7339],[-73.7463,40.7336],[-73.7466,40.7334],[-73.7467,40.733],[-73.7467,40.7327],[-73.7467,40.7325],[-73.7456,40.7334],[-73.7429,40.7355],[-73.7416,40.7368],[-73.7414,40.7369],[-73.7399,40.7389],[-73.7393,40.7395],[-73.7386,40.7401],[-73.7375,40.7407],[-73.7356,40.7417],[-73.7344,40.7423],[-73.7337,40.7428],[-73.7324,40.7437],[-73.7322,40.7437],[-73.7317,40.7434],[-73.7307,40.7429],[-73.7296,40.7424],[-73.7288,40.7421],[-73.728,40.7417],[-73.7274,40.7413],[-73.7267,40.7409],[-73.7267,40.7408],[-73.7275,40.7407],[-73.7266,40.7376],[-73.7264,40.7363],[-73.7271,40.7361],[-73.7268,40.7346],[-73.727,40.7333],[-73.7297,40.7327],[-73.7302,40.7327],[-73.7308,40.7327],[-73.7317,40.7309],[-73.7305,40.7308],[-73.7317,40.7303],[-73.7331,40.7294],[-73.7336,40.728],[-73.7342,40.7281],[-73.735,40.7282],[-73.7363,40.7285],[-73.7382,40.729],[-73.7391,40.7292],[-73.7397,40.7293],[-73.7408,40.7296],[-73.7405,40.7292],[-73.74,40.7277],[-73.7415,40.7268],[-73.743,40.7259],[-73.7444,40.725],[-73.7459,40.7241],[-73.7474,40.7232],[-73.7489,40.7224],[-73.7503,40.7216],[-73.7511,40.721],[-73.7518,40.7205],[-73.7531,40.7199],[-73.7547,40.7192],[-73.7564,40.7185],[-73.7573,40.7181],[-73.7573,40.7181]]]]}},{"type":"Feature","id":"11428","properties":{"modzcta":"11428"},"geometry":{"type":"MultiPolygon","coordinates":[[[[-73.7573,40.7181],[-73.7572,40.7182],[-73.7556,40.7189],[-73.7539,40.7196],[-73.7523,40.7203],[-73.7511,40.721],[-73.751,40.721],[-73.7496,40.722],[-73.7482,40.7228],[-73.7467,40.7236],[-73.7452,40.7245],[-73.7437,40.7255],[-73.7422,40.7264],[-73.7408,40.7273],[-73.7393,40.7282],[-73.7407,40.7295],[-73.7404,40.7295],[-73.7396,40.7293],[-73.7384,40.729],[-73.7372,40.7287],[-73.7355,40.7283],[-73.7345,40.7281],[-73.7336,40.7279],[-73.7335,40.7282],[-73.7322,40.7292],[-73.7316,40.7281],[-73.7316,40.7279],[-73.7316,40.7277],[-73.7315,40.7275],[-73.7315,40.7274],[-73.7312,40.7267],[-73.7307,40.7253],[-73.7302,40.724],[-73.7297,40.7226],[-73.7298,40.7225],[-73.7303,40.7222],[-73.7297,40.7205],[-73.7322,40.7201],[-73.7323,40.7203],[-73.7332,40.7196],[-73.7352,40.7185],[-73.7353,40.7184],[-73.7354,40.718],[-73.7354,40.7177],[-73.7387,40.7169],[-73.7438,40.7157],[-73.7439,40.7156],[-73.7469,40.7149],[-73.749,40.7145],[-73.7519,40.7138],[-73.7537,40.7133],[-73.754,40.7139],[-73.7547,40.7147],[-73.7556,40.7143],[-73.756,40.7163],[-73.7573,40.7181]]]]}},{"type":"Feature","id":"11436","properties":{"modzcta":"11436"},"geometry":{"type":"MultiPolygon","coordinates":[[[[-73.8016,40.6668],[-73.8015,40.6672],[-73.8013,40.6678],[-73.8012,40.6686],[-73.8012,40.6689],[-73.8012,40.6698],[-73.8011,40.6713],[-73.8011,40.6715],[-73.8012,40.6719],[-73.8012,40.6724],[-73.8014,40.6736],[-73.8016,40.6741],[-73.802,40.6751],[-73.8027,40.6765],[-73.8032,40.6777],[-73.8043,40.6798],[-73.8049,40.6812],[-73.8055,40.6824],[-73.8057,40.683],[-73.8043,40.6833],[-73.8026,40.6838],[-73.8008,40.6843],[-73.7994,40.6847],[-73.7986,40.685],[-73.7977,40.6852],[-73.7963,40.6856],[-73.7946,40.6861],[-73.7927,40.6846],[-73.7926,40.6834],[-73.7925,40.6818],[-73.7921,40.6805],[-73.7917,40.6793],[-73.7912,40.678],[-73.7918,40.6776],[-73.7916,40.6757],[-73.7899,40.6752],[-73.7899,40.6733],[-73.7881,40.673],[-73.7888,40.6698],[-73.7894,40.6668],[-73.7913,40.667],[-73.7931,40.6671],[-73.794,40.667],[-73.795,40.667],[-73.7961,40.6669],[-73.7971,40.667],[-73.7981,40.6667],[-73.7985,40.6666],[-73.799,40.6665],[-73.7994,40.6665],[-73.8004,40.6667],[-73.8014,40.6667],[-73.8016,40.6668],[-73.8016,40.6668]]]]}},{"type":"Feature","id":"11691","properties":{"modzcta":"11691"},"geometry":{"type":"MultiPolygon","coordinates":[[[[-73.7892,40.5975],[-73.7892,40.5976],[-73.7892,40.5978],[-73.7892,40.5979],[-73.7891,40.598],[-73.7889,40.5982],[-73.7888,40.5982],[-73.7888,40.5983],[-73.7888,40.5983],[-73.7887,40.5983],[-73.7887,40.5983],[-73.7886,40.5983],[-73.7886,40.5983],[-73.7885,40.5984],[-73.7885,40.5984],[-73.7885,40.5984],[-73.7884,40.5985],[-73.7884,40.5985],[-73.7883,40.5985],[-73.7882,40.5986],[-73.7882,40.5986],[-73.7882,40.5986],[-73.7881,40.5987],[-73.7881,40.5987],[-73.788,40.5987],[-73.788,40.5988],[-73.788,40.5988],[-73.7879,40.5988],[-73.7879,40.5989],[-73.7878,40.5989],[-73.7878,40.5989],[-73.7877,40.599],[-73.7877,40.599],[-73.7877,40.5991],[-73.7876,40.5991],[-73.7876,40.5991],[-73.7876,40.5992],[-73.7875,40.5992],[-73.7875,40.5992],[-73.7875,40.5992],[-73.7874,40.5993],[-73.7874,40.5993],[-73.7873,40.5993],[-73.7872,40.5994],[-73.7872,40.5994],[-73.7872,40.5994],[-73.7871,40.5994],[-73.7871,40.5995],[-73.7871,40.5995],[-73.787,40.5995],[-73.787,40.5996],[-73.787,40.5996],[-73.787,40.5996],[-73.787,40.5997],[-73.7869,40.5997],[-73.7869,40.5997],[-73.7869,40.5998],[-73.7869,40.5998],[-73.7868,40.5999],[-73.7868,40.5999],[-73.7867,40.6],[-73.7866,40.6],[-73.7866,40.6],[-73.7865,40.6001],[-73.7865,40.6001],[-73.7864,40.6001],[-73.7864,40.6001],[-73.7863,40.6001],[-73.7862,40.6002],[-73.7862,40.6002],[-73.7861,40.6003],[-73.786,40.6003],[-73.786,40.6003],[-73.7859,40.6004],[-73.7859,40.6005],[-73.7858,40.6006],[-73.7858,40.6006],[-73.7857,40.6007],[-73.7857,40.6007],[-73.7857,40.6008],[-73.7856,40.6008],[-73.7856,40.6009],[-73.7856,40.6009],[-73.7856,40.601],[-73.7856,40.6011],[-73.7856,40.6011],[-73.7856,40.6012],[-73.7856,40.6012],[-73.7856,40.6013],[-73.7855,40.6013],[-73.7855,40.6014],[-73.7855,40.6014],[-73.7854,40.6015],[-73.7854,40.6015],[-73.7853,40.6016],[-73.7852,40.6016],[-73.7852,40.6016],[-73.7851,40.6016],[-73.785,40.6016],[-73.785,40.6016],[-73.7849,40.6017],[-73.7849,40.6017],[-73.7849,40.6017],[-73.7848,40.6017],[-73.7847,40.6017],[-73.7846,40.6017],[-73.7846,40.6018],[-73.7845,40.6018],[-73.7845,40.6018],[-73.7844,40.6019],[-73.7843,40.6019],[-73.7842,40.602],[-73.784,40.6021],[-73.7839,40.6021],[-73.7839,40.6022],[-73.7838,40.6022],[-73.7837,40.6023],[-73.7836,40.6025],[-73.7835,40.6025],[-73.7835,40.6026],[-73.7835,40.6027],[-73.7835,40.6027],[-73.7834,40.6028],[-73.7834,40.6029],[-73.7834,40.603],[-73.7834,40.6031],[-73.7833,40.6031],[-73.7833,40.6032],[-73.7832,40.6033],[-73.7832,40.6035],[-73.7831,40.6036],[-73.7831,40.6036],[-73.7831,40.6037],[-73.7831,40.6038],[-73.7832,40.6039],[-73.7832,40.6039],[-73.7833,40.6039],[-73.7833,40.6039],[-73.7833,40.6039],[-73.7834,40.604],[-73.7835,40.604],[-73.7835,40.6041],[-73.7835,40.6041],[-73.7835,40.6041],[-73.7836,40.6042],[-73.7836,40.6042],[-73.7836,40.6043],[-73.7836,40.6043],[-73.7836,40.6044],[-73.7836,40.6044],[-73.7836,40.6044],[-73.7836,40.6044],[-73.7837,40.6045],[-73.7837,40.6045],[-73.7838,40.6046],[-73.7839,40.6047],[-73.7839,40.6047],[-73.7839,40.6047],[-73.7839,40.6048],[-73.7839,40.6048],[-73.7839,40.6049],[-73.7839,40.6049],[-73.7839,40.605],[-73.7839,40.605],[-73.7838,40.605],[-73.7838,40.6051],[-73.7838,40.6051],[-73.7837,40.6052],[-73.7837,40.6052],[-73.7837,40.6052],[-73.7837,40.6053],[-73.7837,40.6053],[-73.7836,40.6054],[-73.7836,40.6054],[-73.7836,40.6054],[-73.7835,40.6055],[-73.7834,40.6055],[-73.7834,40.6055],[-73.7834,40.6055],[-73.7834,40.6056],[-73.7834,40.6056],[-73.7833,40.6056],[-73.7833,40.6056],[-73.7833,40.6056],[-73.7832,40.6057],[-73.7832,40.6057],[-73.7832,40.6058],[-73.7832,40.6058],[-73.7832,40.6059],[-73.7831,40.6059],[-73.783,40.606],[-73.7829,40.6061],[-73.7829,40.6061],[-73.7828,40.6061],[-73.7828,40.6062],[-73.7828,40.6062],[-73.7827,40.6062],[-73.7827,40.6063],[-73.7826,40.6063],[-73.7826,40.6063],[-73.7826,40.6063],[-73.7826,40.6064],[-73.7825,40.6064],[-73.7825,40.6064],[-73.7824,40.6065],[-73.7823,40.6065],[-73.7822,40.6066],[-73.782,40.6068],[-73.782,40.6069],[-73.7818,40.6071],[-73.7818,40.6071],[-73.7817,40.6072],[-73.7817,40.6073],[-73.7816,40.6073],[-73.7816,40.6073],[-73.7815,40.6074],[-73.7814,40.6075],[-73.7813,40.6076],[-73.781,40.6079],[-73.7804,40.6084],[-73.7794,40.6092],[-73.7788,40.6096],[-73.7786,40.6096],[-73.778,40.6098],[-73.7774,40.6098],[-73.7771,40.6099],[-73.7769,40.6098],[-73.7767,40.6098],[-73.7765,40.6097],[-73.7763,40.6097],[-73.776,40.6097],[-73.7755,40.6097],[-73.7754,40.6097],[-73.7754,40.6097],[-73.7752,40.6097],[-73.7751,40.6096],[-73.7748,40.6094],[-73.7747,40.6093],[-73.7744,40.6091],[-73.7742,40.6089],[-73.7742,40.6088],[-73.7741,40.6087],[-73.7742,40.6087],[-73.7743,40.6086],[-73.7744,40.6085],[-73.7745,40.6084],[-73.7745,40.6084],[-73.7746,40.6084],[-73.7746,40.6085],[-73.7747,40.6084],[-73.7748,40.6084],[-73.7748,40.6084],[-73.7748,40.6084],[-73.7748,40.6084],[-73.7747,40.6082],[-73.7747,40.6082],[-73.7744,40.6079],[-73.7744,40.6079],[-73.7743,40.6079],[-73.7743,40.6078],[-73.7742,40.6077],[-73.7742,40.6076],[-73.7742,40.6076],[-73.7742,40.6075],[-73.7743,40.6075],[-73.7743,40.6075],[-73.7744,40.6074],[-73.7744,40.6074],[-73.7745,40.6074],[-73.7745,40.6074],[-73.7746,40.6074],[-73.7746,40.6074],[-73.7746,40.6074],[-73.7746,40.6075],[-73.7746,40.6075],[-73.7746,40.6076],[-73.7747,40.6077],[-73.7747,40.6078],[-73.7748,40.6078],[-73.7748,40.6078],[-73.7748,40.6079],[-73.7748,40.6079],[-73.7748,40.608],[-73.7749,40.6081],[-73.775,40.6082],[-73.775,40.6083],[-73.7751,40.6083],[-73.7753,40.6086],[-73.7753,40.6086],[-73.7754,40.6087],[-73.7755,40.6088],[-73.7755,40.6088],[-73.7755,40.6088],[-73.7756,40.6089],[-73.7756,40.609],[-73.7757,40.609],[-73.7757,40.6091],[-73.7758,40.6092],[-73.7759,40.6092],[-73.776,40.6092],[-73.776,40.6092],[-73.776,40.6092],[-73.776,40.6092],[-73.776,40.6092],[-73.776,40.6092],[-73.776,40.6091],[-73.7758,40.609],[-73.7757,40.6089],[-73.7756,40.6088],[-73.7756,40.6087],[-73.7755,40.6087],[-73.7753,40.6085],[-73.7751,40.6083],[-73.7751,40.6082],[-73.775,40.6081],[-73.7749,40.608],[-73.7749,40.608],[-73.7749,40.6079],[-73.7749,40.6079],[-73.7749,40.6078],[-73.7748,40.6077],[-73.7748,40.6077],[-73.7747,40.6076],[-73.7747,40.6076],[-73.7747,40.6075],[-73.7747,40.6075],[-73.7747,40.6074],[-73.7747,40.6074],[-73.7747,40.6074],[-73.7746,40.6073],[-73.7745,40.6071],[-73.7746,40.6068],[-73.7746,40.6067],[-73.7746,40.6065],[-73.7747,40.6064],[-73.7747,40.6063],[-73.7748,40.6062],[-73.7748,40.606],[-73.7748,40.606],[-73.7748,40.6059],[-73.7749,40.6058],[-73.7749,40.6057],[-73.7749,40.6057],[-73.7749,40.6056],[-73.7749,40.6055],[-73.7749,40.6053],[-73.7749,40.6053],[-73.7749,40.6052],[-73.7752,40.6046],[-73.7752,40.6046],[-73.7752,40.6045],[-73.7752,40.6044],[-73.7751,40.6044],[-73.7751,40.6044],[-73.775,40.6044],[-73.7749,40.6044],[-73.7748,40.6044],[-73.7747,40.6044],[-73.7747,40.6044],[-73.7747,40.6043],[-73.7747,40.6043],[-73.7748,40.6042],[-73.7749,40.6041],[-73.775,40.6041],[-73.775,40.6041],[-73.7751,40.6041],[-73.7752,40.6041],[-73.7753,40.6042],[-73.7753,40.6042],[-73.7754,40.6042],[-73.7754,40.6041],[-73.7755,40.6041],[-73.7756,40.6039],[-73.7757,40.6037],[-73.7758,40.6036],[-73.7759,40.6035],[-73.7759,40.6034],[-73.7759,40.6033],[-73.776,40.6032],[-73.776,40.6031],[-73.776,40.6031],[-73.776,40.6029],[-73.776,40.6027],[-73.776,40.6027],[-73.7759,40.6028],[-73.7758,40.6028],[-73.7758,40.6028],[-73.7758,40.6029],[-73.7758,40.603],[-73.7757,40.603],[-73.7757,40.603],[-73.7756,40.603],[-73.7756,40.603],[-73.7756,40.603],[-73.7756,40.603],[-73.7756,40.603],[-73.7756,40.6029],[-73.7757,40.6028],[-73.7758,40.6027],[-73.7759,40.6026],[-73.776,40.6026],[-73.776,40.6025],[-73.7761,40.6025],[-73.7761,40.6025],[-73.7762,40.6025],[-73.7762,40.6025],[-73.7762,40.6025],[-73.7762,40.6025],[-73.7763,40.6025],[-73.7763,40.6025],[-73.7764,40.6025],[-73.7764,40.6025],[-73.7764,40.6025],[-73.7765,40.6024],[-73.7766,40.6023],[-73.7766,40.6022],[-73.7766,40.6022],[-73.7766,40.6022],[-73.7766,40.6022],[-73.7766,40.6022],[-73.7766,40.6022],[-73.7765,40.6022],[-73.7765,40.6022],[-73.7765,40.6022],[-73.7765,40.6022],[-73.7765,40.6022],[-73.7765,40.6022],[-73.7765,40.6022],[-73.7765,40.6022],[-73.7765,40.6021],[-73.7766,40.6021],[-73.7766,40.6021],[-73.7767,40.602],[-73.7767,40.602],[-73.7768,40.6019],[-73.7769,40.6018],[-73.777,40.6017],[-73.777,40.6017],[-73.7774,40.6015],[-73.7774,40.6014],[-73.7775,40.6013],[-73.7775,40.6013],[-73.7775,40.6013],[-73.7776,40.6013],[-73.7776,40.6012],[-73.7777,40.6012],[-73.7777,40.6011],[-73.7777,40.6011],[-73.7778,40.601],[-73.7778,40.6009],[-73.778,40.6009],[-73.778,40.6008],[-73.7781,40.6008],[-73.7781,40.6008],[-73.7781,40.6008],[-73.7782,40.6008],[-73.7784,40.6008],[-73.7784,40.6008],[-73.7784,40.6008],[-73.7784,40.6008],[-73.7781,40.6008],[-73.7781,40.6007],[-73.7781,40.6007],[-73.7781,40.6007],[-73.7781,40.6005],[-73.7781,40.6005],[-73.7781,40.6004],[-73.7782,40.6004],[-73.7782,40.6004],[-73.7783,40.6004],[-73.7783,40.6004],[-73.7784,40.6004],[-73.7785,40.6004],[-73.7789,40.6005],[-73.7791,40.6005],[-73.7792,40.6005],[-73.7793,40.6006],[-73.7794,40.6006],[-73.7795,40.6006],[-73.7797,40.6007],[-73.7799,40.6007],[-73.7799,40.6007],[-73.78,40.6007],[-73.7801,40.6007],[-73.7803,40.6007],[-73.7804,40.6005],[-73.7807,40.6002],[-73.7807,40.6001],[-73.7808,40.5999],[-73.781,40.5999],[-73.7812,40.5998],[-73.7813,40.5996],[-73.7814,40.5995],[-73.7815,40.5994],[-73.7816,40.5993],[-73.7816,40.5993],[-73.7817,40.5993],[-73.7818,40.5992],[-73.7819,40.5991],[-73.7819,40.5991],[-73.782,40.599],[-73.782,40.5989],[-73.782,40.5988],[-73.7819,40.5985],[-73.7819,40.5984],[-73.7819,40.5984],[-73.7818,40.5983],[-73.7816,40.5981],[-73.7815,40.598],[-73.7814,40.598],[-73.7814,40.598],[-73.7814,40.598],[-73.7813,40.5979],[-73.7813,40.5978],[-73.7809,40.5975],[-73.7806,40.5973],[-73.7805,40.5973],[-73.7805,40.5973],[-73.7805,40.5973],[-73.7804,40.5973],[-73.7802,40.5972],[-73.7802,40.5972],[-73.7802,40.5972],[-73.7802,40.5971],[-73.7802,40.5969],[-73.7802,40.5969],[-73.7802,40.5969],[-73.7801,40.5969],[-73.7801,40.5969],[-73.7801,40.5969],[-73.78,40.5969],[-73.78,40.5969],[-73.78,40.597],[-73.7799,40.5971],[-73.7799,40.5972],[-73.7798,40.5973],[-73.7797,40.5973],[-73.7797,40.5973],[-73.7796,40.5974],[-73.7794,40.5975],[-73.7793,40.5975],[-73.7791,40.5976],[-73.779,40.5977],[-73.779,40.5977],[-73.779,40.5977],[-73.779,40.5978],[-73.779,40.5978],[-73.779,40.5978],[-73.779,40.5978],[-73.7788,40.598],[-73.7788,40.598],[-73.7787,40.598],[-73.7787,40.598],[-73.7787,40.598],[-73.7786,40.598],[-73.7786,40.598],[-73.7786,40.598],[-73.7785,40.5981],[-73.7785,40.5981],[-73.7785,40.5981],[-73.7784,40.5981],[-73.7783,40.5981],[-73.7783,40.5982],[-73.7782,40.5982],[-73.7782,40.5982],[-73.7782,40.5982],[-73.7781,40.5983],[-73.7781,40.5983],[-73.7781,40.5984],[-73.778,40.5984],[-73.778,40.5984],[-73.7779,40.5984],[-73.7778,40.5985],[-73.7777,40.5986],[-73.7776,40.5987],[-73.7775,40.5988],[-73.7774,40.5988],[-73.7774,40.5989],[-73.7774,40.5989],[-73.7773,40.5992],[-73.7773,40.5993],[-73.7772,40.5996],[-73.7771,40.5996],[-73.7771,40.5997],[-73.777,40.5997],[-73.777,40.5999],[-73.7769,40.5999],[-73.7766,40.6005],[-73.7765,40.6006],[-73.7764,40.601],[-73.7763,40.601],[-73.7763,40.6011],[-73.7762,40.6011],[-73.7762,40.6011],[-73.7762,40.6011],[-73.7762,40.6012],[-73.7761,40.6012],[-73.776,40.6013],[-73.776,40.6013],[-73.776,40.6014],[-73.776,40.6014],[-73.776,40.6014],[-73.7759,40.6015],[-73.7757,40.6016],[-73.7756,40.6016],[-73.7755,40.6017],[-73.7754,40.6017],[-73.7754,40.6017],[-73.7753,40.6017],[-73.7752,40.6017],[-73.775,40.6017],[-73.775,40.6017],[-73.7749,40.6016],[-73.7749,40.6016],[-73.7748,40.6015],[-73.7748,40.6015],[-73.7749,40.6015],[-73.7749,40.6014],[-73.7749,40.6013],[-73.7748,40.6012],[-73.7748,40.6012],[-73.7747,40.6011],[-73.7747,40.601],[-73.7747,40.601],[-73.7747,40.601],[-73.7747,40.601],[-73.7748,40.6008],[-73.7748,40.6008],[-73.7747,40.6007],[-73.7747,40.6006],[-73.7746,40.6006],[-73.7746,40.6005],[-73.7746,40.6005],[-73.7746,40.6005],[-73.7746,40.6004],[-73.7746,40.6004],[-73.7746,40.6004],[-73.7746,40.6004],[-73.7745,40.6004],[-73.7745,40.6004],[-73.7745,40.6003],[-73.7745,40.6003],[-73.7744,40.6003],[-73.7744,40.6003],[-73.7744,40.6002],[-73.7744,40.6002],[-73.7744,40.6002],[-73.7743,40.6001],[-73.7742,40.6001],[-73.7742,40.6001],[-73.7742,40.6001],[-73.7742,40.6001],[-73.7742,40.6],[-73.7742,40.6],[-73.7742,40.6],[-73.7741,40.5999],[-73.7741,40.5999],[-73.7741,40.5998],[-73.7741,40.5997],[-73.7742,40.5996],[-73.7742,40.5996],[-73.7742,40.5996],[-73.7741,40.5996],[-73.7741,40.5996],[-73.7741,40.5996],[-73.7741,40.5995],[-73.7741,40.5994],[-73.7742,40.5994],[-73.7742,40.5994],[-73.7742,40.5993],[-73.7742,40.5993],[-73.7742,40.5993],[-73.7742,40.5993],[-73.7741,40.5993],[-73.7741,40.5993],[-73.7741,40.5993],[-73.7741,40.5992],[-73.7741,40.5992],[-73.7742,40.5991],[-73.7742,40.599],[-73.7742,40.599],[-73.7742,40.599],[-73.7742,40.599],[-73.7742,40.599],[-73.7742,40.599],[-73.7742,40.599],[-73.7742,40.599],[-73.7741,40.5989],[-73.7741,40.5989],[-73.7741,40.5989],[-73.774,40.5988],[-73.7739,40.5988],[-73.7739,40.5988],[-73.7739,40.5988],[-73.7738,40.5988],[-73.7738,40.5987],[-73.7737,40.5987],[-73.7737,40.5984],[-73.7737,40.5983],[-73.7737,40.5983],[-73.7737,40.5983],[-73.7737,40.5982],[-73.7737,40.5982],[-73.7737,40.5982],[-73.7736,40.5981],[-73.7735,40.5981],[-73.7734,40.5981],[-73.7733,40.5981],[-73.7732,40.5981],[-73.7732,40.598],[-73.7731,40.598],[-73.7731,40.5979],[-73.7731,40.5979],[-73.7731,40.5979],[-73.773,40.5979],[-73.773,40.5979],[-73.773,40.5979],[-73.7729,40.5979],[-73.7728,40.5979],[-73.7727,40.5979],[-73.7727,40.5979],[-73.7726,40.5979],[-73.7726,40.5979],[-73.7725,40.5979],[-73.7724,40.5979],[-73.7722,40.5979],[-73.772,40.5979],[-73.772,40.5979],[-73.7719,40.5979],[-73.7717,40.598],[-73.7716,40.598],[-73.7716,40.598],[-73.7715,40.5981],[-73.7713,40.5982],[-73.7712,40.5983],[-73.7712,40.5983],[-73.7711,40.5983],[-73.7711,40.5983],[-73.7711,40.5983],[-73.771,40.5983],[-73.7709,40.5983],[-73.7708,40.5982],[-73.7707,40.5982],[-73.7706,40.5982],[-73.7706,40.5982],[-73.7706,40.5981],[-73.7705,40.5981],[-73.7705,40.5981],[-73.7704,40.5981],[-73.7703,40.5981],[-73.7702,40.5981],[-73.7699,40.5981],[-73.7698,40.5981],[-73.7698,40.5981],[-73.7698,40.5981],[-73.7697,40.5982],[-73.7696,40.5982],[-73.7695,40.5983],[-73.7695,40.5983],[-73.7695,40.5983],[-73.7694,40.5983],[-73.7694,40.5982],[-73.7693,40.5982],[-73.7692,40.5982],[-73.769,40.5981],[-73.7689,40.5981],[-73.7687,40.598],[-73.7686,40.5979],[-73.7685,40.5979],[-73.7684,40.5979],[-73.7683,40.5979],[-73.7682,40.5978],[-73.7682,40.5978],[-73.7681,40.5978],[-73.7681,40.5978],[-73.7681,40.5978],[-73.7681,40.5978],[-73.7681,40.5979],[-73.768,40.598],[-73.768,40.5981],[-73.768,40.5981],[-73.768,40.5981],[-73.7679,40.5981],[-73.7679,40.5981],[-73.7679,40.5981],[-73.7679,40.5982],[-73.7679,40.5982],[-73.768,40.5982],[-73.768,40.5982],[-73.7681,40.5982],[-73.7681,40.5982],[-73.7682,40.5983],[-73.7682,40.5983],[-73.7682,40.5983],[-73.7683,40.5983],[-73.7683,40.5983],[-73.7684,40.5984],[-73.7685,40.5984],[-73.7686,40.5984],[-73.7686,40.5984],[-73.7686,40.5984],[-73.7687,40.5984],[-73.7688,40.5984],[-73.7689,40.5984],[-73.7689,40.5984],[-73.769,40.5985],[-73.769,40.5985],[-73.769,40.5985],[-73.769,40.5985],[-73.7691,40.5985],[-73.7692,40.5985],[-73.7692,40.5985],[-73.7693,40.5985],[-73.7693,40.5985],[-73.7693,40.5985],[-73.7696,40.5986],[-73.7697,40.5986],[-73.7697,40.5986],[-73.7698,40.5987],[-73.7699,40.5987],[-73.77,40.5988],[-73.7701,40.5988],[-73.7702,40.5989],[-73.7703,40.599],[-73.7703,40.599],[-73.7704,40.599],[-73.7704,40.599],[-73.7704,40.599],[-73.7705,40.599],[-73.7705,40.5989],[-73.7706,40.5989],[-73.7706,40.5989],[-73.7707,40.5988],[-73.7707,40.5988],[-73.7708,40.5988],[-73.7708,40.5988],[-73.7709,40.5988],[-73.771,40.5989],[-73.771,40.5989],[-73.771,40.5989],[-73.771,40.599],[-73.7711,40.5991],[-73.7711,40.5992],[-73.7711,40.5992],[-73.7711,40.5992],[-73.7711,40.5993],[-73.7711,40.5993],[-73.7712,40.5994],[-73.7712,40.5994],[-73.7712,40.5995],[-73.7711,40.5995],[-73.7711,40.5996],[-73.7711,40.5997],[-73.7711,40.5999],[-73.7711,40.6001],[-73.7711,40.6001],[-73.7711,40.6002],[-73.7711,40.6002],[-73.7711,40.6002],[-73.7711,40.6003],[-73.7711,40.6004],[-73.7711,40.6004],[-73.7711,40.6005],[-73.7711,40.6006],[-73.7709,40.6012],[-73.7709,40.6013],[-73.7707,40.6016],[-73.7708,40.6017],[-73.7708,40.6017],[-73.7708,40.6018],[-73.7708,40.6019],[-73.7707,40.6019],[-73.7706,40.6019],[-73.7706,40.6019],[-73.7705,40.602],[-73.7704,40.6021],[-73.7703,40.6024],[-73.7703,40.6026],[-73.7702,40.6027],[-73.7703,40.6028],[-73.7704,40.6029],[-73.7704,40.603],[-73.7704,40.603],[-73.7703,40.6031],[-73.7703,40.6031],[-73.7702,40.6031],[-73.7702,40.6031],[-73.7702,40.6031],[-73.7702,40.6031],[-73.7702,40.6031],[-73.7702,40.6032],[-73.7703,40.6033],[-73.7703,40.6034],[-73.7704,40.6036],[-73.7705,40.6043],[-73.7705,40.6044],[-73.7705,40.6045],[-73.7705,40.6046],[-73.7706,40.6047],[-73.7706,40.6048],[-73.7705,40.6049],[-73.7705,40.605],[-73.7704,40.605],[-73.7703,40.6051],[-73.7702,40.6051],[-73.7702,40.6051],[-73.7702,40.6051],[-73.7702,40.6051],[-73.7701,40.6052],[-73.7701,40.6052],[-73.7701,40.6053],[-73.77,40.6053],[-73.77,40.6053],[-73.77,40.6054],[-73.77,40.6054],[-73.77,40.6054],[-73.7701,40.6055],[-73.7701,40.6056],[-73.7701,40.6057],[-73.77,40.6058],[-73.7699,40.606],[-73.7698,40.6061],[-73.7698,40.6063],[-73.7699,40.6064],[-73.7699,40.6066],[-73.77,40.6068],[-73.77,40.607],[-73.77,40.6071],[-73.77,40.6072],[-73.77,40.6073],[-73.7699,40.6074],[-73.7698,40.6075],[-73.7698,40.6075],[-73.7698,40.6076],[-73.7698,40.6076],[-73.7698,40.6077],[-73.7698,40.6077],[-73.7698,40.6078],[-73.7698,40.6079],[-73.7697,40.608],[-73.7696,40.6082],[-73.7695,40.6083],[-73.7695,40.6083],[-73.7694,40.6083],[-73.7693,40.6084],[-73.7693,40.6084],[-73.7692,40.6084],[-73.7692,40.6085],[-73.7692,40.6085],[-73.7692,40.6086],[-73.7692,40.6086],[-73.7691,40.6087],[-73.769,40.609],[-73.769,40.609],[-73.769,40.6091],[-73.7689,40.6091],[-73.7689,40.6092],[-73.769,40.6092],[-73.769,40.6093],[-73.769,40.6095],[-73.7691,40.6096],[-73.7691,40.6096],[-73.7692,40.6097],[-73.7692,40.6097],[-73.7693,40.6098],[-73.7695,40.6099],[-73.7696,40.61],[-73.7697,40.61],[-73.7698,40.6101],[-73.7698,40.6101],[-73.7701,40.6102],[-73.7702,40.6102],[-73.7703,40.6103],[-73.7703,40.6102],[-73.7703,40.6102],[-73.7703,40.6102],[-73.7704,40.6102],[-73.7704,40.6102],[-73.7704,40.6102],[-73.7705,40.6102],[-73.7705,40.6102],[-73.7705,40.6102],[-73.7705,40.6102],[-73.7706,40.6102],[-73.7706,40.6102],[-73.7706,40.6102],[-73.7707,40.6102],[-73.7707,40.6103],[-73.7708,40.6103],[-73.7708,40.6103],[-73.7709,40.6104],[-73.771,40.6104],[-73.771,40.6104],[-73.771,40.6104],[-73.7711,40.6104],[-73.7711,40.6104],[-73.7711,40.6104],[-73.7712,40.6104],[-73.7712,40.6104],[-73.7713,40.6104],[-73.7714,40.6105],[-73.7716,40.6106],[-73.7718,40.6108],[-73.7719,40.6108],[-73.7719,40.6109],[-73.7719,40.611],[-73.7719,40.611],[-73.7719,40.611],[-73.772,40.6111],[-73.772,40.6112],[-73.772,40.6113],[-73.7721,40.6114],[-73.7721,40.6115],[-73.7722,40.6115],[-73.7722,40.6115],[-73.7723,40.6115],[-73.7724,40.6115],[-73.7727,40.6114],[-73.773,40.6113],[-73.7731,40.6113],[-73.7733,40.6112],[-73.7734,40.6111],[-73.7734,40.6111],[-73.7734,40.611],[-73.7734,40.611],[-73.7733,40.6109],[-73.7732,40.6107],[-73.7731,40.6106],[-73.773,40.6104],[-73.7729,40.6103],[-73.7729,40.6102],[-73.7729,40.6102],[-73.7729,40.6102],[-73.7729,40.6102],[-73.7729,40.6102],[-73.7729,40.6101],[-73.7729,40.6101],[-73.773,40.6101],[-73.773,40.6102],[-73.773,40.6102],[-73.7734,40.6108],[-73.7734,40.6108],[-73.7735,40.611],[-73.7736,40.611],[-73.7737,40.6111],[-73.7737,40.6112],[-73.7738,40.6113],[-73.7738,40.6114],[-73.7738,40.6114],[-73.7738,40.6116],[-73.7738,40.6116],[-73.7738,40.6117],[-73.7739,40.6118],[-73.7739,40.612],[-73.7739,40.6121],[-73.7739,40.6121],[-73.7739,40.6121],[-73.7739,40.6121],[-73.774,40.6121],[-73.774,40.6121],[-73.774,40.6121],[-73.774,40.612],[-73.7741,40.6119],[-73.7741,40.6118],[-73.7741,40.6118],[-73.7742,40.6118],[-73.7742,40.6118],[-73.7742,40.6118],[-73.7742,40.6119],[-73.7741,40.6119],[-73.7741,40.612],[-73.7741,40.6121],[-73.774,40.6121],[-73.774,40.6122],[-73.774,40.6123],[-73.774,40.6125],[-73.774,40.6126],[-73.7739,40.6127],[-73.7738,40.6129],[-73.7738,40.613],[-73.7737,40.6132],[-73.7736,40.6134],[-73.7735,40.6135],[-73.7735,40.6136],[-73.7734,40.6136],[-73.7734,40.6137],[-73.7733,40.6137],[-73.7732,40.6137],[-73.7732,40.6137],[-73.7731,40.6136],[-73.7731,40.6136],[-73.773,40.6136],[-73.773,40.6136],[-73.7729,40.6136],[-73.7724,40.6138],[-73.7719,40.6139],[-73.7717,40.614],[-73.7716,40.614],[-73.7714,40.614],[-73.7713,40.6139],[-73.7712,40.6139],[-73.7712,40.614],[-73.7711,40.614],[-73.7711,40.614],[-73.771,40.614],[-73.7709,40.614],[-73.7709,40.614],[-73.7708,40.614],[-73.7708,40.614],[-73.7707,40.614],[-73.7704,40.614],[-73.7701,40.6141],[-73.77,40.6141],[-73.7696,40.614],[-73.7696,40.614],[-73.7696,40.614],[-73.7695,40.614],[-73.7694,40.614],[-73.7694,40.614],[-73.7693,40.614],[-73.7692,40.614],[-73.7691,40.614],[-73.769,40.614],[-73.7689,40.6141],[-73.7685,40.6142],[-73.7684,40.6142],[-73.7683,40.6142],[-73.7683,40.6142],[-73.7682,40.6142],[-73.7681,40.6142],[-73.768,40.6142],[-73.7679,40.6142],[-73.7678,40.6142],[-73.7676,40.6142],[-73.7676,40.6142],[-73.7675,40.6142],[-73.7674,40.6143],[-73.7672,40.6143],[-73.7671,40.6143],[-73.767,40.6143],[-73.7669,40.6143],[-73.7668,40.6143],[-73.7667,40.6143],[-73.7666,40.6143],[-73.7665,40.6142],[-73.7664,40.6142],[-73.7664,40.6142],[-73.7663,40.6142],[-73.7662,40.6141],[-73.7662,40.614],[-73.7661,40.614],[-73.7661,40.614],[-73.766,40.6139],[-73.7659,40.6139],[-73.7658,40.6139],[-73.7657,40.6139],[-73.7656,40.6139],[-73.7655,40.6138],[-73.7655,40.6138],[-73.7655,40.6138],[-73.7654,40.6138],[-73.7654,40.6138],[-73.7654,40.6138],[-73.7653,40.6138],[-73.7653,40.6138],[-73.7652,40.6138],[-73.7651,40.6137],[-73.7651,40.6137],[-73.7651,40.6136],[-73.765,40.6135],[-73.765,40.6135],[-73.765,40.6135],[-73.765,40.6134],[-73.765,40.6134],[-73.765,40.6134],[-73.7651,40.6134],[-73.7651,40.6133],[-73.7651,40.6133],[-73.7651,40.6133],[-73.7651,40.6133],[-73.7652,40.6131],[-73.7652,40.6131],[-73.7652,40.613],[-73.7651,40.6129],[-73.7651,40.6128],[-73.7651,40.6127],[-73.7651,40.6126],[-73.7651,40.6125],[-73.7651,40.6125],[-73.7651,40.6125],[-73.7651,40.6124],[-73.765,40.6124],[-73.765,40.6124],[-73.765,40.6123],[-73.765,40.6123],[-73.765,40.6123],[-73.765,40.6123],[-73.765,40.6123],[-73.765,40.6123],[-73.7651,40.6122],[-73.7651,40.6122],[-73.7651,40.6122],[-73.7651,40.6122],[-73.7651,40.6121],[-73.7651,40.6121],[-73.7651,40.612],[-73.7651,40.612],[-73.765,40.612],[-73.7648,40.6119],[-73.7647,40.6119],[-73.7646,40.6118],[-73.7645,40.6118],[-73.7642,40.6118],[-73.7641,40.6118],[-73.7638,40.6118],[-73.7637,40.6118],[-73.7637,40.6118],[-73.7636,40.6117],[-73.7636,40.6117],[-73.7635,40.6117],[-73.7635,40.6117],[-73.7635,40.6117],[-73.7634,40.6117],[-73.7633,40.6117],[-73.7632,40.6117],[-73.7632,40.6117],[-73.7631,40.6116],[-73.7629,40.6116],[-73.7628,40.6115],[-73.7627,40.6115],[-73.7626,40.6114],[-73.7625,40.6114],[-73.7623,40.6114],[-73.7617,40.6118],[-73.7602,40.6108],[-73.7609,40.6102],[-73.7611,40.61],[-73.7618,40.6091],[-73.7615,40.609],[-73.7614,40.6092],[-73.7613,40.6094],[-73.7608,40.6099],[-73.7606,40.6102],[-73.76,40.6109],[-73.7597,40.6102],[-73.7597,40.6102],[-73.7597,40.6101],[-73.7596,40.6102],[-73.7596,40.6102],[-73.7596,40.6102],[-73.7595,40.6103],[-73.7595,40.6103],[-73.7594,40.6103],[-73.7593,40.6104],[-73.7591,40.6104],[-73.7591,40.6104],[-73.759,40.6103],[-73.759,40.6103],[-73.7589,40.6103],[-73.7588,40.6103],[-73.7588,40.6103],[-73.7587,40.6103],[-73.7586,40.6103],[-73.7586,40.6103],[-73.7585,40.6103],[-73.7584,40.6103],[-73.7584,40.6103],[-73.7583,40.6103],[-73.7583,40.6103],[-73.7582,40.6103],[-73.7582,40.6103],[-73.7581,40.6103],[-73.758,40.6103],[-73.758,40.6103],[-73.7579,40.6103],[-73.7578,40.6103],[-73.7578,40.6103],[-73.7577,40.6103],[-73.7577,40.6103],[-73.7576,40.6103],[-73.7575,40.6103],[-73.7575,40.6103],[-73.7574,40.6103],[-73.7574,40.6103],[-73.7574,40.6103],[-73.7573,40.6103],[-73.7573,40.6103],[-73.7572,40.6103],[-73.7572,40.6103],[-73.7571,40.6102],[-73.757,40.6102],[-73.757,40.6102],[-73.7569,40.6102],[-73.7569,40.6102],[-73.7568,40.6102],[-73.7568,40.6102],[-73.7567,40.6102],[-73.7566,40.6102],[-73.7566,40.6102],[-73.7566,40.6101],[-73.7565,40.6102],[-73.7564,40.6102],[-73.7564,40.6102],[-73.7563,40.6102],[-73.7563,40.6102],[-73.7562,40.6102],[-73.7562,40.6102],[-73.7561,40.6102],[-73.7561,40.6102],[-73.756,40.6102],[-73.756,40.6102],[-73.756,40.6102],[-73.756,40.6102],[-73.756,40.6103],[-73.7559,40.6103],[-73.7558,40.6103],[-73.7558,40.6103],[-73.7558,40.6102],[-73.7557,40.6102],[-73.7557,40.6102],[-73.7557,40.6101],[-73.7556,40.6101],[-73.7556,40.6101],[-73.7556,40.6101],[-73.7555,40.6101],[-73.7554,40.6101],[-73.7553,40.6102],[-73.7552,40.6102],[-73.7552,40.6102],[-73.7551,40.6101],[-73.7551,40.6101],[-73.755,40.6101],[-73.755,40.6101],[-73.7549,40.6102],[-73.7548,40.6102],[-73.7548,40.6103],[-73.7547,40.6104],[-73.7535,40.6105],[-73.7491,40.6118],[-73.748,40.6123],[-73.7472,40.6122],[-73.7469,40.6116],[-73.7456,40.6117],[-73.7446,40.6101],[-73.7434,40.6082],[-73.7433,40.6075],[-73.7431,40.6073],[-73.7403,40.6046],[-73.7384,40.6031],[-73.7382,40.6026],[-73.7384,40.5985],[-73.7384,40.5982],[-73.7384,40.5981],[-73.7384,40.5976],[-73.7386,40.5973],[-73.7386,40.5972],[-73.7388,40.597],[-73.7388,40.597],[-73.7388,40.597],[-73.7388,40.597],[-73.7388,40.597],[-73.7388,40.597],[-73.7388,40.597],[-73.7389,40.597],[-73.739,40.5971],[-73.7391,40.5972],[-73.7393,40.5972],[-73.7395,40.5972],[-73.7396,40.5972],[-73.7398,40.5971],[-73.7399,40.5971],[-73.74,40.5969],[-73.7401,40.5968],[-73.7401,40.5968],[-73.7401,40.5967],[-73.7401,40.5966],[-73.74,40.5965],[-73.7399,40.5965],[-73.7398,40.5965],[-73.7398,40.5964],[-73.7398,40.5964],[-73.7398,40.5964],[-73.74,40.5963],[-73.7401,40.5962],[-73.7402,40.5962],[-73.7403,40.5962],[-73.7404,40.5962],[-73.7403,40.5963],[-73.7403,40.5964],[-73.7404,40.5968],[-73.7404,40.5968],[-73.7405,40.5969],[-73.7405,40.5969],[-73.7406,40.5969],[-73.7406,40.5969],[-73.7406,40.5969],[-73.7406,40.5969],[-73.7406,40.5969],[-73.7406,40.5969],[-73.7406,40.597],[-73.7406,40.597],[-73.7406,40.597],[-73.7407,40.597],[-73.7408,40.597],[-73.7408,40.597],[-73.7408,40.597],[-73.7409,40.597],[-73.7409,40.597],[-73.741,40.5969],[-73.741,40.5969],[-73.741,40.5969],[-73.741,40.5969],[-73.741,40.5969],[-73.741,40.5969],[-73.741,40.5969],[-73.741,40.5969],[-73.741,40.5969],[-73.741,40.5969],[-73.7409,40.5969],[-73.741,40.5969],[-73.741,40.5969],[-73.741,40.5968],[-73.7411,40.5968],[-73.7412,40.5968],[-73.7412,40.5968],[-73.7413,40.5968],[-73.7413,40.5968],[-73.7413,40.5968],[-73.7413,40.5968],[-73.7413,40.5968],[-73.7413,40.5968],[-73.7413,40.5968],[-73.7413,40.5968],[-73.7414,40.5968],[-73.7414,40.5969],[-73.7414,40.5969],[-73.7414,40.5969],[-73.7414,40.5969],[-73.7414,40.5969],[-73.7414,40.5969],[-73.7414,40.5969],[-73.7415,40.5969],[-73.7415,40.5969],[-73.7416,40.5969],[-73.7416,40.5969],[-73.7416,40.5969],[-73.7416,40.5969],[-73.7416,40.5968],[-73.7417,40.5968],[-73.7417,40.5968],[-73.7418,40.5968],[-73.7418,40.5967],[-73.7418,40.5967],[-73.7418,40.5967],[-73.7418,40.5966],[-73.7418,40.5966],[-73.7417,40.5966],[-73.7417,40.5966],[-73.7417,40.5966],[-73.7417,40.5966],[-73.7416,40.5966],[-73.7416,40.5966],[-73.7416,40.5965],[-73.7412,40.5965],[-73.7409,40.5965],[-73.7409,40.5966],[-73.7409,40.5966],[-73.7409,40.5966],[-73.7408,40.5965],[-73.7407,40.5965],[-73.7407,40.5966],[-73.7406,40.5966],[-73.7405,40.5966],[-73.7405,40.5966],[-73.7405,40.5966],[-73.7405,40.5965],[-73.7405,40.5965],[-73.7405,40.5965],[-73.7406,40.5965],[-73.7406,40.5964],[-73.7406,40.5963],[-73.7406,40.5962],[-73.7405,40.5961],[-73.7405,40.5961],[-73.7405,40.5961],[-73.7405,40.5961],[-73.7404,40.5961],[-73.7403,40.596],[-73.7402,40.596],[-73.7399,40.5961],[-73.7396,40.5964],[-73.7396,40.5968],[-73.7394,40.5969],[-73.7391,40.5968],[-73.7389,40.5968],[-73.7389,40.5968],[-73.7384,40.5968],[-73.7381,40.5947],[-73.738,40.5946],[-73.7382,40.5945],[-73.7383,40.5945],[-73.7384,40.5945],[-73.7384,40.5945],[-73.7385,40.5944],[-73.7385,40.5944],[-73.7385,40.5944],[-73.7385,40.5944],[-73.7387,40.5945],[-73.7388,40.5945],[-73.7388,40.5945],[-73.7389,40.5946],[-73.7391,40.5946],[-73.7392,40.5946],[-73.7393,40.5946],[-73.7393,40.5945],[-73.7393,40.5945],[-73.7393,40.5945],[-73.7393,40.5945],[-73.7393,40.5945],[-73.7394,40.5945],[-73.7394,40.5945],[-73.7395,40.5945],[-73.7396,40.5946],[-73.7396,40.5946],[-73.7396,40.5946],[-73.7397,40.5946],[-73.7397,40.5946],[-73.7398,40.5946],[-73.7399,40.5946],[-73.74,40.5946],[-73.74,40.5946],[-73.7401,40.5946],[-73.7401,40.5945],[-73.7401,40.5945],[-73.7401,40.5946],[-73.7402,40.5946],[-73.7403,40.5946],[-73.7404,40.5947],[-73.7404,40.5947],[-73.7406,40.5947],[-73.7407,40.5947],[-73.7407,40.5947],[-73.7408,40.5947],[-73.7408,40.5946],[-73.7408,40.5946],[-73.7409,40.5945],[-73.7409,40.5945],[-73.7409,40.5945],[-73.7409,40.5946],[-73.7409,40.5946],[-73.741,40.5947],[-73.7411,40.5947],[-73.7412,40.5947],[-73.7413,40.5948],[-73.7414,40.5948],[-73.7415,40.5948],[-73.7416,40.5948],[-73.7416,40.5948],[-73.7417,40.5947],[-73.7417,40.5946],[-73.7417,40.5947],[-73.7417,40.5947],[-73.7418,40.5947],[-73.7418,40.5948],[-73.7419,40.5948],[-73.742,40.5949],[-73.7421,40.5949],[-73.7423,40.5949],[-73.7424,40.5949],[-73.7426,40.5947],[-73.7428,40.5948],[-73.7428,40.5948],[-73.7429,40.5948],[-73.743,40.5948],[-73.743,40.5948],[-73.7431,40.5948],[-73.7432,40.5948],[-73.7432,40.5948],[-73.7433,40.5948],[-73.7434,40.5948],[-73.7434,40.5948],[-73.7435,40.5947],[-73.7435,40.5946],[-73.7435,40.5946],[-73.7435,40.5946],[-73.7435,40.5947],[-73.744,40.5947],[-73.7445,40.5947],[-73.7447,40.5946],[-73.7452,40.5946],[-73.7454,40.5945],[-73.7459,40.5944],[-73.7461,40.5944],[-73.7464,40.5943],[-73.7466,40.5943],[-73.7468,40.5943],[-73.7469,40.5942],[-73.747,40.5941],[-73.7471,40.5941],[-73.7471,40.5941],[-73.7472,40.5941],[-73.7473,40.5941],[-73.7475,40.594],[-73.7477,40.5939],[-73.7479,40.5938],[-73.7481,40.5936],[-73.7483,40.5936],[-73.749,40.5934],[-73.7492,40.5932],[-73.7494,40.5931],[-73.7496,40.593],[-73.7498,40.5929],[-73.7502,40.5927],[-73.7506,40.5924],[-73.7508,40.5922],[-73.751,40.592],[-73.7513,40.5916],[-73.7515,40.5915],[-73.7517,40.5914],[-73.7518,40.5913],[-73.7521,40.5913],[-73.7524,40.5912],[-73.7527,40.5912],[-73.7527,40.5912],[-73.7528,40.5911],[-73.7529,40.5911],[-73.753,40.5911],[-73.7531,40.5911],[-73.7532,40.5911],[-73.7533,40.591],[-73.7534,40.591],[-73.7535,40.591],[-73.7536,40.5909],[-73.7537,40.5909],[-73.7538,40.5909],[-73.7538,40.5909],[-73.7539,40.5909],[-73.754,40.5909],[-73.7543,40.5909],[-73.7544,40.5909],[-73.7545,40.5909],[-73.7546,40.5909],[-73.7546,40.5909],[-73.7547,40.5909],[-73.7548,40.5909],[-73.7548,40.5909],[-73.755,40.5909],[-73.755,40.5909],[-73.7551,40.5909],[-73.7553,40.5909],[-73.7554,40.5909],[-73.7555,40.5909],[-73.7556,40.5909],[-73.7558,40.5909],[-73.7558,40.5909],[-73.7559,40.5909],[-73.756,40.5909],[-73.7561,40.5909],[-73.7561,40.5909],[-73.7562,40.591],[-73.7563,40.591],[-73.7563,40.591],[-73.7564,40.591],[-73.7565,40.591],[-73.7565,40.591],[-73.7566,40.5911],[-73.7566,40.5911],[-73.7567,40.5911],[-73.7568,40.5911],[-73.7569,40.5911],[-73.757,40.5912],[-73.7571,40.5912],[-73.7572,40.5912],[-73.7572,40.5912],[-73.7573,40.5912],[-73.7574,40.5912],[-73.7575,40.5913],[-73.7576,40.5913],[-73.7577,40.5913],[-73.7578,40.5913],[-73.7579,40.5914],[-73.758,40.5914],[-73.758,40.5914],[-73.7581,40.5914],[-73.7583,40.5914],[-73.7587,40.5915],[-73.7589,40.5915],[-73.759,40.5915],[-73.7591,40.5915],[-73.7593,40.5915],[-73.7595,40.5915],[-73.7597,40.5916],[-73.7598,40.5916],[-73.7599,40.5916],[-73.7601,40.5916],[-73.7602,40.5916],[-73.7604,40.5916],[-73.7606,40.5916],[-73.7608,40.5917],[-73.761,40.5917],[-73.7612,40.5917],[-73.7613,40.5917],[-73.7616,40.5917],[-73.7623,40.5916],[-73.7624,40.5916],[-73.763,40.5916],[-73.7631,40.5916],[-73.7635,40.5915],[-73.7641,40.5914],[-73.7646,40.5913],[-73.7652,40.5912],[-73.7655,40.5912],[-73.766,40.591],[-73.7663,40.591],[-73.7666,40.5909],[-73.7671,40.5909],[-73.7674,40.5909],[-73.7675,40.5908],[-73.7678,40.5908],[-73.7681,40.5907],[-73.7682,40.5908],[-73.7684,40.5909],[-73.7687,40.5909],[-73.7689,40.5909],[-73.7695,40.5908],[-73.7698,40.5915],[-73.7699,40.5921],[-73.7704,40.5939],[-73.7706,40.5937],[-73.7709,40.5936],[-73.7713,40.5935],[-73.7717,40.5933],[-73.7721,40.5932],[-73.7725,40.5932],[-73.7727,40.5933],[-73.7736,40.5932],[-73.7745,40.5931],[-73.7753,40.5929],[-73.7767,40.5927],[-73.777,40.5914],[-73.7775,40.5926],[-73.778,40.5926],[-73.7788,40.5925],[-73.7788,40.5927],[-73.7793,40.5926],[-73.7793,40.5925],[-73.7799,40.591],[-73.7814,40.5908],[-73.7816,40.5922],[-73.7824,40.5923],[-73.7827,40.5923],[-73.7833,40.5922],[-73.7838,40.5922],[-73.7849,40.5922],[-73.785,40.5922],[-73.7842,40.5925],[-73.7836,40.5951],[-73.7846,40.5959],[-73.7847,40.5968],[-73.7848,40.5977],[-73.7884,40.5975],[-73.7892,40.5975]]]]}},{"type":"Feature","id":"11692","properties":{"modzcta":"11692"},"geometry":{"type":"MultiPolygon","coordinates":[[[[-73.8028,40.5926],[-73.8025,40.5932],[-73.8024,40.5933],[-73.8025,40.5939],[-73.8026,40.5943],[-73.8026,40.5944],[-73.8023,40.5945],[-73.8028,40.5946],[-73.8031,40.5946],[-73.8033,40.5949],[-73.8032,40.5949],[-73.8032,40.595],[-73.8032,40.5951],[-73.8033,40.5952],[-73.8033,40.5952],[-73.8034,40.5952],[-73.8035,40.5952],[-73.8036,40.5952],[-73.8036,40.5952],[-73.8037,40.5952],[-73.8043,40.5959],[-73.8043,40.5959],[-73.8043,40.596],[-73.8045,40.5962],[-73.8046,40.5963],[-73.8047,40.5964],[-73.8047,40.5964],[-73.8047,40.5965],[-73.8047,40.5965],[-73.8048,40.5966],[-73.8049,40.5967],[-73.8049,40.5969],[-73.8051,40.5971],[-73.8051,40.5972],[-73.805,40.5972],[-73.8049,40.5973],[-73.8048,40.5975],[-73.8047,40.5976],[-73.8047,40.5976],[-73.8047,40.5977],[-73.8047,40.5977],[-73.8047,40.5977],[-73.8047,40.5977],[-73.8046,40.5977],[-73.8046,40.5977],[-73.8045,40.5977],[-73.8045,40.5977],[-73.8045,40.5977],[-73.8045,40.5977],[-73.8044,40.5977],[-73.8044,40.5977],[-73.8044,40.5977],[-73.8044,40.5977],[-73.8044,40.5978],[-73.8044,40.5978],[-73.8043,40.5978],[-73.8043,40.5978],[-73.8043,40.5978],[-73.8043,40.5978],[-73.8043,40.5978],[-73.8042,40.5978],[-73.8042,40.5978],[-73.8042,40.5978],[-73.8042,40.5978],[-73.8042,40.5978],[-73.8042,40.5978],[-73.8041,40.5979],[-73.8041,40.5979],[-73.8041,40.5979],[-73.8041,40.5979],[-73.804,40.5979],[-73.804,40.5979],[-73.8039,40.5979],[-73.8039,40.598],[-73.8039,40.598],[-73.8039,40.598],[-73.8039,40.5981],[-73.8039,40.5981],[-73.8039,40.5981],[-73.8038,40.5981],[-73.8038,40.5981],[-73.8039,40.5981],[-73.8039,40.5981],[-73.8038,40.5981],[-73.8038,40.5981],[-73.8038,40.5981],[-73.8038,40.5981],[-73.8038,40.5981],[-73.8037,40.5981],[-73.8037,40.5981],[-73.8037,40.5982],[-73.8037,40.5982],[-73.8037,40.5982],[-73.8037,40.5982],[-73.8036,40.5982],[-73.8036,40.5982],[-73.8036,40.5982],[-73.8036,40.5982],[-73.8036,40.5982],[-73.8036,40.5982],[-73.8036,40.5982],[-73.8036,40.5983],[-73.8036,40.5983],[-73.8035,40.5983],[-73.8035,40.5983],[-73.8035,40.5983],[-73.8035,40.5983],[-73.8035,40.5983],[-73.8035,40.5984],[-73.8034,40.5984],[-73.8034,40.5984],[-73.8034,40.5984],[-73.8034,40.5984],[-73.8034,40.5984],[-73.8034,40.5984],[-73.8034,40.5984],[-73.8034,40.5984],[-73.8034,40.5985],[-73.8034,40.5985],[-73.8034,40.5985],[-73.8034,40.5985],[-73.8034,40.5985],[-73.8034,40.5985],[-73.8033,40.5985],[-73.8033,40.5985],[-73.8033,40.5985],[-73.8032,40.5986],[-73.8032,40.5986],[-73.8031,40.5987],[-73.8031,40.5987],[-73.8031,40.5987],[-73.8031,40.5987],[-73.803,40.5988],[-73.803,40.5988],[-73.803,40.5988],[-73.803,40.5988],[-73.8029,40.5989],[-73.8029,40.5989],[-73.8028,40.5989],[-73.8027,40.5989],[-73.8026,40.5989],[-73.8024,40.5989],[-73.8023,40.5989],[-73.8022,40.5989],[-73.8022,40.5989],[-73.8021,40.5989],[-73.8021,40.5989],[-73.802,40.5989],[-73.802,40.5989],[-73.8019,40.5989],[-73.8017,40.5989],[-73.8017,40.5989],[-73.8016,40.5989],[-73.8015,40.599],[-73.8014,40.5991],[-73.8012,40.5991],[-73.801,40.5991],[-73.8008,40.5992],[-73.8005,40.5992],[-73.7992,40.5993],[-73.7992,40.5993],[-73.7988,40.5993],[-73.7987,40.5992],[-73.7986,40.5992],[-73.7985,40.5992],[-73.7984,40.5992],[-73.7982,40.5992],[-73.7981,40.5992],[-73.7978,40.5993],[-73.7977,40.5993],[-73.7966,40.5994],[-73.7956,40.5994],[-73.7955,40.5995],[-73.7955,40.5995],[-73.7953,40.5995],[-73.7951,40.5994],[-73.7948,40.5994],[-73.7946,40.5994],[-73.7943,40.5995],[-73.7941,40.5995],[-73.7939,40.5996],[-73.7937,40.5997],[-73.7936,40.5998],[-73.7935,40.5999],[-73.7935,40.5999],[-73.7934,40.5999],[-73.7934,40.5999],[-73.7934,40.6],[-73.7933,40.6],[-73.7933,40.6],[-73.7932,40.6],[-73.7931,40.6],[-73.7931,40.6],[-73.793,40.6],[-73.7929,40.6],[-73.7929,40.6],[-73.7928,40.6],[-73.7928,40.6],[-73.7928,40.6],[-73.7927,40.6],[-73.7927,40.6],[-73.7926,40.6],[-73.7926,40.6],[-73.7926,40.6001],[-73.7926,40.6001],[-73.7925,40.6001],[-73.7925,40.6],[-73.7924,40.6],[-73.7924,40.6],[-73.7923,40.6],[-73.7923,40.6],[-73.7922,40.6],[-73.7922,40.6],[-73.7922,40.6001],[-73.7921,40.6001],[-73.7921,40.6001],[-73.7921,40.6002],[-73.7921,40.6002],[-73.792,40.6002],[-73.7919,40.6003],[-73.7919,40.6003],[-73.7918,40.6003],[-73.7918,40.6003],[-73.7917,40.6003],[-73.7917,40.6003],[-73.7916,40.6004],[-73.7915,40.6004],[-73.7914,40.6004],[-73.7914,40.6005],[-73.7913,40.6005],[-73.7912,40.6006],[-73.7911,40.6007],[-73.791,40.6008],[-73.791,40.6008],[-73.7909,40.6009],[-73.7909,40.6009],[-73.7908,40.601],[-73.7908,40.601],[-73.7907,40.601],[-73.7907,40.6011],[-73.7907,40.6011],[-73.7906,40.6011],[-73.7906,40.6011],[-73.7905,40.6011],[-73.7905,40.6012],[-73.7904,40.6012],[-73.7904,40.6012],[-73.7903,40.6012],[-73.7903,40.6012],[-73.7901,40.6014],[-73.79,40.6015],[-73.7899,40.6015],[-73.7899,40.6016],[-73.7897,40.6017],[-73.7896,40.6018],[-73.7894,40.602],[-73.7892,40.6021],[-73.789,40.6022],[-73.7889,40.6023],[-73.7888,40.6024],[-73.7887,40.6025],[-73.7885,40.6026],[-73.7884,40.6027],[-73.7883,40.6028],[-73.7882,40.6028],[-73.7882,40.6029],[-73.7881,40.6029],[-73.788,40.603],[-73.7879,40.603],[-73.7879,40.6031],[-73.7878,40.6031],[-73.7877,40.6031],[-73.7877,40.6031],[-73.7876,40.6031],[-73.7875,40.6032],[-73.7874,40.6032],[-73.7873,40.6032],[-73.7873,40.6032],[-73.7865,40.6032],[-73.7863,40.6032],[-73.7863,40.6031],[-73.7863,40.6031],[-73.7862,40.6031],[-73.7862,40.6031],[-73.7862,40.603],[-73.7862,40.603],[-73.7863,40.6029],[-73.7864,40.6029],[-73.7865,40.6028],[-73.7865,40.6027],[-73.7866,40.6027],[-73.7869,40.6025],[-73.7872,40.6023],[-73.7872,40.6023],[-73.7872,40.6023],[-73.7872,40.6022],[-73.7872,40.6022],[-73.7873,40.6021],[-73.7873,40.6021],[-73.7873,40.602],[-73.7873,40.602],[-73.7874,40.6019],[-73.7874,40.6019],[-73.7874,40.6019],[-73.7874,40.6018],[-73.7875,40.6018],[-73.7875,40.6017],[-73.7875,40.6017],[-73.7875,40.6016],[-73.7876,40.6016],[-73.7876,40.6016],[-73.7876,40.6015],[-73.7876,40.6015],[-73.7876,40.6014],[-73.7877,40.6014],[-73.7877,40.6013],[-73.7879,40.601],[-73.7881,40.6009],[-73.7885,40.6005],[-73.7888,40.6004],[-73.789,40.6002],[-73.7891,40.6002],[-73.7892,40.6001],[-73.7893,40.6001],[-73.7893,40.6],[-73.7893,40.6],[-73.7894,40.6],[-73.7895,40.6],[-73.7895,40.5999],[-73.7896,40.5999],[-73.7896,40.5999],[-73.7897,40.5998],[-73.7897,40.5998],[-73.7898,40.5997],[-73.7898,40.5997],[-73.7898,40.5997],[-73.7899,40.5996],[-73.7899,40.5995],[-73.79,40.5995],[-73.79,40.5994],[-73.79,40.5994],[-73.7901,40.5994],[-73.7902,40.5993],[-73.7903,40.5993],[-73.7903,40.5993],[-73.7903,40.5992],[-73.7903,40.5991],[-73.7903,40.5991],[-73.7903,40.599],[-73.7903,40.599],[-73.7904,40.5989],[-73.7904,40.5988],[-73.7904,40.5988],[-73.7904,40.5987],[-73.7904,40.5987],[-73.7907,40.5981],[-73.7907,40.598],[-73.7907,40.5979],[-73.7908,40.5978],[-73.7908,40.5977],[-73.7909,40.5976],[-73.7909,40.5975],[-73.7909,40.5975],[-73.7909,40.5974],[-73.791,40.5974],[-73.791,40.5974],[-73.7911,40.5973],[-73.7911,40.5972],[-73.7911,40.5971],[-73.7912,40.597],[-73.7912,40.5969],[-73.7912,40.5969],[-73.7912,40.5968],[-73.7912,40.5968],[-73.7912,40.5967],[-73.7912,40.5967],[-73.7912,40.5965],[-73.7912,40.5965],[-73.7911,40.5964],[-73.7911,40.5964],[-73.7911,40.5963],[-73.791,40.5962],[-73.791,40.5962],[-73.791,40.5961],[-73.791,40.596],[-73.7909,40.596],[-73.7909,40.5959],[-73.791,40.5958],[-73.791,40.5957],[-73.791,40.5956],[-73.791,40.5955],[-73.791,40.5954],[-73.791,40.5953],[-73.7909,40.5952],[-73.7909,40.5951],[-73.7909,40.5951],[-73.7909,40.595],[-73.7908,40.595],[-73.7908,40.5949],[-73.7908,40.5949],[-73.7907,40.5949],[-73.7907,40.5948],[-73.7907,40.5948],[-73.7906,40.5948],[-73.7905,40.5948],[-73.7904,40.5948],[-73.7902,40.5948],[-73.7901,40.5948],[-73.7899,40.5948],[-73.7899,40.5948],[-73.7899,40.5947],[-73.7898,40.5947],[-73.7898,40.5947],[-73.7897,40.5948],[-73.7897,40.5948],[-73.7897,40.5948],[-73.7897,40.5949],[-73.7894,40.595],[-73.7894,40.5949],[-73.7894,40.595],[-73.7894,40.595],[-73.7894,40.5951],[-73.7894,40.5952],[-73.7894,40.5952],[-73.7893,40.5952],[-73.7892,40.5952],[-73.7892,40.5952],[-73.7892,40.5952],[-73.7892,40.5952],[-73.7892,40.5953],[-73.7891,40.5954],[-73.7891,40.5955],[-73.7891,40.5955],[-73.7891,40.5956],[-73.7892,40.5956],[-73.7892,40.5957],[-73.7892,40.5957],[-73.7892,40.5958],[-73.7891,40.5958],[-73.7891,40.5959],[-73.7891,40.5959],[-73.7891,40.5959],[-73.7891,40.596],[-73.7891,40.596],[-73.7891,40.5961],[-73.7892,40.5961],[-73.7892,40.5961],[-73.7892,40.5962],[-73.7892,40.5962],[-73.7892,40.5963],[-73.7892,40.5964],[-73.7892,40.5964],[-73.7893,40.5965],[-73.7893,40.5965],[-73.7892,40.5966],[-73.7892,40.5966],[-73.7892,40.5967],[-73.7892,40.5967],[-73.7892,40.5968],[-73.7892,40.5968],[-73.7892,40.5968],[-73.7892,40.5968],[-73.7893,40.5969],[-73.7893,40.5969],[-73.7892,40.597],[-73.7892,40.597],[-73.7892,40.5971],[-73.7892,40.5971],[-73.7892,40.5972],[-73.7892,40.5972],[-73.7892,40.5973],[-73.7892,40.5973],[-73.7891,40.5973],[-73.7891,40.5974],[-73.7891,40.5974],[-73.7891,40.5974],[-73.7891,40.5974],[-73.7891,40.5975],[-73.7892,40.5975],[-73.7867,40.5976],[-73.7847,40.597],[-73.7846,40.5961],[-73.7845,40.5951],[-73.7834,40.5927],[-73.7843,40.5924],[-73.7851,40.5922],[-73.7841,40.5922],[-73.7836,40.5922],[-73.783,40.5923],[-73.7824,40.5923],[-73.7824,40.5921],[-73.7815,40.5912],[-73.7807,40.591],[-73.7791,40.5911],[-73.7793,40.5926],[-73.7789,40.5927],[-73.7788,40.5926],[-73.7784,40.5925],[-73.7778,40.5926],[-73.7771,40.5927],[-73.7765,40.5914],[-73.7761,40.5928],[-73.7745,40.5929],[-73.7745,40.5931],[-73.7727,40.5933],[-73.7727,40.5931],[-73.7723,40.5932],[-73.7718,40.5933],[-73.7715,40.5934],[-73.7711,40.5935],[-73.7708,40.5937],[-73.7705,40.5938],[-73.7702,40.594],[-73.7698,40.5918],[-73.7698,40.5907],[-73.77,40.5907],[-73.7702,40.5907],[-73.7702,40.5907],[-73.7707,40.5906],[-73.7707,40.5906],[-73.7709,40.5906],[-73.7709,40.5906],[-73.771,40.5906],[-73.7711,40.5906],[-73.7714,40.5906],[-73.7716,40.5906],[-73.7718,40.5905],[-73.7722,40.5905],[-73.7724,40.5905],[-73.7725,40.5905],[-73.7728,40.5905],[-73.7729,40.5905],[-73.773,40.5904],[-73.7731,40.5904],[-73.7735,40.5904],[-73.7736,40.5904],[-73.7737,40.5904],[-73.7737,40.5904],[-73.7738,40.5904],[-73.7739,40.5904],[-73.774,40.5904],[-73.7741,40.5904],[-73.7741,40.5904],[-73.7742,40.5904],[-73.7743,40.5903],[-73.7744,40.5903],[-73.7747,40.5903],[-73.7752,40.5903],[-73.7755,40.5902],[-73.7758,40.5902],[-73.7759,40.5902],[-73.7759,40.5902],[-73.7759,40.5902],[-73.7758,40.5903],[-73.7758,40.5903],[-73.7758,40.5903],[-73.7759,40.5903],[-73.7763,40.5902],[-73.7765,40.5902],[-73.7765,40.5901],[-73.7766,40.5901],[-73.7767,40.5901],[-73.7768,40.5901],[-73.7769,40.5901],[-73.7771,40.5901],[-73.7773,40.5901],[-73.7775,40.5901],[-73.7776,40.5901],[-73.7778,40.59],[-73.7781,40.5899],[-73.7783,40.5899],[-73.7784,40.5898],[-73.7787,40.5898],[-73.7788,40.5897],[-73.7791,40.5896],[-73.7792,40.5896],[-73.7794,40.5896],[-73.7794,40.5896],[-73.7798,40.5896],[-73.7799,40.5896],[-73.7801,40.5896],[-73.7803,40.5896],[-73.7804,40.5896],[-73.7806,40.5896],[-73.7806,40.5895],[-73.7808,40.5895],[-73.7809,40.5895],[-73.781,40.5894],[-73.7811,40.5894],[-73.7814,40.5893],[-73.7815,40.5893],[-73.7817,40.5893],[-73.7819,40.5892],[-73.7821,40.5892],[-73.7822,40.5891],[-73.7823,40.5891],[-73.7824,40.5891],[-73.7825,40.5891],[-73.7826,40.5891],[-73.7828,40.589],[-73.783,40.589],[-73.7833,40.5888],[-73.7837,40.5887],[-73.7839,40.5886],[-73.7844,40.5885],[-73.7847,40.5885],[-73.7848,40.5884],[-73.785,40.5884],[-73.7851,40.5884],[-73.7852,40.5884],[-73.7855,40.5883],[-73.7858,40.5883],[-73.7861,40.5882],[-73.7864,40.5881],[-73.7865,40.5881],[-73.7867,40.5881],[-73.7869,40.5881],[-73.7872,40.588],[-73.7875,40.588],[-73.7882,40.5877],[-73.7884,40.5876],[-73.7885,40.5876],[-73.7886,40.5875],[-73.7886,40.5875],[-73.7889,40.5875],[-73.789,40.5875],[-73.7891,40.5876],[-73.7891,40.5876],[-73.7892,40.5876],[-73.7893,40.5876],[-73.7893,40.5876],[-73.7894,40.5876],[-73.7895,40.5876],[-73.7896,40.5876],[-73.7896,40.5876],[-73.7897,40.5876],[-73.7898,40.5876],[-73.79,40.5875],[-73.7902,40.5875],[-73.7904,40.5875],[-73.7906,40.5874],[-73.7908,40.5874],[-73.7909,40.5873],[-73.791,40.5873],[-73.7911,40.5873],[-73.7911,40.5873],[-73.7913,40.5873],[-73.7913,40.5873],[-73.7914,40.5873],[-73.7915,40.5873],[-73.7917,40.5873],[-73.792,40.5872],[-73.7921,40.5872],[-73.7923,40.5871],[-73.7924,40.5871],[-73.7925,40.587],[-73.7927,40.587],[-73.7929,40.587],[-73.7931,40.587],[-73.7932,40.587],[-73.7933,40.5869],[-73.7935,40.5869],[-73.7935,40.5869],[-73.7938,40.5868],[-73.7939,40.5868],[-73.7939,40.5868],[-73.794,40.5868],[-73.794,40.5868],[-73.7941,40.5868],[-73.7942,40.5868],[-73.7944,40.5867],[-73.7945,40.5867],[-73.7947,40.5867],[-73.7947,40.5866],[-73.7948,40.5866],[-73.7949,40.5866],[-73.795,40.5865],[-73.795,40.5865],[-73.7952,40.5865],[-73.7953,40.5865],[-73.7954,40.5865],[-73.7954,40.5865],[-73.7956,40.5865],[-73.7958,40.5864],[-73.7959,40.5864],[-73.796,40.5864],[-73.796,40.5863],[-73.7962,40.5863],[-73.7963,40.5864],[-73.7965,40.5864],[-73.7966,40.5864],[-73.7967,40.5864],[-73.7968,40.5864],[-73.7969,40.5863],[-73.7989,40.5859],[-73.7993,40.5858],[-73.7996,40.5858],[-73.7997,40.5858],[-73.8001,40.5857],[-73.8005,40.5856],[-73.8006,40.5855],[-73.8008,40.5855],[-73.8008,40.5854],[-73.8012,40.5854],[-73.8012,40.5854],[-73.8013,40.5854],[-73.8017,40.5866],[-73.8032,40.5866],[-73.804,40.5866],[-73.8051,40.5882],[-73.8053,40.5895],[-73.8053,40.5905],[-73.8045,40.5905],[-73.8033,40.5924],[-73.8028,40.5926],[-73.8028,40.5926]]]]}},{"type":"Feature","id":"11693","properties":{"modzcta":"11693"},"geometry":{"type":"MultiPolygon","coordinates":[[[[-73.8201,40.587],[-73.8194,40.5874],[-73.8189,40.5876],[-73.819,40.5877],[-73.8191,40.5879],[-73.8191,40.588],[-73.8188,40.5883],[-73.8186,40.5883],[-73.8185,40.5884],[-73.8183,40.5885],[-73.8181,40.5886],[-73.818,40.5886],[-73.8174,40.5889],[-73.8176,40.5892],[-73.8176,40.5893],[-73.8175,40.5893],[-73.8175,40.5893],[-73.8174,40.5894],[-73.8172,40.5893],[-73.8172,40.5894],[-73.8171,40.5894],[-73.8169,40.5893],[-73.8168,40.5893],[-73.8167,40.5894],[-73.8166,40.5894],[-73.8165,40.5894],[-73.8165,40.5894],[-73.8164,40.5895],[-73.8164,40.5895],[-73.8163,40.5896],[-73.8163,40.5896],[-73.8162,40.5896],[-73.816,40.5897],[-73.8159,40.5897],[-73.8158,40.5897],[-73.8153,40.59],[-73.8152,40.59],[-73.8152,40.5901],[-73.8151,40.5902],[-73.815,40.5903],[-73.8149,40.5904],[-73.8148,40.5905],[-73.8147,40.5906],[-73.8146,40.5907],[-73.8145,40.5907],[-73.8144,40.5907],[-73.8143,40.5907],[-73.8143,40.5906],[-73.8142,40.5906],[-73.8141,40.5906],[-73.8141,40.5906],[-73.8139,40.5907],[-73.8138,40.5907],[-73.8136,40.5908],[-73.8135,40.5909],[-73.8134,40.5909],[-73.8134,40.591],[-73.8133,40.591],[-73.8132,40.5911],[-73.8131,40.5912],[-73.813,40.5913],[-73.8128,40.5913],[-73.8126,40.5913],[-73.8125,40.5914],[-73.8124,40.5914],[-73.8123,40.5913],[-73.8122,40.5913],[-73.8121,40.5914],[-73.812,40.5915],[-73.8118,40.5915],[-73.8116,40.5917],[-73.8115,40.592],[-73.8116,40.5921],[-73.8115,40.5923],[-73.8115,40.5925],[-73.8116,40.5928],[-73.8115,40.5929],[-73.8115,40.5929],[-73.8115,40.5927],[-73.8114,40.5925],[-73.8114,40.5921],[-73.8113,40.5917],[-73.811,40.5918],[-73.8109,40.5919],[-73.8109,40.592],[-73.8108,40.5921],[-73.8102,40.5922],[-73.8102,40.5922],[-73.8101,40.5922],[-73.81,40.5922],[-73.8099,40.5922],[-73.8099,40.5923],[-73.8097,40.5924],[-73.8096,40.5925],[-73.8095,40.5929],[-73.8097,40.5935],[-73.8096,40.5936],[-73.8096,40.5936],[-73.8096,40.5936],[-73.8095,40.5936],[-73.8095,40.5936],[-73.8095,40.5936],[-73.8095,40.5935],[-73.8094,40.5935],[-73.8094,40.5934],[-73.8094,40.5934],[-73.8094,40.5934],[-73.8093,40.5934],[-73.8093,40.5934],[-73.8093,40.5934],[-73.8092,40.5934],[-73.8092,40.5934],[-73.8092,40.5934],[-73.8091,40.5934],[-73.8091,40.5934],[-73.809,40.5933],[-73.8089,40.5933],[-73.8085,40.5931],[-73.8083,40.593],[-73.8083,40.5929],[-73.8082,40.5929],[-73.808,40.5929],[-73.8079,40.5928],[-73.8079,40.5928],[-73.8078,40.5928],[-73.8077,40.5927],[-73.8075,40.5926],[-73.8074,40.5926],[-73.8074,40.5925],[-73.8073,40.5925],[-73.8072,40.5925],[-73.8072,40.5924],[-73.8071,40.5924],[-73.807,40.5924],[-73.8069,40.5923],[-73.8069,40.5923],[-73.8069,40.5923],[-73.8069,40.5923],[-73.8068,40.5923],[-73.8068,40.5923],[-73.8068,40.5923],[-73.8068,40.5923],[-73.8067,40.5923],[-73.8067,40.5923],[-73.8066,40.5923],[-73.8066,40.5922],[-73.8065,40.5922],[-73.8064,40.5922],[-73.8063,40.5921],[-73.8062,40.5921],[-73.8061,40.5921],[-73.8061,40.592],[-73.806,40.592],[-73.806,40.592],[-73.806,40.592],[-73.806,40.5919],[-73.8059,40.5919],[-73.8059,40.5918],[-73.8059,40.5918],[-73.8059,40.5917],[-73.8059,40.5916],[-73.8059,40.5915],[-73.8059,40.5914],[-73.8059,40.5913],[-73.8059,40.5912],[-73.8058,40.5912],[-73.8058,40.5911],[-73.8058,40.5911],[-73.8058,40.591],[-73.8058,40.5909],[-73.8058,40.5909],[-73.8058,40.5909],[-73.8058,40.5908],[-73.8058,40.5908],[-73.8058,40.5908],[-73.8058,40.5908],[-73.8057,40.5908],[-73.8057,40.5908],[-73.8057,40.5908],[-73.8057,40.5908],[-73.8057,40.5908],[-73.8057,40.5909],[-73.8057,40.5909],[-73.8057,40.591],[-73.8057,40.5911],[-73.8057,40.5912],[-73.8058,40.5913],[-73.8058,40.5916],[-73.8058,40.5917],[-73.8058,40.5918],[-73.8058,40.5918],[-73.8058,40.5919],[-73.8058,40.5919],[-73.8058,40.5919],[-73.8058,40.5919],[-73.8058,40.5919],[-73.8057,40.5919],[-73.8057,40.5919],[-73.8056,40.5918],[-73.8054,40.5917],[-73.8053,40.5917],[-73.8053,40.5917],[-73.8052,40.5917],[-73.8051,40.5916],[-73.8049,40.5915],[-73.8048,40.5914],[-73.8047,40.5914],[-73.8047,40.5914],[-73.8046,40.5914],[-73.8044,40.5913],[-73.8043,40.5913],[-73.8043,40.5913],[-73.8043,40.5913],[-73.8043,40.5913],[-73.8043,40.5913],[-73.8043,40.5914],[-73.8042,40.5914],[-73.8042,40.5916],[-73.8042,40.5917],[-73.8042,40.5917],[-73.8042,40.5918],[-73.8042,40.5918],[-73.8042,40.5919],[-73.8042,40.5919],[-73.8043,40.5919],[-73.8044,40.5919],[-73.8045,40.592],[-73.8046,40.592],[-73.8048,40.5921],[-73.805,40.5922],[-73.8051,40.5922],[-73.8053,40.5923],[-73.8053,40.5923],[-73.8055,40.5924],[-73.8056,40.5925],[-73.8058,40.5925],[-73.8061,40.5926],[-73.8063,40.5927],[-73.8063,40.5928],[-73.8067,40.5929],[-73.807,40.5931],[-73.8071,40.5931],[-73.8071,40.5931],[-73.8071,40.5931],[-73.8071,40.5931],[-73.8071,40.593],[-73.8072,40.593],[-73.8073,40.5931],[-73.8073,40.5931],[-73.8073,40.5931],[-73.8074,40.5931],[-73.8076,40.5932],[-73.8077,40.5933],[-73.8077,40.5933],[-73.8078,40.5934],[-73.8078,40.5934],[-73.8078,40.5934],[-73.8079,40.5934],[-73.8079,40.5935],[-73.808,40.5936],[-73.808,40.5937],[-73.808,40.5937],[-73.808,40.5937],[-73.8079,40.5937],[-73.8079,40.5938],[-73.8079,40.5938],[-73.8079,40.5938],[-73.8078,40.5939],[-73.8078,40.5939],[-73.8078,40.5939],[-73.8078,40.594],[-73.8078,40.594],[-73.8078,40.594],[-73.8078,40.594],[-73.8078,40.594],[-73.8079,40.5941],[-73.8079,40.5941],[-73.8079,40.5941],[-73.8079,40.5941],[-73.8079,40.5941],[-73.8079,40.5941],[-73.808,40.5941],[-73.808,40.5941],[-73.808,40.5942],[-73.808,40.5942],[-73.808,40.5942],[-73.8079,40.5942],[-73.8079,40.5942],[-73.8079,40.5942],[-73.8079,40.5942],[-73.8079,40.5942],[-73.8079,40.5942],[-73.8079,40.5942],[-73.8079,40.5943],[-73.8079,40.5943],[-73.8079,40.5943],[-73.8079,40.5943],[-73.8078,40.5944],[-73.8078,40.5944],[-73.8077,40.5944],[-73.8077,40.5945],[-73.8077,40.5945],[-73.8077,40.5945],[-73.8077,40.5945],[-73.8077,40.5945],[-73.8076,40.5946],[-73.8076,40.5946],[-73.8076,40.5946],[-73.8076,40.5946],[-73.8075,40.5946],[-73.8075,40.5946],[-73.8075,40.5947],[-73.8075,40.5947],[-73.8074,40.5948],[-73.8074,40.5948],[-73.8074,40.5948],[-73.8075,40.5948],[-73.8075,40.5948],[-73.8075,40.5949],[-73.8074,40.5949],[-73.8074,40.5949],[-73.8074,40.5949],[-73.8074,40.5949],[-73.8073,40.595],[-73.8073,40.595],[-73.8072,40.5951],[-73.8072,40.5952],[-73.8072,40.5952],[-73.8071,40.5952],[-73.8071,40.5953],[-73.8071,40.5953],[-73.8071,40.5953],[-73.8071,40.5953],[-73.8071,40.5953],[-73.8071,40.5953],[-73.807,40.5953],[-73.8069,40.5954],[-73.8069,40.5954],[-73.8069,40.5954],[-73.8069,40.5954],[-73.8069,40.5954],[-73.8068,40.5954],[-73.8067,40.5954],[-73.8066,40.5954],[-73.8065,40.5955],[-73.8064,40.5955],[-73.8064,40.5955],[-73.8063,40.5955],[-73.8062,40.5955],[-73.8061,40.5956],[-73.8061,40.5956],[-73.806,40.5956],[-73.806,40.5955],[-73.8059,40.5955],[-73.8058,40.5955],[-73.8058,40.5955],[-73.8058,40.5954],[-73.8057,40.5954],[-73.8055,40.5954],[-73.8055,40.5953],[-73.8054,40.5953],[-73.8054,40.5953],[-73.8054,40.5953],[-73.8054,40.5953],[-73.8054,40.5953],[-73.8054,40.5953],[-73.8054,40.5953],[-73.8053,40.5953],[-73.8053,40.5953],[-73.8053,40.5953],[-73.8053,40.5952],[-73.8052,40.5952],[-73.8052,40.5952],[-73.8051,40.5952],[-73.805,40.5951],[-73.8049,40.5951],[-73.8048,40.595],[-73.8048,40.595],[-73.8047,40.595],[-73.8046,40.5949],[-73.8046,40.5949],[-73.8046,40.5949],[-73.8047,40.5949],[-73.8047,40.5949],[-73.8047,40.5948],[-73.8046,40.5948],[-73.8046,40.5948],[-73.8046,40.5948],[-73.8045,40.5948],[-73.8045,40.5948],[-73.8045,40.5947],[-73.8044,40.5947],[-73.8044,40.5946],[-73.8043,40.5945],[-73.8043,40.5944],[-73.8042,40.5944],[-73.8041,40.5943],[-73.8041,40.5943],[-73.8041,40.5942],[-73.804,40.5942],[-73.804,40.5941],[-73.804,40.5939],[-73.804,40.5938],[-73.804,40.5937],[-73.804,40.5937],[-73.804,40.5937],[-73.804,40.5936],[-73.804,40.5936],[-73.804,40.5936],[-73.804,40.5935],[-73.8041,40.5935],[-73.8041,40.5935],[-73.8041,40.5935],[-73.8041,40.5935],[-73.8041,40.5934],[-73.804,40.5932],[-73.804,40.5931],[-73.8039,40.5931],[-73.8039,40.5931],[-73.8038,40.5931],[-73.8038,40.593],[-73.8038,40.593],[-73.8038,40.593],[-73.8037,40.593],[-73.8037,40.593],[-73.8038,40.593],[-73.8038,40.5929],[-73.8038,40.5929],[-73.8038,40.5929],[-73.8038,40.5929],[-73.8038,40.5929],[-73.8038,40.5929],[-73.8037,40.5929],[-73.8037,40.5929],[-73.8037,40.5929],[-73.8036,40.5929],[-73.8033,40.5928],[-73.8031,40.5926],[-73.803,40.5926],[-73.803,40.5926],[-73.803,40.5926],[-73.803,40.5926],[-73.8024,40.5925],[-73.8031,40.5907],[-73.8053,40.5905],[-73.8054,40.5898],[-73.8053,40.5891],[-73.8043,40.5883],[-73.804,40.5865],[-73.8017,40.5867],[-73.8016,40.5862],[-73.8014,40.5854],[-73.8017,40.5854],[-73.8018,40.5854],[-73.802,40.5853],[-73.8022,40.5852],[-73.8025,40.5851],[-73.8029,40.585],[-73.8032,40.5849],[-73.8034,40.5849],[-73.8035,40.5849],[-73.8036,40.585],[-73.8037,40.585],[-73.8038,40.585],[-73.8042,40.5849],[-73.8044,40.5849],[-73.8047,40.5848],[-73.8048,40.5847],[-73.8052,40.5846],[-73.8054,40.5846],[-73.8057,40.5845],[-73.8059,40.5845],[-73.806,40.5845],[-73.8062,40.5845],[-73.8064,40.5845],[-73.8066,40.5844],[-73.8067,40.5844],[-73.8069,40.5843],[-73.8072,40.5842],[-73.8075,40.5841],[-73.8078,40.584],[-73.8083,40.584],[-73.8085,40.584],[-73.8086,40.584],[-73.8088,40.584],[-73.8089,40.584],[-73.809,40.584],[-73.8091,40.584],[-73.8092,40.5839],[-73.8094,40.5839],[-73.8095,40.5838],[-73.8113,40.5837],[-73.8127,40.5836],[-73.8134,40.5835],[-73.8136,40.5834],[-73.8142,40.5833],[-73.8145,40.5831],[-73.8149,40.5831],[-73.8152,40.5829],[-73.8154,40.5829],[-73.8165,40.5826],[-73.8168,40.5825],[-73.8173,40.5823],[-73.8167,40.583],[-73.8154,40.5834],[-73.8156,40.5834],[-73.8159,40.5834],[-73.8162,40.5834],[-73.8165,40.5834],[-73.8169,40.5833],[-73.8173,40.5833],[-73.8177,40.5832],[-73.8188,40.5849],[-73.8201,40.5855],[-73.8201,40.5869],[-73.8201,40.587]]],[[[-73.8238,40.6115],[-73.8224,40.6143],[-73.8217,40.6148],[-73.8216,40.6149],[-73.8208,40.6152],[-73.8165,40.6149],[-73.8166,40.6148],[-73.8166,40.6147],[-73.8166,40.6145],[-73.8165,40.6144],[-73.8164,40.6143],[-73.816,40.6128],[-73.816,40.6122],[-73.8159,40.6119],[-73.8158,40.6116],[-73.8156,40.6112],[-73.8156,40.6107],[-73.815,40.6094],[-73.8148,40.6089],[-73.8148,40.6085],[-73.8149,40.608],[-73.815,40.6076],[-73.8152,40.6071],[-73.8153,40.6069],[-73.8157,40.6065],[-73.8158,40.6064],[-73.816,40.6063],[-73.816,40.6061],[-73.816,40.6061],[-73.8159,40.6061],[-73.8159,40.606],[-73.8159,40.6059],[-73.8161,40.6057],[-73.8174,40.6052],[-73.8173,40.6039],[-73.8177,40.6022],[-73.8184,40.6001],[-73.819,40.5983],[-73.8197,40.5975],[-73.8202,40.5968],[-73.8203,40.5966],[-73.8204,40.5965],[-73.8205,40.5963],[-73.8205,40.5962],[-73.8205,40.5961],[-73.8205,40.596],[-73.8204,40.5958],[-73.8204,40.5958],[-73.8205,40.5957],[-73.8205,40.5957],[-73.8206,40.5955],[-73.8207,40.5953],[-73.8207,40.5952],[-73.8209,40.5951],[-73.8212,40.5948],[-73.8217,40.5947],[-73.8226,40.5949],[-73.8237,40.5949],[-73.8248,40.5951],[-73.8259,40.5949],[-73.827,40.5949],[-73.8284,40.5948],[-73.8291,40.5948],[-73.8297,40.5946],[-73.8314,40.5946],[-73.8331,40.5948],[-73.8347,40.5952],[-73.8347,40.5959],[-73.8345,40.5962],[-73.8342,40.5967],[-73.8335,40.597],[-73.8329,40.5975],[-73.8324,40.5976],[-73.8324,40.5978],[-73.8313,40.5979],[-73.831,40.5976],[-73.8306,40.5974],[-73.8305,40.5976],[-73.8303,40.5978],[-73.8299,40.5979],[-73.8296,40.5981],[-73.8294,40.5981],[-73.8292,40.5978],[-73.8289,40.5978],[-73.8286,40.5977],[-73.8281,40.5977],[-73.8278,40.5979],[-73.8276,40.5981],[-73.8272,40.5983],[-73.8271,40.5985],[-73.8271,40.5987],[-73.8271,40.5987],[-73.827,40.5987],[-73.8269,40.5987],[-73.8269,40.5987],[-73.8269,40.5987],[-73.8268,40.5988],[-73.8268,40.5989],[-73.8266,40.599],[-73.8264,40.5991],[-73.8263,40.5993],[-73.8262,40.5993],[-73.8261,40.5994],[-73.8261,40.5994],[-73.826,40.5995],[-73.8259,40.5995],[-73.8259,40.5995],[-73.8259,40.5994],[-73.8259,40.5993],[-73.8259,40.5992],[-73.8259,40.5991],[-73.8258,40.5989],[-73.8258,40.5988],[-73.8257,40.5987],[-73.8256,40.5985],[-73.8254,40.5984],[-73.8253,40.5983],[-73.8251,40.5982],[-73.825,40.5982],[-73.8249,40.5982],[-73.8247,40.5981],[-73.8246,40.5982],[-73.8244,40.5982],[-73.8243,40.5983],[-73.8242,40.5984],[-73.8242,40.5985],[-73.824,40.5989],[-73.8241,40.5989],[-73.8242,40.5991],[-73.8242,40.5993],[-73.8241,40.5993],[-73.8238,40.5999],[-73.8236,40.6],[-73.8232,40.6],[-73.823,40.5999],[-73.8226,40.5999],[-73.8223,40.5999],[-73.8221,40.5998],[-73.8221,40.5998],[-73.8219,40.5998],[-73.8217,40.5999],[-73.8216,40.6],[-73.8215,40.6],[-73.8216,40.6001],[-73.8217,40.6001],[-73.8223,40.6002],[-73.8225,40.6002],[-73.8226,40.6002],[-73.8232,40.6003],[-73.8233,40.6002],[-73.8244,40.6006],[-73.8243,40.6008],[-73.8241,40.6009],[-73.8239,40.6011],[-73.8238,40.6013],[-73.8236,40.6015],[-73.8235,40.6016],[-73.8235,40.6019],[-73.8236,40.602],[-73.8232,40.6023],[-73.823,40.6024],[-73.8229,40.6028],[-73.8229,40.603],[-73.8229,40.6033],[-73.8228,40.6042],[-73.8228,40.6046],[-73.8228,40.6048],[-73.8228,40.6049],[-73.8227,40.605],[-73.8225,40.6052],[-73.8226,40.6054],[-73.8225,40.6055],[-73.8226,40.6057],[-73.8228,40.6058],[-73.8227,40.6061],[-73.8222,40.6064],[-73.8221,40.6065],[-73.8217,40.6068],[-73.8213,40.607],[-73.8213,40.6071],[-73.8212,40.6073],[-73.8209,40.6076],[-73.8209,40.6078],[-73.8203,40.6086],[-73.82,40.609],[-73.8199,40.6093],[-73.82,40.6095],[-73.8198,40.6098],[-73.82,40.611],[-73.8205,40.612],[-73.8204,40.6121],[-73.8206,40.6122],[-73.8208,40.6123],[-73.8209,40.6123],[-73.821,40.612],[-73.8211,40.6119],[-73.821,40.6118],[-73.8211,40.6114],[-73.8212,40.6114],[-73.8213,40.6112],[-73.8212,40.6109],[-73.8208,40.6106],[-73.8205,40.6104],[-73.8205,40.6101],[-73.8206,40.6099],[-73.8208,40.6094],[-73.8211,40.6091],[-73.8213,40.6087],[-73.8216,40.6085],[-73.8218,40.6086],[-73.8218,40.6089],[-73.8217,40.6091],[-73.8218,40.6094],[-73.8219,40.6099],[-73.8223,40.6103],[-73.8227,40.6103],[-73.8232,40.6109],[-73.8234,40.6112],[-73.8238,40.6115],[-73.8238,40.6115]]]]}},{"type":"Feature","id":"11429","properties":{"modzcta":"11429"},"geometry":{"type":"MultiPolygon","coordinates":[[[[-73.7105,40.7272],[-73.7106,40.728],[-73.711,40.7281],[-73.7116,40.7282],[-73.7107,40.7294],[-73.7107,40.7295],[-73.7109,40.731],[-73.712,40.7308],[-73.7115,40.7325],[-73.7119,40.7332],[-73.7123,40.7339],[-73.7126,40.7342],[-73.7142,40.7346],[-73.7139,40.7361],[-73.7137,40.7362],[-73.7135,40.7362],[-73.7119,40.7366],[-73.7101,40.7369],[-73.7089,40.7363],[-73.7076,40.7355],[-73.7083,40.7373],[-73.7065,40.7377],[-73.7046,40.7381],[-73.7028,40.7385],[-73.7018,40.7383],[-73.7009,40.7387],[-73.7006,40.739],[-73.7,40.7393],[-73.7003,40.739],[-73.7015,40.7375],[-73.7023,40.7361],[-73.7033,40.7346],[-73.7039,40.7335],[-73.705,40.732],[-73.7058,40.7307],[-73.7071,40.7287],[-73.7086,40.7276],[-73.7105,40.7272],[-73.7105,40.7272]]],[[[-73.7486,40.7016],[-73.7493,40.7029],[-73.7499,40.7043],[-73.7505,40.7056],[-73.7512,40.7073],[-73.7521,40.7071],[-73.7523,40.7087],[-73.7518,40.7088],[-73.7525,40.7103],[-73.7541,40.7118],[-73.7532,40.7121],[-73.7536,40.7131],[-73.7528,40.7135],[-73.751,40.714],[-73.7479,40.7147],[-73.744,40.7156],[-73.7438,40.7157],[-73.7414,40.7162],[-73.7375,40.7172],[-73.7354,40.7179],[-73.7353,40.7181],[-73.7353,40.7185],[-73.7344,40.7189],[-73.7323,40.7203],[-73.7322,40.7202],[-73.7305,40.7203],[-73.7292,40.7193],[-73.7288,40.7179],[-73.7286,40.7169],[-73.7285,40.7167],[-73.7274,40.7124],[-73.727,40.7108],[-73.727,40.7107],[-73.7269,40.71],[-73.727,40.7075],[-73.7273,40.7058],[-73.7275,40.7058],[-73.7278,40.7058],[-73.7278,40.7038],[-73.7277,40.7023],[-73.7304,40.7016],[-73.7324,40.7024],[-73.7362,40.7025],[-73.7382,40.7019],[-73.741,40.702],[-73.7412,40.7018],[-73.7422,40.7021],[-73.7431,40.7024],[-73.7439,40.7028],[-73.745,40.7025],[-73.7468,40.7021],[-73.7482,40.7017],[-73.7486,40.7016],[-73.7486,40.7016]]]]}},{"type":"Feature","id":"11432","properties":{"modzcta":"11432"},"geometry":{"type":"MultiPolygon","coordinates":[[[[-73.8024,40.7019],[-73.8039,40.7015],[-73.8044,40.7021],[-73.8056,40.7047],[-73.8064,40.7062],[-73.8069,40.7074],[-73.8076,40.7087],[-73.8089,40.7106],[-73.8092,40.7115],[-73.8086,40.7124],[-73.8098,40.7128],[-73.8102,40.7143],[-73.8102,40.715],[-73.8102,40.7157],[-73.8078,40.7158],[-73.8078,40.7159],[-73.8081,40.7168],[-73.8088,40.717],[-73.81,40.717],[-73.8102,40.7171],[-73.8104,40.7171],[-73.8106,40.7171],[-73.8107,40.717],[-73.8118,40.7169],[-73.8118,40.7176],[-73.8086,40.7184],[-73.809,40.7199],[-73.8079,40.7203],[-73.8064,40.7208],[-73.8055,40.7211],[-73.8046,40.7214],[-73.8044,40.7215],[-73.8034,40.7219],[-73.802,40.7223],[-73.8002,40.7229],[-73.7985,40.7235],[-73.7968,40.7241],[-73.7951,40.7247],[-73.7933,40.7253],[-73.7917,40.7258],[-73.7909,40.726],[-73.7896,40.7264],[-73.789,40.7263],[-73.7887,40.7262],[-73.7884,40.7261],[-73.7857,40.7268],[-73.7862,40.7276],[-73.7848,40.728],[-73.7836,40.7284],[-73.7832,40.7276],[-73.7805,40.7278],[-73.7802,40.7271],[-73.7796,40.7258],[-73.7784,40.7239],[-73.7779,40.723],[-73.7776,40.7226],[-73.7773,40.7224],[-73.7772,40.7223],[-73.7768,40.7219],[-73.7762,40.7205],[-73.7757,40.719],[-73.7761,40.7188],[-73.7758,40.7177],[-73.7742,40.7165],[-73.7736,40.7151],[-73.7753,40.7147],[-73.7762,40.7145],[-73.7773,40.7142],[-73.7789,40.7138],[-73.78,40.7136],[-73.7806,40.7134],[-73.7823,40.713],[-73.7825,40.713],[-73.7817,40.711],[-73.7802,40.7085],[-73.7805,40.7084],[-73.7819,40.7082],[-73.7828,40.708],[-73.7833,40.7079],[-73.7843,40.7079],[-73.7857,40.7079],[-73.7876,40.7077],[-73.788,40.7076],[-73.7896,40.7072],[-73.7892,40.7062],[-73.7915,40.7067],[-73.7917,40.7049],[-73.794,40.7058],[-73.7938,40.704],[-73.7961,40.7033],[-73.7984,40.7027],[-73.8002,40.7033],[-73.8019,40.702],[-73.8024,40.7019]]]]}},{"type":"Feature","id":"11433","properties":{"modzcta":"11433"},"geometry":{"type":"MultiPolygon","coordinates":[[[[-73.7944,40.6869],[-73.7942,40.6878],[-73.7952,40.6881],[-73.795,40.6889],[-73.7961,40.6893],[-73.7968,40.69],[-73.7963,40.6908],[-73.7976,40.691],[-73.798,40.6916],[-73.7988,40.6925],[-73.7994,40.6931],[-73.8002,40.6936],[-73.8007,40.6939],[-73.7999,40.695],[-73.8012,40.6953],[-73.8021,40.6973],[-73.8026,40.6984],[-73.8024,40.7001],[-73.8022,40.7006],[-73.8025,40.7006],[-73.8035,40.7003],[-73.804,40.7011],[-73.8021,40.7016],[-73.8019,40.702],[-73.8002,40.7033],[-73.7984,40.7027],[-73.7961,40.7033],[-73.7938,40.704],[-73.794,40.7058],[-73.7917,40.7049],[-73.7915,40.7067],[-73.7892,40.7062],[-73.7896,40.7072],[-73.788,40.7076],[-73.7876,40.7077],[-73.7857,40.7079],[-73.7843,40.7079],[-73.7833,40.7079],[-73.7828,40.708],[-73.7819,40.7082],[-73.7805,40.7084],[-73.7797,40.7086],[-73.7794,40.7078],[-73.78,40.707],[-73.7822,40.7065],[-73.7831,40.7063],[-73.7766,40.7072],[-73.7723,40.7081],[-73.7728,40.708],[-73.7733,40.7078],[-73.7737,40.7076],[-73.7743,40.7074],[-73.7749,40.7071],[-73.7752,40.7068],[-73.7754,40.7064],[-73.7756,40.7061],[-73.7756,40.7057],[-73.7756,40.7053],[-73.7754,40.7046],[-73.775,40.7036],[-73.7732,40.7002],[-73.7715,40.698],[-73.7709,40.6974],[-73.7699,40.6963],[-73.7703,40.6961],[-73.7719,40.6952],[-73.7734,40.6944],[-73.7749,40.6935],[-73.7758,40.693],[-73.7775,40.693],[-73.7778,40.6943],[-73.7794,40.6936],[-73.7802,40.693],[-73.7809,40.6927],[-73.7808,40.691],[-73.7824,40.6903],[-73.7841,40.6896],[-73.7853,40.6892],[-73.7864,40.6888],[-73.7876,40.6884],[-73.7892,40.6881],[-73.7904,40.6878],[-73.7917,40.6881],[-73.7944,40.6869],[-73.7944,40.6869]]]]}},{"type":"Feature","id":"11434","properties":{"modzcta":"11434"},"geometry":{"type":"MultiPolygon","coordinates":[[[[-73.7546,40.6472],[-73.7538,40.6467],[-73.7505,40.6446],[-73.7501,40.6444],[-73.749,40.6436],[-73.7488,40.6434],[-73.7487,40.6433],[-73.7485,40.643],[-73.7483,40.6428],[-73.7481,40.6425],[-73.7478,40.6421],[-73.7476,40.6418],[-73.7476,40.6417],[-73.7475,40.6416],[-73.7475,40.6415],[-73.7474,40.6414],[-73.7474,40.6413],[-73.7474,40.6413],[-73.7475,40.6412],[-73.7475,40.6412],[-73.7475,40.6412],[-73.7475,40.6412],[-73.7475,40.6411],[-73.7475,40.6411],[-73.7475,40.6411],[-73.7475,40.6411],[-73.7475,40.6411],[-73.7475,40.6404],[-73.7474,40.6403],[-73.7474,40.6401],[-73.7475,40.6399],[-73.7475,40.6397],[-73.7475,40.6396],[-73.7475,40.6395],[-73.7476,40.6395],[-73.7475,40.6394],[-73.7475,40.6394],[-73.7475,40.6393],[-73.7476,40.6392],[-73.7476,40.639],[-73.7476,40.6389],[-73.7477,40.6388],[-73.7477,40.6387],[-73.7477,40.6386],[-73.7478,40.6384],[-73.7478,40.6383],[-73.7478,40.6383],[-73.7478,40.6383],[-73.7478,40.6382],[-73.7478,40.6382],[-73.7478,40.6382],[-73.7478,40.6381],[-73.7478,40.638],[-73.7479,40.6379],[-73.7479,40.6377],[-73.7479,40.6376],[-73.748,40.6375],[-73.748,40.6375],[-73.748,40.6373],[-73.748,40.6373],[-73.748,40.6372],[-73.748,40.6372],[-73.7481,40.6371],[-73.7481,40.6369],[-73.7481,40.6369],[-73.7481,40.6369],[-73.7482,40.6369],[-73.7483,40.6368],[-73.7484,40.6367],[-73.7484,40.6363],[-73.7485,40.636],[-73.7484,40.6358],[-73.7485,40.6355],[-73.7486,40.6354],[-73.7486,40.6354],[-73.7487,40.6353],[-73.7488,40.6352],[-73.749,40.6351],[-73.7491,40.6351],[-73.7492,40.635],[-73.7493,40.635],[-73.7494,40.6349],[-73.7497,40.6349],[-73.7499,40.6348],[-73.7499,40.6348],[-73.7501,40.6348],[-73.7503,40.6347],[-73.7505,40.6347],[-73.7507,40.6346],[-73.7508,40.6346],[-73.7508,40.6345],[-73.751,40.6344],[-73.7511,40.6343],[-73.7513,40.6343],[-73.7513,40.6342],[-73.7515,40.6342],[-73.7515,40.6341],[-73.7516,40.634],[-73.7518,40.634],[-73.752,40.6339],[-73.7521,40.6338],[-73.7522,40.6338],[-73.7523,40.6338],[-73.7524,40.6337],[-73.7526,40.6336],[-73.7527,40.6336],[-73.7531,40.6336],[-73.7534,40.6335],[-73.7535,40.6335],[-73.7535,40.6335],[-73.7535,40.6334],[-73.7537,40.6334],[-73.7538,40.6334],[-73.7538,40.6333],[-73.7538,40.6333],[-73.7539,40.6332],[-73.7541,40.6332],[-73.7542,40.6332],[-73.7543,40.6331],[-73.7543,40.6331],[-73.7544,40.6331],[-73.7544,40.6331],[-73.7545,40.6331],[-73.7546,40.633],[-73.7546,40.633],[-73.7547,40.6329],[-73.7548,40.6329],[-73.7548,40.6329],[-73.7549,40.6329],[-73.755,40.6328],[-73.755,40.6328],[-73.7551,40.6328],[-73.7551,40.6328],[-73.7552,40.6328],[-73.7552,40.6327],[-73.7553,40.6327],[-73.7553,40.6327],[-73.7553,40.6327],[-73.7554,40.6328],[-73.7554,40.6328],[-73.7555,40.6328],[-73.7556,40.6327],[-73.7556,40.6327],[-73.7556,40.6326],[-73.7557,40.6326],[-73.7557,40.6326],[-73.7558,40.6326],[-73.7558,40.6326],[-73.7558,40.6326],[-73.7559,40.6326],[-73.7559,40.6325],[-73.756,40.6325],[-73.7561,40.6325],[-73.7561,40.6325],[-73.7562,40.6325],[-73.7562,40.6325],[-73.7563,40.6325],[-73.7563,40.6325],[-73.7563,40.6324],[-73.7564,40.6324],[-73.7564,40.6324],[-73.7564,40.6324],[-73.7565,40.6324],[-73.7566,40.6324],[-73.7566,40.6323],[-73.7567,40.6323],[-73.7568,40.6323],[-73.7569,40.6323],[-73.757,40.6322],[-73.757,40.6322],[-73.7571,40.6322],[-73.7571,40.6322],[-73.7572,40.6322],[-73.7572,40.6322],[-73.7572,40.6322],[-73.7573,40.6321],[-73.7573,40.6321],[-73.7574,40.6321],[-73.7575,40.632],[-73.7575,40.632],[-73.7575,40.6319],[-73.7576,40.6319],[-73.7577,40.6319],[-73.7577,40.6318],[-73.7578,40.6318],[-73.7579,40.6318],[-73.758,40.6318],[-73.7581,40.6318],[-73.7582,40.6318],[-73.7583,40.6318],[-73.7584,40.6317],[-73.7584,40.6317],[-73.7585,40.6316],[-73.7586,40.6316],[-73.7586,40.6315],[-73.7587,40.6315],[-73.7589,40.6315],[-73.759,40.6315],[-73.7591,40.6314],[-73.7591,40.6314],[-73.7592,40.6314],[-73.7593,40.6314],[-73.7593,40.6313],[-73.7593,40.6313],[-73.7594,40.6312],[-73.7594,40.6312],[-73.7595,40.6311],[-73.7596,40.6311],[-73.7596,40.6311],[-73.7598,40.631],[-73.7599,40.631],[-73.7599,40.631],[-73.76,40.631],[-73.76,40.631],[-73.7601,40.6309],[-73.7601,40.6309],[-73.7602,40.6309],[-73.7603,40.6308],[-73.7603,40.6308],[-73.7604,40.6308],[-73.7604,40.6307],[-73.7605,40.6307],[-73.7606,40.6307],[-73.7607,40.6307],[-73.7607,40.6307],[-73.7608,40.6307],[-73.7608,40.6307],[-73.7608,40.6306],[-73.7609,40.6306],[-73.7609,40.6306],[-73.761,40.6306],[-73.7611,40.6305],[-73.7611,40.6305],[-73.7612,40.6305],[-73.7613,40.6305],[-73.7613,40.6305],[-73.7614,40.6305],[-73.7615,40.6305],[-73.7615,40.6304],[-73.7616,40.6304],[-73.7617,40.6304],[-73.7618,40.6304],[-73.7618,40.6303],[-73.7619,40.6303],[-73.762,40.6303],[-73.762,40.6303],[-73.762,40.6303],[-73.7621,40.6303],[-73.7621,40.6303],[-73.7622,40.6303],[-73.7622,40.6302],[-73.7623,40.6302],[-73.7623,40.6301],[-73.7624,40.6301],[-73.7626,40.63],[-73.7627,40.6299],[-73.7628,40.6299],[-73.7629,40.6298],[-73.763,40.6297],[-73.7631,40.6297],[-73.7632,40.6297],[-73.7632,40.6297],[-73.7632,40.6297],[-73.7632,40.6297],[-73.7633,40.6297],[-73.7633,40.6296],[-73.7634,40.6296],[-73.7634,40.6296],[-73.7634,40.6296],[-73.7634,40.6296],[-73.7635,40.6296],[-73.7635,40.6296],[-73.7635,40.6296],[-73.7636,40.6296],[-73.7636,40.6296],[-73.7636,40.6296],[-73.7636,40.6296],[-73.7636,40.6296],[-73.7636,40.6295],[-73.7636,40.6295],[-73.7637,40.6295],[-73.7638,40.6295],[-73.7638,40.6295],[-73.7639,40.6294],[-73.764,40.6294],[-73.7641,40.6294],[-73.7641,40.6294],[-73.7642,40.6293],[-73.7642,40.6293],[-73.7643,40.6293],[-73.7643,40.6293],[-73.7644,40.6293],[-73.7644,40.6292],[-73.7644,40.6292],[-73.7644,40.6292],[-73.7645,40.6292],[-73.7645,40.6292],[-73.7645,40.6292],[-73.7645,40.6292],[-73.7645,40.6292],[-73.7645,40.6292],[-73.7646,40.6292],[-73.7646,40.6292],[-73.7646,40.6292],[-73.7646,40.6293],[-73.7646,40.6293],[-73.7647,40.6293],[-73.7647,40.6293],[-73.7648,40.6293],[-73.7648,40.6294],[-73.7649,40.6294],[-73.7649,40.6294],[-73.7649,40.6294],[-73.765,40.6294],[-73.765,40.6294],[-73.765,40.6294],[-73.765,40.6294],[-73.765,40.6294],[-73.765,40.6294],[-73.765,40.6294],[-73.765,40.6294],[-73.765,40.6294],[-73.765,40.6293],[-73.765,40.6293],[-73.765,40.6293],[-73.765,40.6293],[-73.765,40.6293],[-73.7649,40.6293],[-73.7649,40.6293],[-73.7649,40.6293],[-73.7649,40.6292],[-73.7648,40.6292],[-73.7648,40.6292],[-73.7648,40.6292],[-73.7648,40.6292],[-73.7648,40.6292],[-73.7647,40.6292],[-73.7647,40.6292],[-73.7647,40.6292],[-73.7647,40.6292],[-73.7648,40.6292],[-73.7648,40.6291],[-73.7648,40.6291],[-73.7648,40.6291],[-73.7649,40.6291],[-73.765,40.6291],[-73.765,40.6291],[-73.7651,40.629],[-73.7651,40.629],[-73.7652,40.629],[-73.7652,40.629],[-73.7653,40.629],[-73.7653,40.6289],[-73.7655,40.6289],[-73.7656,40.6288],[-73.7657,40.6287],[-73.7658,40.6287],[-73.7659,40.6286],[-73.7659,40.6286],[-73.7661,40.6286],[-73.7662,40.6285],[-73.7665,40.6283],[-73.7665,40.6282],[-73.7667,40.628],[-73.7667,40.628],[-73.7667,40.6279],[-73.7668,40.6279],[-73.7668,40.6278],[-73.7668,40.6277],[-73.7669,40.6276],[-73.7669,40.6276],[-73.7669,40.6276],[-73.7669,40.6276],[-73.7669,40.6276],[-73.7669,40.6276],[-73.7669,40.6276],[-73.7669,40.6276],[-73.7669,40.6276],[-73.767,40.6275],[-73.767,40.6275],[-73.767,40.6275],[-73.767,40.6275],[-73.767,40.6275],[-73.767,40.6275],[-73.767,40.6274],[-73.767,40.6274],[-73.767,40.6273],[-73.767,40.6273],[-73.767,40.6273],[-73.767,40.6273],[-73.767,40.6273],[-73.7671,40.6273],[-73.7671,40.6273],[-73.7671,40.6272],[-73.7671,40.6272],[-73.7671,40.6271],[-73.7672,40.6269],[-73.7673,40.6268],[-73.7674,40.6267],[-73.7674,40.6266],[-73.7675,40.6266],[-73.7675,40.6265],[-73.7675,40.6265],[-73.7678,40.6261],[-73.7678,40.626],[-73.7678,40.6259],[-73.7678,40.6259],[-73.7679,40.6258],[-73.7681,40.6255],[-73.7682,40.6254],[-73.7683,40.6254],[-73.7683,40.6253],[-73.7683,40.6253],[-73.7683,40.6252],[-73.7683,40.6252],[-73.7683,40.6251],[-73.7683,40.6251],[-73.7684,40.625],[-73.7685,40.6249],[-73.7685,40.6249],[-73.7686,40.6247],[-73.7686,40.6246],[-73.7686,40.6246],[-73.7686,40.6245],[-73.7687,40.6244],[-73.7687,40.6244],[-73.7687,40.6244],[-73.7688,40.6243],[-73.7688,40.6243],[-73.7688,40.6243],[-73.7688,40.6242],[-73.7688,40.6242],[-73.7688,40.6242],[-73.7688,40.6242],[-73.7688,40.6242],[-73.7688,40.6241],[-73.7688,40.6241],[-73.7688,40.6241],[-73.7688,40.624],[-73.7688,40.624],[-73.7688,40.624],[-73.7688,40.624],[-73.7688,40.6239],[-73.7688,40.6239],[-73.7688,40.6239],[-73.7688,40.6238],[-73.7688,40.6238],[-73.7688,40.6238],[-73.7688,40.6237],[-73.7686,40.6235],[-73.7686,40.6234],[-73.7686,40.6232],[-73.7686,40.6232],[-73.7686,40.6231],[-73.7686,40.6231],[-73.7686,40.6231],[-73.7686,40.623],[-73.7686,40.623],[-73.7686,40.6229],[-73.7686,40.6228],[-73.7687,40.6228],[-73.7687,40.6227],[-73.7687,40.6227],[-73.7687,40.6227],[-73.7687,40.6226],[-73.7687,40.6226],[-73.7687,40.6226],[-73.7688,40.6226],[-73.7688,40.6225],[-73.7688,40.6225],[-73.7688,40.6225],[-73.7689,40.6225],[-73.7689,40.6225],[-73.7692,40.6223],[-73.7692,40.6222],[-73.7693,40.6222],[-73.7693,40.6221],[-73.7694,40.6221],[-73.7694,40.6221],[-73.7694,40.6221],[-73.7694,40.622],[-73.7694,40.622],[-73.7694,40.622],[-73.7695,40.622],[-73.7695,40.622],[-73.7695,40.622],[-73.7695,40.6221],[-73.7695,40.6221],[-73.7695,40.6221],[-73.7695,40.6221],[-73.7695,40.6221],[-73.7695,40.6221],[-73.7695,40.6221],[-73.7695,40.622],[-73.7696,40.622],[-73.7696,40.622],[-73.7696,40.6219],[-73.7696,40.6219],[-73.7696,40.6219],[-73.7696,40.6219],[-73.7696,40.6219],[-73.7696,40.6218],[-73.7697,40.6218],[-73.7697,40.6218],[-73.7697,40.6218],[-73.7697,40.6218],[-73.7697,40.6217],[-73.7697,40.6217],[-73.7697,40.6217],[-73.7697,40.6217],[-73.7697,40.6216],[-73.7698,40.6216],[-73.7698,40.6216],[-73.7698,40.6216],[-73.7698,40.6216],[-73.7698,40.6216],[-73.7698,40.6215],[-73.7698,40.6215],[-73.7698,40.6214],[-73.7698,40.6214],[-73.7698,40.6211],[-73.7698,40.6211],[-73.7699,40.621],[-73.7699,40.621],[-73.77,40.621],[-73.77,40.621],[-73.7701,40.6209],[-73.7701,40.6209],[-73.7701,40.6209],[-73.7701,40.6208],[-73.7701,40.6208],[-73.7701,40.6207],[-73.7701,40.6207],[-73.7702,40.6205],[-73.7704,40.6203],[-73.7704,40.6202],[-73.7705,40.6202],[-73.7706,40.6201],[-73.7708,40.62],[-73.7711,40.62],[-73.7714,40.6202],[-73.7716,40.6203],[-73.7717,40.6207],[-73.7716,40.6214],[-73.7714,40.6217],[-73.7712,40.6219],[-73.7711,40.6221],[-73.771,40.6223],[-73.7709,40.6224],[-73.7709,40.6225],[-73.771,40.6227],[-73.7709,40.6228],[-73.7708,40.6229],[-73.7708,40.623],[-73.7709,40.6231],[-73.7708,40.6232],[-73.7709,40.6233],[-73.771,40.6233],[-73.771,40.6233],[-73.7711,40.6233],[-73.7711,40.6233],[-73.7711,40.6232],[-73.7712,40.6232],[-73.7713,40.6233],[-73.7714,40.6233],[-73.7715,40.6233],[-73.7716,40.6234],[-73.7717,40.6236],[-73.7719,40.6238],[-73.7727,40.6246],[-73.7732,40.625],[-73.7734,40.625],[-73.7735,40.6251],[-73.7735,40.6251],[-73.7736,40.6252],[-73.7737,40.6253],[-73.7741,40.6258],[-73.7795,40.6273],[-73.7849,40.6266],[-73.7828,40.6294],[-73.7838,40.6306],[-73.785,40.6317],[-73.7859,40.6321],[-73.7869,40.6323],[-73.7878,40.633],[-73.7892,40.6339],[-73.7893,40.634],[-73.7894,40.634],[-73.7894,40.6341],[-73.7894,40.6342],[-73.7894,40.6343],[-73.7895,40.6342],[-73.7896,40.6341],[-73.7897,40.6341],[-73.7898,40.6341],[-73.7902,40.634],[-73.7904,40.634],[-73.7906,40.6339],[-73.7907,40.6339],[-73.7908,40.6338],[-73.7908,40.6338],[-73.7908,40.6339],[-73.7908,40.6339],[-73.7908,40.6339],[-73.7908,40.6339],[-73.7908,40.634],[-73.7907,40.6341],[-73.7907,40.6341],[-73.7907,40.6341],[-73.7907,40.6341],[-73.7907,40.6342],[-73.7907,40.6342],[-73.7907,40.6342],[-73.7908,40.6343],[-73.7911,40.6342],[-73.7913,40.6344],[-73.7913,40.6347],[-73.7917,40.6355],[-73.792,40.6356],[-73.7929,40.636],[-73.7932,40.6361],[-73.7934,40.6361],[-73.7937,40.6363],[-73.7939,40.6364],[-73.7943,40.6366],[-73.7944,40.6366],[-73.7947,40.6366],[-73.795,40.6368],[-73.7954,40.6371],[-73.7958,40.6372],[-73.7961,40.6374],[-73.7966,40.6377],[-73.7968,40.6377],[-73.797,40.6379],[-73.7973,40.638],[-73.7976,40.638],[-73.798,40.6382],[-73.7984,40.6383],[-73.7985,40.6383],[-73.7986,40.6384],[-73.7988,40.6384],[-73.7991,40.6384],[-73.7997,40.6387],[-73.8004,40.6391],[-73.8018,40.6398],[-73.8047,40.6409],[-73.8058,40.6416],[-73.8062,40.6417],[-73.8067,40.6418],[-73.8086,40.6428],[-73.81,40.6433],[-73.8108,40.6435],[-73.8115,40.644],[-73.8128,40.6445],[-73.8135,40.6446],[-73.8141,40.6449],[-73.8159,40.6457],[-73.816,40.6458],[-73.8162,40.6459],[-73.8163,40.646],[-73.8165,40.646],[-73.8167,40.6461],[-73.8169,40.6461],[-73.8172,40.6461],[-73.8174,40.6461],[-73.8176,40.6461],[-73.8178,40.6462],[-73.8181,40.6463],[-73.8183,40.6464],[-73.8185,40.6465],[-73.8188,40.6467],[-73.819,40.6469],[-73.8191,40.6471],[-73.8194,40.6474],[-73.8197,40.6478],[-73.82,40.6481],[-73.8203,40.6484],[-73.8206,40.6486],[-73.8209,40.6488],[-73.8211,40.649],[-73.8213,40.6493],[-73.8215,40.6495],[-73.8217,40.6497],[-73.8218,40.6499],[-73.8219,40.6501],[-73.822,40.6503],[-73.822,40.6505],[-73.822,40.6506],[-73.8221,40.6508],[-73.8222,40.651],[-73.8222,40.651],[-73.8222,40.6511],[-73.8222,40.6513],[-73.8223,40.6515],[-73.8224,40.6519],[-73.8225,40.652],[-73.8226,40.6522],[-73.8226,40.6524],[-73.8226,40.6527],[-73.8226,40.6529],[-73.8227,40.6531],[-73.8229,40.6534],[-73.823,40.6537],[-73.8231,40.654],[-73.8232,40.6542],[-73.8234,40.6561],[-73.8225,40.6592],[-73.8224,40.6593],[-73.8223,40.6594],[-73.8222,40.6595],[-73.8217,40.6599],[-73.8216,40.66],[-73.8214,40.66],[-73.8197,40.6607],[-73.819,40.661],[-73.8189,40.6611],[-73.8187,40.6611],[-73.8185,40.6611],[-73.8184,40.6611],[-73.8176,40.6609],[-73.8172,40.6609],[-73.8169,40.6608],[-73.8167,40.6608],[-73.8165,40.6607],[-73.816,40.6607],[-73.8154,40.6606],[-73.8152,40.6606],[-73.8146,40.6605],[-73.8139,40.6604],[-73.8138,40.6603],[-73.8133,40.6602],[-73.8126,40.6602],[-73.8123,40.6602],[-73.812,40.6602],[-73.8116,40.6602],[-73.8115,40.6602],[-73.8114,40.6603],[-73.8112,40.6605],[-73.8113,40.6606],[-73.8114,40.6606],[-73.8114,40.6607],[-73.8114,40.6607],[-73.8115,40.6607],[-73.8117,40.6608],[-73.8122,40.6609],[-73.8129,40.661],[-73.8141,40.6613],[-73.8141,40.6613],[-73.8149,40.6614],[-73.8153,40.6615],[-73.8162,40.6616],[-73.8169,40.6617],[-73.817,40.6618],[-73.8172,40.6618],[-73.8172,40.6618],[-73.8173,40.6618],[-73.8175,40.6619],[-73.8177,40.6619],[-73.8178,40.6619],[-73.8178,40.6619],[-73.818,40.662],[-73.8182,40.662],[-73.8184,40.662],[-73.8185,40.662],[-73.8185,40.6621],[-73.8187,40.662],[-73.8187,40.6621],[-73.8189,40.662],[-73.819,40.662],[-73.8191,40.662],[-73.8193,40.6619],[-73.8196,40.6618],[-73.8199,40.6617],[-73.8201,40.6616],[-73.8202,40.6615],[-73.8202,40.6615],[-73.8202,40.6615],[-73.8202,40.6615],[-73.8202,40.6615],[-73.8203,40.6615],[-73.8204,40.6615],[-73.8204,40.6615],[-73.8208,40.6613],[-73.8211,40.6612],[-73.8213,40.6611],[-73.8214,40.661],[-73.8216,40.6609],[-73.8219,40.6608],[-73.822,40.6608],[-73.8222,40.6607],[-73.8223,40.6606],[-73.8224,40.6606],[-73.8225,40.6606],[-73.8226,40.6606],[-73.8228,40.6605],[-73.8229,40.6605],[-73.823,40.6604],[-73.8232,40.6603],[-73.8234,40.6602],[-73.8235,40.6601],[-73.8241,40.6585],[-73.8241,40.6584],[-73.8241,40.6583],[-73.8241,40.6582],[-73.8241,40.658],[-73.8242,40.6579],[-73.8242,40.6579],[-73.8243,40.6578],[-73.8243,40.6577],[-73.8243,40.6576],[-73.8243,40.6575],[-73.8243,40.6574],[-73.8244,40.6573],[-73.8244,40.6572],[-73.825,40.6557],[-73.8249,40.6552],[-73.8246,40.654],[-73.8246,40.6539],[-73.8245,40.6538],[-73.8245,40.6538],[-73.8244,40.6537],[-73.8244,40.6536],[-73.8244,40.6535],[-73.8244,40.6534],[-73.8243,40.6533],[-73.8243,40.6532],[-73.8243,40.6531],[-73.8242,40.653],[-73.8242,40.6528],[-73.8242,40.6526],[-73.8241,40.6523],[-73.824,40.6522],[-73.824,40.6521],[-73.824,40.652],[-73.8239,40.6518],[-73.8239,40.6516],[-73.8238,40.6514],[-73.8237,40.6512],[-73.8237,40.6511],[-73.8237,40.651],[-73.8237,40.651],[-73.8237,40.6509],[-73.8237,40.6508],[-73.8237,40.6508],[-73.8237,40.6507],[-73.8236,40.6505],[-73.8235,40.6504],[-73.8235,40.6502],[-73.8235,40.6501],[-73.8235,40.6499],[-73.8235,40.6499],[-73.8235,40.6498],[-73.8235,40.6498],[-73.8235,40.6497],[-73.8234,40.6496],[-73.8234,40.6494],[-73.8233,40.6491],[-73.8229,40.6481],[-73.823,40.648],[-73.823,40.648],[-73.8231,40.648],[-73.8232,40.648],[-73.8234,40.6483],[-73.8235,40.6485],[-73.8236,40.6485],[-73.8237,40.6486],[-73.8238,40.6488],[-73.8239,40.6489],[-73.8239,40.6489],[-73.8239,40.649],[-73.8239,40.6491],[-73.8239,40.6491],[-73.8239,40.6492],[-73.824,40.6492],[-73.824,40.6493],[-73.8242,40.6493],[-73.8243,40.6494],[-73.8245,40.6495],[-73.8246,40.6496],[-73.8246,40.6497],[-73.8247,40.6497],[-73.8247,40.6497],[-73.8248,40.6497],[-73.8248,40.6497],[-73.8248,40.6497],[-73.8248,40.6497],[-73.8248,40.6496],[-73.8248,40.6496],[-73.8247,40.6495],[-73.8247,40.6495],[-73.8247,40.6495],[-73.8247,40.6494],[-73.8248,40.6494],[-73.8248,40.6494],[-73.8249,40.6494],[-73.825,40.6494],[-73.8251,40.6494],[-73.8251,40.6495],[-73.8252,40.6495],[-73.8253,40.6496],[-73.8255,40.6499],[-73.8256,40.6496],[-73.8256,40.6496],[-73.8256,40.6495],[-73.8257,40.6495],[-73.8257,40.6495],[-73.8258,40.6495],[-73.8259,40.6495],[-73.8259,40.6495],[-73.826,40.6495],[-73.826,40.6496],[-73.826,40.6496],[-73.826,40.6497],[-73.8261,40.6497],[-73.8261,40.65],[-73.8261,40.65],[-73.8261,40.6501],[-73.8262,40.6501],[-73.8262,40.6501],[-73.8263,40.6501],[-73.8263,40.65],[-73.8262,40.6499],[-73.8262,40.6499],[-73.8262,40.6498],[-73.8262,40.6498],[-73.8261,40.6498],[-73.8261,40.6497],[-73.8261,40.6497],[-73.8261,40.6497],[-73.8262,40.6496],[-73.8262,40.6496],[-73.8262,40.6496],[-73.8262,40.6495],[-73.8262,40.6495],[-73.8262,40.6495],[-73.8262,40.6495],[-73.8263,40.6494],[-73.8263,40.6494],[-73.8264,40.6494],[-73.8264,40.6493],[-73.8264,40.6492],[-73.8264,40.649],[-73.8264,40.6489],[-73.8263,40.6488],[-73.8263,40.6487],[-73.8263,40.6486],[-73.8263,40.6485],[-73.8263,40.6484],[-73.8263,40.6484],[-73.8264,40.6483],[-73.8267,40.6496],[-73.827,40.6509],[-73.8272,40.6518],[-73.8275,40.6528],[-73.8277,40.6537],[-73.8281,40.6553],[-73.8286,40.6572],[-73.8299,40.6597],[-73.8303,40.6604],[-73.8319,40.6637],[-73.8327,40.6654],[-73.8323,40.6653],[-73.8294,40.6644],[-73.8279,40.6639],[-73.8269,40.6637],[-73.8257,40.6636],[-73.8249,40.6636],[-73.823,40.6636],[-73.815,40.6625],[-73.8139,40.6626],[-73.8128,40.6627],[-73.8118,40.6629],[-73.8116,40.6632],[-73.811,40.6649],[-73.8105,40.6666],[-73.8104,40.6667],[-73.8098,40.6671],[-73.8078,40.667],[-73.8058,40.6669],[-73.8054,40.6669],[-73.8042,40.6669],[-73.8023,40.6668],[-73.8017,40.6668],[-73.8016,40.6668],[-73.8014,40.6667],[-73.8004,40.6667],[-73.7994,40.6665],[-73.799,40.6665],[-73.7985,40.6666],[-73.7981,40.6667],[-73.7971,40.667],[-73.7961,40.6669],[-73.795,40.667],[-73.794,40.667],[-73.7931,40.6671],[-73.7913,40.667],[-73.7894,40.6668],[-73.7888,40.6698],[-73.7881,40.673],[-73.7899,40.6733],[-73.7899,40.6752],[-73.7916,40.6757],[-73.7918,40.6776],[-73.7912,40.678],[-73.7917,40.6793],[-73.7921,40.6805],[-73.7925,40.6818],[-73.7926,40.6834],[-73.7927,40.6846],[-73.7946,40.6861],[-73.7944,40.6869],[-73.7917,40.6881],[-73.7904,40.6878],[-73.7892,40.6881],[-73.7876,40.6884],[-73.7864,40.6888],[-73.7853,40.6892],[-73.7841,40.6896],[-73.7824,40.6903],[-73.7808,40.691],[-73.7809,40.6927],[-73.7802,40.693],[-73.7794,40.6936],[-73.7778,40.6943],[-73.7775,40.693],[-73.7758,40.693],[-73.7749,40.6935],[-73.7734,40.6944],[-73.7719,40.6952],[-73.7703,40.6961],[-73.7699,40.6963],[-73.7693,40.6967],[-73.7676,40.695],[-73.7664,40.6939],[-73.7654,40.6921],[-73.7662,40.6922],[-73.765,40.69],[-73.7646,40.6893],[-73.7636,40.6873],[-73.7629,40.686],[-73.7623,40.6852],[-73.7618,40.6845],[-73.7608,40.6831],[-73.7593,40.6809],[-73.7581,40.6793],[-73.7587,40.679],[-73.7589,40.679],[-73.7591,40.6789],[-73.7594,40.6789],[-73.7596,40.6789],[-73.7598,40.679],[-73.7597,40.6787],[-73.7592,40.678],[-73.7588,40.6774],[-73.7579,40.6761],[-73.7595,40.6754],[-73.7611,40.6748],[-73.7634,40.6747],[-73.7635,40.6747],[-73.7636,40.6747],[-73.7637,40.6747],[-73.7638,40.6738],[-73.764,40.6728],[-73.7623,40.6719],[-73.7626,40.6708],[-73.7629,40.6692],[-73.7636,40.6672],[-73.764,40.667],[-73.7647,40.6669],[-73.7654,40.6668],[-73.7654,40.6667],[-73.7647,40.6665],[-73.7635,40.6663],[-73.7642,40.6648],[-73.765,40.6629],[-73.7655,40.6617],[-73.7662,40.6601],[-73.768,40.6603],[-73.7677,40.6589],[-73.7668,40.6585],[-73.7661,40.6579],[-73.7659,40.6567],[-73.7672,40.6562],[-73.7673,40.6561],[-73.7667,40.6558],[-73.7657,40.6553],[-73.7642,40.6544],[-73.7579,40.6509],[-73.7541,40.6487],[-73.7545,40.6484],[-73.7546,40.6472],[-73.7546,40.6472]]]]}},{"type":"Feature","id":"11435","properties":{"modzcta":"11435"},"geometry":{"type":"MultiPolygon","coordinates":[[[[-73.8058,40.6829],[-73.8066,40.6847],[-73.8073,40.6861],[-73.8081,40.6875],[-73.8087,40.6886],[-73.8091,40.6893],[-73.8095,40.69],[-73.81,40.6908],[-73.8106,40.6919],[-73.811,40.6926],[-73.8117,40.6939],[-73.812,40.6944],[-73.8122,40.6948],[-73.813,40.6961],[-73.8134,40.6968],[-73.8137,40.6972],[-73.8141,40.6979],[-73.8143,40.6983],[-73.8147,40.699],[-73.815,40.6996],[-73.8154,40.7003],[-73.8155,40.7005],[-73.8159,40.7015],[-73.8164,40.7025],[-73.8167,40.7032],[-73.8171,40.704],[-73.8174,40.7046],[-73.8182,40.7062],[-73.8186,40.7069],[-73.819,40.7075],[-73.8191,40.7077],[-73.8192,40.7079],[-73.8197,40.7088],[-73.8198,40.7091],[-73.82,40.7094],[-73.8203,40.7099],[-73.8205,40.7101],[-73.821,40.7105],[-73.8213,40.7108],[-73.8217,40.7112],[-73.8221,40.7115],[-73.8225,40.7118],[-73.8228,40.7121],[-73.8232,40.7123],[-73.8235,40.7127],[-73.8238,40.713],[-73.8243,40.7138],[-73.8246,40.7143],[-73.8248,40.7146],[-73.8255,40.7157],[-73.8256,40.7158],[-73.8257,40.7161],[-73.8257,40.7162],[-73.8252,40.7165],[-73.8235,40.7167],[-73.821,40.7169],[-73.8202,40.7167],[-73.8193,40.7171],[-73.819,40.7168],[-73.8188,40.7167],[-73.8184,40.7165],[-73.8178,40.7165],[-73.8167,40.7168],[-73.8171,40.7176],[-73.8171,40.7177],[-73.8151,40.7182],[-73.8129,40.7189],[-73.8121,40.719],[-73.8118,40.7176],[-73.8118,40.7169],[-73.8107,40.717],[-73.8106,40.7171],[-73.8104,40.7171],[-73.8102,40.7171],[-73.81,40.717],[-73.8088,40.717],[-73.8081,40.7168],[-73.8078,40.7159],[-73.8078,40.7158],[-73.8102,40.7157],[-73.8102,40.715],[-73.8102,40.7143],[-73.8098,40.7128],[-73.8086,40.7124],[-73.8092,40.7115],[-73.8089,40.7106],[-73.8076,40.7087],[-73.8069,40.7074],[-73.8064,40.7062],[-73.8056,40.7047],[-73.8044,40.7021],[-73.8031,40.7017],[-73.8021,40.7016],[-73.804,40.7011],[-73.8035,40.7003],[-73.8025,40.7006],[-73.8022,40.7006],[-73.8024,40.7001],[-73.8026,40.6984],[-73.8021,40.6973],[-73.8012,40.6953],[-73.7999,40.695],[-73.8007,40.6939],[-73.8002,40.6936],[-73.7994,40.6931],[-73.7988,40.6925],[-73.798,40.6916],[-73.7976,40.691],[-73.7963,40.6908],[-73.7968,40.69],[-73.7961,40.6893],[-73.795,40.6889],[-73.7952,40.6881],[-73.7942,40.6878],[-73.7944,40.6869],[-73.7946,40.6861],[-73.7963,40.6856],[-73.7977,40.6852],[-73.7986,40.685],[-73.7994,40.6847],[-73.8008,40.6843],[-73.8026,40.6838],[-73.8043,40.6833],[-73.8057,40.683],[-73.8058,40.6829]]]]}},{"type":"Feature","id":"11694","properties":{"modzcta":"11694"},"geometry":{"type":"MultiPolygon","coordinates":[[[[-73.865,40.5666],[-73.8656,40.5676],[-73.8673,40.568],[-73.8662,40.5684],[-73.8645,40.5691],[-73.8652,40.5705],[-73.8666,40.5731],[-73.8636,40.5738],[-73.8639,40.575],[-73.8634,40.5753],[-73.8627,40.5759],[-73.8628,40.5759],[-73.8606,40.5773],[-73.8591,40.5781],[-73.8576,40.5789],[-73.8561,40.5797],[-73.8546,40.5805],[-73.8531,40.5813],[-73.8513,40.5818],[-73.8493,40.5822],[-73.8482,40.5821],[-73.8463,40.5818],[-73.8451,40.5816],[-73.8432,40.5817],[-73.8423,40.5817],[-73.8403,40.5818],[-73.8393,40.5819],[-73.8392,40.5821],[-73.8391,40.5823],[-73.839,40.5824],[-73.839,40.5825],[-73.8389,40.5825],[-73.8388,40.5826],[-73.8387,40.5827],[-73.8387,40.5827],[-73.8385,40.5827],[-73.8383,40.5828],[-73.8382,40.5827],[-73.8375,40.5828],[-73.8365,40.5828],[-73.8312,40.5841],[-73.8312,40.5842],[-73.83,40.5845],[-73.8292,40.5847],[-73.8292,40.5847],[-73.8285,40.5849],[-73.8284,40.5851],[-73.8283,40.5857],[-73.8282,40.5858],[-73.8282,40.5859],[-73.8282,40.5859],[-73.8281,40.586],[-73.828,40.5861],[-73.8278,40.5861],[-73.8252,40.5869],[-73.8248,40.587],[-73.8233,40.5875],[-73.8232,40.5875],[-73.8231,40.5875],[-73.823,40.5875],[-73.8229,40.5875],[-73.8228,40.5875],[-73.8226,40.5874],[-73.8225,40.5873],[-73.8215,40.5868],[-73.8204,40.5873],[-73.8197,40.5877],[-73.8193,40.5879],[-73.8192,40.588],[-73.8191,40.588],[-73.8191,40.5878],[-73.819,40.5876],[-73.8193,40.5874],[-73.8201,40.587],[-73.8193,40.5858],[-73.8196,40.5846],[-73.8177,40.5832],[-73.8173,40.5833],[-73.8171,40.5833],[-73.8167,40.5833],[-73.8163,40.5834],[-73.816,40.5834],[-73.8158,40.5834],[-73.8155,40.5835],[-73.8157,40.5833],[-73.8175,40.5828],[-73.8176,40.5823],[-73.8184,40.5821],[-73.819,40.5819],[-73.8193,40.5818],[-73.8196,40.5817],[-73.8205,40.5815],[-73.8213,40.5813],[-73.8221,40.5811],[-73.8223,40.5811],[-73.8226,40.5809],[-73.8232,40.5807],[-73.824,40.5805],[-73.8244,40.5804],[-73.8247,40.5803],[-73.8252,40.5801],[-73.8262,40.5798],[-73.8269,40.5796],[-73.8276,40.5793],[-73.8284,40.5791],[-73.8288,40.579],[-73.8293,40.5789],[-73.8296,40.5788],[-73.8297,40.5788],[-73.8299,40.5788],[-73.8302,40.5787],[-73.8305,40.5787],[-73.8309,40.5785],[-73.8313,40.5785],[-73.8316,40.5784],[-73.832,40.5782],[-73.8323,40.5781],[-73.8329,40.5779],[-73.8334,40.5778],[-73.8339,40.5777],[-73.8345,40.5773],[-73.8347,40.5773],[-73.8354,40.577],[-73.8359,40.5768],[-73.8362,40.5767],[-73.8364,40.5766],[-73.8371,40.5763],[-73.8378,40.5759],[-73.8383,40.5758],[-73.8386,40.5756],[-73.8396,40.5753],[-73.8414,40.5747],[-73.8429,40.5742],[-73.8445,40.5736],[-73.8462,40.573],[-73.847,40.5727],[-73.8485,40.5721],[-73.8488,40.5721],[-73.8489,40.572],[-73.8492,40.5719],[-73.8494,40.5718],[-73.8496,40.5717],[-73.8498,40.5717],[-73.8502,40.5715],[-73.8505,40.5714],[-73.8509,40.5713],[-73.8512,40.5712],[-73.8515,40.5711],[-73.8518,40.5709],[-73.8522,40.5707],[-73.8531,40.5705],[-73.8536,40.5703],[-73.8538,40.5703],[-73.8541,40.5703],[-73.8544,40.5701],[-73.8549,40.5699],[-73.855,40.5699],[-73.8552,40.5698],[-73.8557,40.5696],[-73.856,40.5695],[-73.8562,40.5694],[-73.8566,40.5693],[-73.8569,40.5692],[-73.8573,40.569],[-73.8577,40.5689],[-73.8578,40.5689],[-73.8583,40.5686],[-73.8591,40.5683],[-73.8594,40.5682],[-73.8596,40.5682],[-73.8598,40.5681],[-73.86,40.568],[-73.8612,40.5675],[-73.8621,40.567],[-73.8624,40.5669],[-73.8627,40.5668],[-73.8629,40.5668],[-73.8627,40.5665],[-73.8627,40.5665],[-73.8627,40.5665],[-73.863,40.5668],[-73.8632,40.567],[-73.8634,40.567],[-73.8636,40.567],[-73.8639,40.5669],[-73.8645,40.5667],[-73.8648,40.5667],[-73.8648,40.5666],[-73.865,40.5666]]]]}},{"type":"Feature","id":"11697","properties":{"modzcta":"11697"},"geometry":{"type":"MultiPolygon","coordinates":[[[[-73.8629,40.5761],[-73.8628,40.5759],[-73.8633,40.5754],[-73.864,40.575],[-73.8634,40.5741],[-73.8645,40.5735],[-73.8663,40.5724],[-73.8645,40.5692],[-73.8653,40.5688],[-73.8668,40.5682],[-73.8669,40.5672],[-73.8656,40.5676],[-73.8651,40.5666],[-73.8654,40.5666],[-73.8656,40.5666],[-73.8657,40.5665],[-73.8659,40.5664],[-73.8664,40.5661],[-73.8666,40.5661],[-73.8665,40.566],[-73.8667,40.5661],[-73.8668,40.5661],[-73.8669,40.5661],[-73.867,40.5661],[-73.8671,40.566],[-73.8674,40.5659],[-73.8675,40.5659],[-73.8677,40.5658],[-73.8678,40.5658],[-73.8679,40.5657],[-73.868,40.5657],[-73.8681,40.5656],[-73.8682,40.5656],[-73.8684,40.5655],[-73.8684,40.5655],[-73.8684,40.5655],[-73.8685,40.5655],[-73.8684,40.5653],[-73.8685,40.5655],[-73.8686,40.5655],[-73.8689,40.5655],[-73.8691,40.5654],[-73.8695,40.5653],[-73.8697,40.5652],[-73.87,40.5651],[-73.8704,40.5649],[-73.8706,40.5648],[-73.8705,40.5646],[-73.8706,40.5648],[-73.8707,40.5648],[-73.8709,40.5648],[-73.8711,40.5647],[-73.8712,40.5646],[-73.8714,40.5646],[-73.8716,40.5645],[-73.8719,40.5644],[-73.8725,40.5641],[-73.8726,40.5641],[-73.8726,40.5639],[-73.8727,40.564],[-73.8727,40.564],[-73.8727,40.5641],[-73.8727,40.5641],[-73.8728,40.5641],[-73.8729,40.5641],[-73.873,40.5641],[-73.8731,40.5641],[-73.8732,40.5641],[-73.8733,40.564],[-73.8734,40.564],[-73.8735,40.564],[-73.8736,40.5639],[-73.8738,40.5639],[-73.8739,40.5639],[-73.874,40.5638],[-73.874,40.5638],[-73.874,40.5638],[-73.8741,40.5638],[-73.8742,40.5638],[-73.8743,40.5637],[-73.8744,40.5637],[-73.8745,40.5637],[-73.8746,40.5636],[-73.8747,40.5636],[-73.8747,40.5636],[-73.8746,40.5635],[-73.8747,40.5635],[-73.8748,40.5635],[-73.8749,40.5635],[-73.875,40.5635],[-73.8751,40.5635],[-73.8752,40.5635],[-73.8752,40.5634],[-73.8753,40.5634],[-73.8753,40.5634],[-73.8754,40.5634],[-73.8754,40.5633],[-73.8754,40.5634],[-73.8755,40.5634],[-73.8755,40.5633],[-73.8756,40.5633],[-73.8757,40.5633],[-73.8757,40.5633],[-73.8758,40.5633],[-73.8758,40.5632],[-73.8759,40.5632],[-73.876,40.5632],[-73.876,40.5632],[-73.876,40.5631],[-73.8761,40.5632],[-73.8761,40.5631],[-73.8762,40.5631],[-73.8763,40.5631],[-73.8763,40.5631],[-73.8764,40.5631],[-73.8764,40.563],[-73.8765,40.563],[-73.8765,40.563],[-73.8765,40.563],[-73.8766,40.563],[-73.8766,40.5629],[-73.8766,40.5629],[-73.8767,40.5629],[-73.8767,40.5629],[-73.8767,40.5629],[-73.8767,40.5628],[-73.8768,40.5629],[-73.8768,40.5629],[-73.8769,40.5628],[-73.8769,40.5628],[-73.877,40.5628],[-73.877,40.5628],[-73.8771,40.5628],[-73.8771,40.5627],[-73.8772,40.5627],[-73.8772,40.5627],[-73.8772,40.5627],[-73.8773,40.5627],[-73.8773,40.5627],[-73.8773,40.5627],[-73.8773,40.5626],[-73.8774,40.5626],[-73.8774,40.5626],[-73.8776,40.5626],[-73.8778,40.5625],[-73.878,40.5624],[-73.8781,40.5624],[-73.8783,40.5623],[-73.8785,40.5622],[-73.8787,40.5621],[-73.8789,40.562],[-73.8792,40.5619],[-73.8795,40.5618],[-73.8796,40.5618],[-73.8796,40.5618],[-73.8796,40.5618],[-73.8797,40.5618],[-73.8797,40.5617],[-73.8798,40.5617],[-73.8798,40.5617],[-73.8798,40.5617],[-73.8799,40.5617],[-73.8799,40.5617],[-73.8799,40.5617],[-73.8799,40.5616],[-73.88,40.5616],[-73.88,40.5616],[-73.88,40.5616],[-73.8801,40.5616],[-73.8801,40.5616],[-73.8802,40.5616],[-73.8802,40.5615],[-73.8803,40.5615],[-73.8803,40.5615],[-73.8803,40.5615],[-73.8803,40.5615],[-73.8803,40.5614],[-73.8803,40.5614],[-73.8803,40.5614],[-73.8803,40.5614],[-73.8804,40.5614],[-73.8804,40.5614],[-73.8804,40.5615],[-73.8805,40.5615],[-73.8805,40.5615],[-73.8806,40.5615],[-73.8806,40.5615],[-73.8806,40.5615],[-73.8807,40.5615],[-73.8807,40.5615],[-73.8807,40.5614],[-73.8808,40.5614],[-73.8808,40.5614],[-73.8808,40.5614],[-73.8809,40.5614],[-73.8809,40.5614],[-73.881,40.5614],[-73.881,40.5614],[-73.881,40.5614],[-73.8811,40.5614],[-73.8811,40.5614],[-73.8811,40.5614],[-73.8812,40.5614],[-73.8812,40.5614],[-73.8813,40.5614],[-73.8813,40.5614],[-73.8813,40.5614],[-73.8814,40.5613],[-73.8814,40.5613],[-73.8815,40.5613],[-73.8815,40.5613],[-73.8815,40.5613],[-73.8816,40.5613],[-73.8816,40.5612],[-73.8817,40.5612],[-73.8817,40.5612],[-73.8817,40.5612],[-73.8818,40.5612],[-73.8818,40.5612],[-73.8818,40.5611],[-73.8819,40.5611],[-73.8819,40.5611],[-73.8819,40.5611],[-73.8819,40.5611],[-73.882,40.5611],[-73.882,40.5611],[-73.8821,40.561],[-73.8821,40.561],[-73.8821,40.561],[-73.8822,40.561],[-73.8822,40.561],[-73.8823,40.561],[-73.8823,40.5609],[-73.8824,40.5609],[-73.8824,40.5609],[-73.8824,40.5609],[-73.8824,40.5608],[-73.8824,40.5608],[-73.8824,40.5608],[-73.8824,40.5608],[-73.8825,40.5609],[-73.8825,40.5609],[-73.8825,40.5609],[-73.8826,40.5609],[-73.8826,40.5609],[-73.8827,40.5609],[-73.8827,40.5609],[-73.8827,40.5609],[-73.8828,40.5609],[-73.8828,40.5609],[-73.8828,40.5609],[-73.8829,40.5609],[-73.8829,40.5609],[-73.883,40.5609],[-73.883,40.5609],[-73.8831,40.5609],[-73.8831,40.5609],[-73.8831,40.5609],[-73.8832,40.5609],[-73.8832,40.5609],[-73.8833,40.5609],[-73.8833,40.5608],[-73.8833,40.5608],[-73.8834,40.5608],[-73.8834,40.5608],[-73.8834,40.5608],[-73.8835,40.5608],[-73.8835,40.5607],[-73.8835,40.5607],[-73.8836,40.5607],[-73.8836,40.5607],[-73.8837,40.5607],[-73.8837,40.5606],[-73.8837,40.5606],[-73.8838,40.5606],[-73.8838,40.5606],[-73.8839,40.5606],[-73.8839,40.5606],[-73.8839,40.5605],[-73.884,40.5605],[-73.884,40.5605],[-73.8841,40.5605],[-73.8841,40.5605],[-73.8842,40.5605],[-73.8842,40.5604],[-73.8843,40.5604],[-73.8843,40.5604],[-73.8843,40.5604],[-73.8843,40.5604],[-73.8844,40.5604],[-73.8844,40.5604],[-73.8845,40.5604],[-73.8845,40.5603],[-73.8845,40.5603],[-73.8846,40.5603],[-73.8846,40.5603],[-73.8846,40.5603],[-73.8847,40.5603],[-73.8847,40.5603],[-73.8847,40.5602],[-73.8848,40.5602],[-73.8848,40.5602],[-73.8848,40.5602],[-73.8849,40.5602],[-73.8849,40.5601],[-73.8848,40.5601],[-73.8848,40.5601],[-73.8849,40.56],[-73.8849,40.5601],[-73.8849,40.5601],[-73.885,40.5602],[-73.885,40.5602],[-73.8851,40.5602],[-73.8851,40.5602],[-73.8852,40.5601],[-73.8852,40.5601],[-73.8852,40.5601],[-73.8852,40.5601],[-73.8853,40.5601],[-73.8853,40.5601],[-73.8854,40.5601],[-73.8854,40.5601],[-73.8855,40.5601],[-73.8855,40.5601],[-73.8855,40.5601],[-73.8856,40.5601],[-73.8856,40.5601],[-73.8856,40.5601],[-73.8857,40.56],[-73.8857,40.56],[-73.8858,40.56],[-73.8858,40.56],[-73.8858,40.56],[-73.8859,40.56],[-73.8859,40.56],[-73.8859,40.56],[-73.886,40.56],[-73.886,40.56],[-73.8861,40.5599],[-73.8861,40.5599],[-73.8862,40.5599],[-73.8862,40.5599],[-73.8862,40.5599],[-73.8863,40.5599],[-73.8863,40.5598],[-73.8864,40.5598],[-73.8864,40.5598],[-73.8864,40.5598],[-73.8865,40.5598],[-73.8865,40.5598],[-73.8865,40.5597],[-73.8866,40.5597],[-73.8866,40.5597],[-73.8866,40.5597],[-73.8867,40.5597],[-73.8867,40.5597],[-73.8867,40.5597],[-73.8868,40.5596],[-73.8868,40.5596],[-73.8869,40.5596],[-73.8869,40.5596],[-73.8869,40.5596],[-73.887,40.5596],[-73.887,40.5595],[-73.887,40.5595],[-73.887,40.5594],[-73.887,40.5594],[-73.8871,40.5595],[-73.8871,40.5595],[-73.8871,40.5595],[-73.8872,40.5595],[-73.8872,40.5595],[-73.8872,40.5595],[-73.8873,40.5595],[-73.8873,40.5595],[-73.8874,40.5595],[-73.8874,40.5595],[-73.8874,40.5595],[-73.8875,40.5595],[-73.8875,40.5595],[-73.8876,40.5595],[-73.8876,40.5595],[-73.8876,40.5595],[-73.8877,40.5595],[-73.8877,40.5595],[-73.8877,40.5595],[-73.8878,40.5595],[-73.8878,40.5595],[-73.8879,40.5595],[-73.8879,40.5595],[-73.8879,40.5595],[-73.888,40.5595],[-73.888,40.5595],[-73.888,40.5595],[-73.888,40.5594],[-73.8881,40.5594],[-73.8881,40.5594],[-73.8881,40.5594],[-73.8882,40.5594],[-73.8882,40.5594],[-73.8883,40.5594],[-73.8883,40.5594],[-73.8883,40.5593],[-73.8883,40.5593],[-73.8884,40.5593],[-73.8884,40.5593],[-73.8885,40.5593],[-73.8885,40.5593],[-73.8885,40.5592],[-73.8886,40.5592],[-73.8886,40.5592],[-73.8886,40.5592],[-73.8887,40.5592],[-73.8887,40.5592],[-73.8887,40.5592],[-73.8888,40.5591],[-73.8888,40.5591],[-73.8888,40.5591],[-73.8889,40.5591],[-73.8889,40.5591],[-73.8889,40.5591],[-73.889,40.5591],[-73.889,40.5591],[-73.889,40.5591],[-73.8891,40.559],[-73.8891,40.559],[-73.8891,40.559],[-73.8892,40.559],[-73.8892,40.559],[-73.8892,40.559],[-73.8893,40.559],[-73.8893,40.5589],[-73.8893,40.5589],[-73.8894,40.5589],[-73.8894,40.5589],[-73.8894,40.5589],[-73.8895,40.5589],[-73.8895,40.5589],[-73.8895,40.5589],[-73.8895,40.5588],[-73.8896,40.5588],[-73.8896,40.5588],[-73.8896,40.5588],[-73.8896,40.5587],[-73.8897,40.5588],[-73.8897,40.5588],[-73.8898,40.5588],[-73.8898,40.5588],[-73.8899,40.5588],[-73.8899,40.5588],[-73.8899,40.5588],[-73.89,40.5588],[-73.89,40.5588],[-73.89,40.5588],[-73.8901,40.5588],[-73.8901,40.5588],[-73.8901,40.5588],[-73.8902,40.5588],[-73.8902,40.5588],[-73.8902,40.5588],[-73.8903,40.5588],[-73.8903,40.5588],[-73.8903,40.5588],[-73.8903,40.5588],[-73.8904,40.5588],[-73.8904,40.5587],[-73.8905,40.5587],[-73.8905,40.5587],[-73.8905,40.5587],[-73.8906,40.5587],[-73.8906,40.5587],[-73.8906,40.5587],[-73.8907,40.5587],[-73.8907,40.5586],[-73.8907,40.5586],[-73.8908,40.5586],[-73.8908,40.5586],[-73.8908,40.5586],[-73.8909,40.5586],[-73.8909,40.5586],[-73.8909,40.5586],[-73.891,40.5585],[-73.891,40.5585],[-73.891,40.5585],[-73.8911,40.5585],[-73.8911,40.5585],[-73.8911,40.5585],[-73.8912,40.5585],[-73.8912,40.5585],[-73.8912,40.5584],[-73.8913,40.5584],[-73.8913,40.5584],[-73.8913,40.5584],[-73.8914,40.5584],[-73.8914,40.5584],[-73.8914,40.5584],[-73.8915,40.5584],[-73.8915,40.5583],[-73.8915,40.5583],[-73.8915,40.5583],[-73.8916,40.5583],[-73.8916,40.5583],[-73.8916,40.5583],[-73.8917,40.5583],[-73.8917,40.5583],[-73.8917,40.5582],[-73.8917,40.5582],[-73.8918,40.5582],[-73.8918,40.5582],[-73.8918,40.5582],[-73.8918,40.5582],[-73.8919,40.5582],[-73.8919,40.5582],[-73.8919,40.5581],[-73.892,40.5581],[-73.892,40.5581],[-73.892,40.5581],[-73.892,40.5581],[-73.8921,40.5581],[-73.8921,40.558],[-73.8921,40.5579],[-73.8922,40.5579],[-73.8923,40.558],[-73.8923,40.558],[-73.8923,40.558],[-73.8924,40.5581],[-73.8924,40.5581],[-73.8924,40.5581],[-73.8924,40.5581],[-73.8925,40.5581],[-73.8925,40.5581],[-73.8925,40.5581],[-73.8926,40.5581],[-73.8926,40.5581],[-73.8927,40.5581],[-73.8927,40.5581],[-73.8927,40.5581],[-73.8928,40.5581],[-73.8928,40.5581],[-73.8928,40.5581],[-73.8929,40.5581],[-73.8929,40.5581],[-73.8929,40.5581],[-73.893,40.5581],[-73.893,40.5581],[-73.893,40.5581],[-73.8931,40.5581],[-73.8931,40.558],[-73.8932,40.558],[-73.8932,40.558],[-73.8932,40.558],[-73.8932,40.558],[-73.8933,40.558],[-73.8933,40.558],[-73.8933,40.558],[-73.8934,40.558],[-73.8934,40.558],[-73.8934,40.558],[-73.8935,40.5579],[-73.8935,40.5579],[-73.8935,40.5579],[-73.8936,40.5579],[-73.8936,40.5579],[-73.8936,40.5579],[-73.8936,40.5579],[-73.8937,40.5578],[-73.8937,40.5578],[-73.8937,40.5578],[-73.8937,40.5578],[-73.8938,40.5578],[-73.8938,40.5578],[-73.8938,40.5578],[-73.8939,40.5578],[-73.8939,40.5577],[-73.8939,40.5577],[-73.894,40.5577],[-73.894,40.5577],[-73.894,40.5577],[-73.894,40.5577],[-73.8941,40.5577],[-73.8941,40.5577],[-73.8941,40.5576],[-73.8942,40.5576],[-73.8942,40.5576],[-73.8942,40.5576],[-73.8942,40.5576],[-73.8943,40.5576],[-73.8943,40.5576],[-73.8943,40.5575],[-73.8944,40.5575],[-73.8944,40.5575],[-73.8944,40.5575],[-73.8945,40.5575],[-73.8945,40.5575],[-73.8945,40.5575],[-73.8946,40.5575],[-73.8946,40.5574],[-73.8946,40.5574],[-73.8947,40.5574],[-73.8947,40.5574],[-73.8947,40.5574],[-73.8948,40.5574],[-73.8948,40.5574],[-73.8948,40.5573],[-73.8949,40.5573],[-73.8949,40.5573],[-73.8949,40.5573],[-73.8949,40.5573],[-73.895,40.5573],[-73.895,40.5573],[-73.8949,40.5571],[-73.8949,40.5571],[-73.8949,40.5571],[-73.895,40.5571],[-73.895,40.5573],[-73.8951,40.5573],[-73.8951,40.5573],[-73.8951,40.5573],[-73.8951,40.5573],[-73.8951,40.5573],[-73.8952,40.5574],[-73.8952,40.5574],[-73.8952,40.5574],[-73.8952,40.5574],[-73.8953,40.5574],[-73.8953,40.5574],[-73.8953,40.5574],[-73.8954,40.5574],[-73.8954,40.5574],[-73.8954,40.5574],[-73.8955,40.5574],[-73.8955,40.5574],[-73.8955,40.5574],[-73.8956,40.5574],[-73.8956,40.5574],[-73.8957,40.5574],[-73.8957,40.5574],[-73.8957,40.5574],[-73.8958,40.5574],[-73.8958,40.5574],[-73.8958,40.5574],[-73.8958,40.5573],[-73.8959,40.5573],[-73.8959,40.5573],[-73.8959,40.5573],[-73.8959,40.5573],[-73.896,40.5573],[-73.896,40.5572],[-73.8961,40.5572],[-73.8961,40.5572],[-73.8962,40.5572],[-73.8962,40.5572],[-73.8963,40.5572],[-73.8963,40.5572],[-73.8964,40.5571],[-73.8964,40.5571],[-73.8964,40.5571],[-73.8964,40.5571],[-73.8965,40.5571],[-73.8965,40.5571],[-73.8966,40.5571],[-73.8966,40.557],[-73.8967,40.557],[-73.8967,40.557],[-73.8967,40.557],[-73.8968,40.557],[-73.8968,40.557],[-73.8968,40.557],[-73.8968,40.5569],[-73.8969,40.5569],[-73.8969,40.5569],[-73.897,40.5569],[-73.897,40.5569],[-73.897,40.5569],[-73.897,40.5569],[-73.897,40.5568],[-73.8971,40.5568],[-73.8971,40.5568],[-73.8971,40.5568],[-73.8971,40.5567],[-73.8971,40.5567],[-73.8971,40.5567],[-73.8971,40.5567],[-73.8971,40.5567],[-73.8971,40.5567],[-73.8971,40.5567],[-73.8971,40.5567],[-73.8972,40.5568],[-73.8972,40.5568],[-73.8972,40.5568],[-73.8972,40.5568],[-73.8972,40.5569],[-73.8972,40.5569],[-73.8973,40.5569],[-73.8973,40.5569],[-73.8973,40.5569],[-73.8973,40.557],[-73.8973,40.557],[-73.8974,40.557],[-73.8974,40.557],[-73.8975,40.557],[-73.8975,40.557],[-73.8975,40.557],[-73.8976,40.5571],[-73.8976,40.5571],[-73.8977,40.5571],[-73.8977,40.5571],[-73.8977,40.5571],[-73.8977,40.5571],[-73.8978,40.5571],[-73.8978,40.5571],[-73.8979,40.5571],[-73.8979,40.5571],[-73.898,40.5571],[-73.898,40.5571],[-73.898,40.5571],[-73.8981,40.5571],[-73.8981,40.5571],[-73.8982,40.5571],[-73.8982,40.5571],[-73.8982,40.5571],[-73.8983,40.5571],[-73.8983,40.5571],[-73.8984,40.557],[-73.8984,40.557],[-73.8985,40.557],[-73.8985,40.557],[-73.8985,40.557],[-73.8986,40.557],[-73.8986,40.557],[-73.8986,40.557],[-73.8987,40.557],[-73.8987,40.5569],[-73.8987,40.5569],[-73.8988,40.5569],[-73.8988,40.5569],[-73.8989,40.5569],[-73.8989,40.5569],[-73.899,40.5569],[-73.899,40.5568],[-73.899,40.5568],[-73.8991,40.5568],[-73.8991,40.5568],[-73.8991,40.5568],[-73.8991,40.5567],[-73.8991,40.5567],[-73.8991,40.5566],[-73.8991,40.5566],[-73.8991,40.5566],[-73.8992,40.5566],[-73.8992,40.5567],[-73.8992,40.5567],[-73.8994,40.5567],[-73.8996,40.5567],[-73.8997,40.5567],[-73.8998,40.5566],[-73.8998,40.5565],[-73.8998,40.5565],[-73.8998,40.5565],[-73.8998,40.5565],[-73.8998,40.5565],[-73.8999,40.5565],[-73.8999,40.5566],[-73.8999,40.5566],[-73.9001,40.5566],[-73.9003,40.5566],[-73.9005,40.5566],[-73.9005,40.5565],[-73.9005,40.5565],[-73.9005,40.5565],[-73.9006,40.5564],[-73.9006,40.5564],[-73.9006,40.5564],[-73.9006,40.5564],[-73.9006,40.5564],[-73.9006,40.5565],[-73.9006,40.5565],[-73.9007,40.5566],[-73.9007,40.5566],[-73.901,40.5567],[-73.9012,40.5568],[-73.9014,40.5568],[-73.9018,40.5568],[-73.9021,40.5568],[-73.9026,40.5568],[-73.903,40.5567],[-73.9035,40.5566],[-73.9041,40.5565],[-73.9048,40.5563],[-73.9056,40.556],[-73.9063,40.5558],[-73.9069,40.5556],[-73.9076,40.5554],[-73.9082,40.5551],[-73.9088,40.5548],[-73.9163,40.552],[-73.9178,40.5513],[-73.9195,40.5506],[-73.9277,40.5476],[-73.9305,40.5464],[-73.9341,40.5452],[-73.9348,40.545],[-73.9355,40.5448],[-73.9361,40.5445],[-73.9368,40.5443],[-73.9374,40.544],[-73.938,40.5437],[-73.9384,40.5435],[-73.9387,40.5433],[-73.9391,40.5432],[-73.9395,40.5431],[-73.9399,40.543],[-73.9403,40.5429],[-73.9406,40.5419],[-73.9401,40.548],[-73.9401,40.5505],[-73.9402,40.551],[-73.9403,40.5514],[-73.9403,40.5518],[-73.9403,40.5522],[-73.9403,40.5526],[-73.9402,40.553],[-73.9401,40.5534],[-73.9399,40.5538],[-73.9397,40.5542],[-73.9395,40.5546],[-73.9393,40.555],[-73.939,40.5553],[-73.9387,40.5557],[-73.9367,40.5569],[-73.9363,40.557],[-73.9359,40.5571],[-73.9355,40.5572],[-73.9351,40.5573],[-73.9347,40.5573],[-73.9343,40.5573],[-73.9339,40.5573],[-73.9336,40.5573],[-73.9332,40.5574],[-73.9329,40.5574],[-73.9325,40.5575],[-73.9322,40.5577],[-73.9319,40.5578],[-73.9314,40.5582],[-73.9286,40.56],[-73.9281,40.5603],[-73.9277,40.5605],[-73.9273,40.5608],[-73.9269,40.561],[-73.9259,40.5617],[-73.9256,40.5617],[-73.9253,40.5618],[-73.9247,40.5619],[-73.9233,40.5621],[-73.9221,40.5621],[-73.9204,40.5622],[-73.9202,40.5623],[-73.9191,40.5625],[-73.9172,40.563],[-73.9165,40.5633],[-73.9157,40.5638],[-73.9152,40.5641],[-73.9146,40.5644],[-73.9132,40.5647],[-73.9122,40.5651],[-73.9119,40.565],[-73.9115,40.5651],[-73.9112,40.5651],[-73.9108,40.5651],[-73.9106,40.565],[-73.9103,40.565],[-73.9102,40.5649],[-73.9101,40.565],[-73.9101,40.5649],[-73.9101,40.5649],[-73.91,40.5648],[-73.91,40.5647],[-73.9099,40.5645],[-73.9098,40.5643],[-73.9097,40.5643],[-73.9097,40.5642],[-73.9094,40.564],[-73.9092,40.564],[-73.9089,40.5639],[-73.9085,40.5639],[-73.9082,40.564],[-73.9081,40.5641],[-73.908,40.5642],[-73.9079,40.5642],[-73.9079,40.5641],[-73.9079,40.5641],[-73.9079,40.5641],[-73.9079,40.5641],[-73.9079,40.5641],[-73.908,40.564],[-73.9081,40.5638],[-73.9081,40.5637],[-73.9081,40.5636],[-73.908,40.5635],[-73.9079,40.5634],[-73.9078,40.5633],[-73.9077,40.5633],[-73.9075,40.5633],[-73.9074,40.5632],[-73.9072,40.563],[-73.907,40.5629],[-73.9068,40.5628],[-73.9065,40.5628],[-73.9063,40.5627],[-73.9059,40.5627],[-73.9055,40.5627],[-73.9051,40.5628],[-73.9047,40.5628],[-73.9043,40.5629],[-73.9039,40.563],[-73.9035,40.5632],[-73.9032,40.5634],[-73.903,40.5635],[-73.9029,40.5635],[-73.9027,40.5631],[-73.9025,40.5629],[-73.9024,40.5629],[-73.9022,40.5628],[-73.902,40.5627],[-73.9018,40.5627],[-73.9016,40.5628],[-73.9014,40.5628],[-73.901,40.5629],[-73.9007,40.563],[-73.9003,40.5631],[-73.9,40.5632],[-73.8997,40.5634],[-73.8958,40.5656],[-73.8954,40.5662],[-73.8953,40.5663],[-73.8954,40.5665],[-73.8956,40.5668],[-73.8956,40.5669],[-73.8957,40.5671],[-73.8955,40.5671],[-73.8954,40.567],[-73.8953,40.567],[-73.895,40.5672],[-73.8948,40.5674],[-73.8944,40.5676],[-73.8941,40.5678],[-73.8937,40.5681],[-73.8933,40.5683],[-73.8928,40.5685],[-73.8926,40.5686],[-73.8924,40.5685],[-73.8921,40.5685],[-73.8918,40.5685],[-73.8915,40.5684],[-73.8911,40.5683],[-73.8905,40.5682],[-73.8902,40.5682],[-73.8901,40.5681],[-73.8899,40.5681],[-73.8896,40.5679],[-73.8894,40.5679],[-73.8889,40.5679],[-73.8887,40.568],[-73.8884,40.5681],[-73.8884,40.5681],[-73.8884,40.5681],[-73.8883,40.5681],[-73.8883,40.5681],[-73.8883,40.5681],[-73.8881,40.568],[-73.8879,40.568],[-73.8869,40.5684],[-73.8865,40.5685],[-73.8863,40.5685],[-73.8859,40.5685],[-73.8855,40.5686],[-73.8853,40.5686],[-73.8851,40.5686],[-73.885,40.5685],[-73.8849,40.5685],[-73.8843,40.5687],[-73.8848,40.5683],[-73.8847,40.5684],[-73.8846,40.5684],[-73.8843,40.5684],[-73.8846,40.5683],[-73.8847,40.5682],[-73.8842,40.568],[-73.884,40.5681],[-73.8838,40.5681],[-73.8838,40.5681],[-73.8836,40.5682],[-73.8835,40.5685],[-73.8834,40.5683],[-73.8831,40.5684],[-73.8831,40.5684],[-73.8831,40.5684],[-73.883,40.5684],[-73.883,40.5684],[-73.883,40.5684],[-73.8829,40.5684],[-73.8829,40.5684],[-73.8829,40.5684],[-73.8828,40.5684],[-73.8828,40.5684],[-73.8827,40.5684],[-73.8827,40.5684],[-73.8827,40.5684],[-73.8826,40.5684],[-73.8826,40.5684],[-73.8826,40.5684],[-73.8825,40.5684],[-73.8825,40.5684],[-73.8825,40.5684],[-73.8825,40.5684],[-73.8824,40.5685],[-73.8824,40.5685],[-73.8824,40.5685],[-73.8823,40.5685],[-73.8823,40.5685],[-73.8823,40.5685],[-73.8822,40.5685],[-73.8822,40.5686],[-73.8822,40.5686],[-73.8821,40.5686],[-73.8821,40.5686],[-73.8821,40.5686],[-73.882,40.5687],[-73.8819,40.5687],[-73.8819,40.5687],[-73.8818,40.5687],[-73.8818,40.5687],[-73.8818,40.5687],[-73.8817,40.5687],[-73.8817,40.5687],[-73.8817,40.5687],[-73.8817,40.5687],[-73.8816,40.5687],[-73.8816,40.5688],[-73.8815,40.5688],[-73.8815,40.5688],[-73.8814,40.5688],[-73.8814,40.5688],[-73.8814,40.5688],[-73.8813,40.5688],[-73.8813,40.5688],[-73.8812,40.5688],[-73.8812,40.5688],[-73.8811,40.5688],[-73.8811,40.5688],[-73.8811,40.5688],[-73.881,40.5688],[-73.881,40.5687],[-73.881,40.5687],[-73.8809,40.5687],[-73.8809,40.5687],[-73.8809,40.5687],[-73.8808,40.5687],[-73.8808,40.5687],[-73.8807,40.5687],[-73.8807,40.5687],[-73.8807,40.5687],[-73.8806,40.5687],[-73.8806,40.5687],[-73.8806,40.5687],[-73.8805,40.5687],[-73.8805,40.5687],[-73.8805,40.5687],[-73.8804,40.5687],[-73.8804,40.5687],[-73.8803,40.5687],[-73.8803,40.5687],[-73.8803,40.5687],[-73.8803,40.5687],[-73.8802,40.5687],[-73.8802,40.5687],[-73.8801,40.5687],[-73.8801,40.5687],[-73.88,40.5687],[-73.88,40.5687],[-73.88,40.5687],[-73.8799,40.5687],[-73.8799,40.5687],[-73.8798,40.5687],[-73.8798,40.5687],[-73.8798,40.5687],[-73.8798,40.5687],[-73.8797,40.5687],[-73.8797,40.5687],[-73.8796,40.5687],[-73.8796,40.5687],[-73.8796,40.5687],[-73.8795,40.5687],[-73.8795,40.5687],[-73.8794,40.5687],[-73.8794,40.5687],[-73.8793,40.5687],[-73.8793,40.5687],[-73.8792,40.5687],[-73.8792,40.5687],[-73.8792,40.5687],[-73.8791,40.5687],[-73.8791,40.5687],[-73.8791,40.5687],[-73.879,40.5687],[-73.879,40.5687],[-73.8789,40.5687],[-73.8789,40.5687],[-73.8789,40.5687],[-73.8788,40.5687],[-73.8788,40.5687],[-73.8788,40.5687],[-73.8787,40.5687],[-73.8787,40.5687],[-73.8787,40.5687],[-73.8787,40.5686],[-73.8783,40.5687],[-73.878,40.5688],[-73.8778,40.5688],[-73.8776,40.5689],[-73.8774,40.5689],[-73.8771,40.569],[-73.8766,40.5692],[-73.8764,40.5693],[-73.8761,40.5695],[-73.876,40.5695],[-73.8754,40.5698],[-73.8751,40.57],[-73.8744,40.5703],[-73.8732,40.5709],[-73.8672,40.5738],[-73.8655,40.5746],[-73.8635,40.5757],[-73.8629,40.5761]]]]}},{"type":"Feature","id":"99999","properties":{"modzcta":"99999"},"geometry":{"type":"MultiPolygon","coordinates":[[[[-74.2142,40.5566],[-74.2156,40.5558],[-74.2149,40.5565],[-74.215,40.5568],[-74.2146,40.5569],[-74.2145,40.5567],[-74.2144,40.5567],[-74.2143,40.5566],[-74.2142,40.5566],[-74.2142,40.5566]]],[[[-73.887,40.5594],[-73.8869,40.5594],[-73.887,40.5594],[-73.887,40.5594]]],[[[-73.8726,40.5639],[-73.8724,40.5636],[-73.8726,40.5639],[-73.8726,40.5639]]],[[[-73.8705,40.5646],[-73.8703,40.5642],[-73.8705,40.5646],[-73.8705,40.5646]]],[[[-73.8684,40.5653],[-73.8682,40.5651],[-73.8684,40.5653],[-73.8684,40.5653]]],[[[-73.8665,40.566],[-73.8663,40.5656],[-73.8665,40.566],[-73.8665,40.566]]],[[[-73.9307,40.5828],[-73.9308,40.5829],[-73.9307,40.5829],[-73.9307,40.5828],[-73.9307,40.5828],[-73.9307,40.5828],[-73.9307,40.5828],[-73.9307,40.5828],[-73.9307,40.5828]]],[[[-74.1974,40.5985],[-74.1972,40.6],[-74.197,40.599],[-74.1972,40.5989],[-74.1971,40.5989],[-74.197,40.5988],[-74.197,40.5987],[-74.197,40.5986],[-74.1971,40.5986],[-74.1973,40.5987],[-74.1973,40.5986],[-74.1974,40.5986],[-74.1974,40.5985],[-74.1974,40.5985]]],[[[-74.1359,40.5464],[-74.1375,40.5473],[-74.1386,40.5484],[-74.1384,40.5487],[-74.1374,40.5496],[-74.1353,40.5509],[-74.1332,40.5524],[-74.1311,40.554],[-74.1298,40.555],[-74.1281,40.5565],[-74.1273,40.5573],[-74.124,40.5552],[-74.1227,40.5544],[-74.1195,40.5522],[-74.1186,40.5515],[-74.1187,40.5513],[-74.1181,40.5506],[-74.1149,40.5496],[-74.1144,40.5492],[-74.1134,40.5481],[-74.1134,40.5481],[-74.1139,40.5481],[-74.115,40.5479],[-74.1153,40.5476],[-74.1154,40.5475],[-74.1155,40.5475],[-74.1156,40.5475],[-74.1157,40.5476],[-74.1157,40.5477],[-74.1159,40.5478],[-74.116,40.5478],[-74.1162,40.5479],[-74.1163,40.5479],[-74.1165,40.5479],[-74.1168,40.5477],[-74.1171,40.5476],[-74.1173,40.5475],[-74.1175,40.5474],[-74.1178,40.5473],[-74.118,40.5473],[-74.1183,40.5471],[-74.1185,40.5469],[-74.1187,40.5467],[-74.1189,40.5464],[-74.1191,40.5462],[-74.1193,40.5459],[-74.1194,40.5458],[-74.1196,40.5456],[-74.1197,40.5455],[-74.1199,40.5454],[-74.12,40.5454],[-74.1202,40.5453],[-74.1204,40.5453],[-74.1205,40.5453],[-74.1207,40.5453],[-74.1209,40.5453],[-74.1212,40.5453],[-74.1215,40.5453],[-74.1217,40.5452],[-74.122,40.5452],[-74.1222,40.5451],[-74.1242,40.5431],[-74.1264,40.5405],[-74.1307,40.5345],[-74.1353,40.5303],[-74.1369,40.5293],[-74.1374,40.5297],[-74.138,40.5297],[-74.1383,40.5297],[-74.1385,40.5297],[-74.1387,40.5298],[-74.1388,40.5299],[-74.1389,40.53],[-74.139,40.5302],[-74.139,40.5303],[-74.139,40.5305],[-74.139,40.5307],[-74.139,40.5309],[-74.139,40.5312],[-74.1391,40.5314],[-74.1392,40.5316],[-74.1406,40.5341],[-74.1406,40.5344],[-74.1406,40.5346],[-74.1406,40.5348],[-74.1405,40.535],[-74.1405,40.5352],[-74.1404,40.5353],[-74.1403,40.5354],[-74.1402,40.5355],[-74.14,40.5355],[-74.1395,40.5354],[-74.1391,40.5353],[-74.1387,40.5352],[-74.1382,40.5352],[-74.1351,40.5352],[-74.1347,40.5353],[-74.1344,40.5354],[-74.1341,40.5355],[-74.1338,40.5356],[-74.1335,40.5358],[-74.1333,40.536],[-74.133,40.5362],[-74.133,40.5363],[-74.1312,40.5379],[-74.1309,40.5382],[-74.1288,40.54],[-74.1284,40.5402],[-74.1281,40.5406],[-74.1279,40.5409],[-74.1277,40.5412],[-74.1276,40.5415],[-74.1275,40.5417],[-74.1274,40.542],[-74.1274,40.5423],[-74.1274,40.5426],[-74.1275,40.5429],[-74.1276,40.5432],[-74.1277,40.5434],[-74.1276,40.5435],[-74.1276,40.5436],[-74.1278,40.5436],[-74.1281,40.544],[-74.1284,40.5443],[-74.1287,40.5447],[-74.129,40.5451],[-74.1294,40.5454],[-74.1295,40.5456],[-74.1298,40.5457],[-74.13,40.5459],[-74.1303,40.5461],[-74.1306,40.5462],[-74.1309,40.5463],[-74.1313,40.5465],[-74.1318,40.5466],[-74.1326,40.5468],[-74.1329,40.5468],[-74.1333,40.5468],[-74.1335,40.5469],[-74.1338,40.5468],[-74.1342,40.5468],[-74.1345,40.5468],[-74.135,40.5467],[-74.1354,40.5466],[-74.1359,40.5464],[-74.1359,40.5464]]],[[[-73.8152,40.6098],[-73.8154,40.6104],[-73.815,40.6107],[-73.8146,40.6109],[-73.8145,40.6107],[-73.8152,40.6098]]],[[[-73.8162,40.6129],[-73.8162,40.6142],[-73.816,40.6143],[-73.8157,40.6143],[-73.8154,40.6144],[-73.8151,40.6145],[-73.8147,40.6145],[-73.8144,40.6147],[-73.8141,40.6146],[-73.8141,40.6144],[-73.8144,40.6141],[-73.8149,40.614],[-73.8149,40.6143],[-73.8154,40.6142],[-73.8154,40.6139],[-73.8152,40.6137],[-73.8149,40.6134],[-73.8148,40.6131],[-73.815,40.613],[-73.8153,40.6131],[-73.8153,40.6133],[-73.8156,40.6133],[-73.8158,40.6131],[-73.816,40.613],[-73.8162,40.6129]]],[[[-74.0021,40.6461],[-74.0046,40.6471],[-74.0062,40.649],[-74.0051,40.6501],[-74.0007,40.6475],[-74.0018,40.6464],[-74.0021,40.6461]]],[[[-73.8238,40.6115],[-73.824,40.6121],[-73.8242,40.6125],[-73.8244,40.6126],[-73.8244,40.6123],[-73.8247,40.6124],[-73.8246,40.6129],[-73.8249,40.6133],[-73.8253,40.6138],[-73.8256,40.6141],[-73.8259,40.6142],[-73.8262,40.614],[-73.8264,40.6138],[-73.8267,40.6137],[-73.8272,40.6134],[-73.8274,40.6134],[-73.8275,40.6136],[-73.8277,40.6136],[-73.8279,40.6137],[-73.8276,40.6139],[-73.8272,40.6141],[-73.8277,40.6142],[-73.8285,40.6142],[-73.8293,40.6145],[-73.8301,40.6148],[-73.8309,40.615],[-73.8317,40.615],[-73.8325,40.6147],[-73.834,40.6144],[-73.8341,40.6144],[-73.8342,40.6144],[-73.8345,40.6144],[-73.8347,40.6144],[-73.8349,40.6145],[-73.835,40.6145],[-73.8351,40.6145],[-73.8352,40.6145],[-73.8353,40.6145],[-73.8354,40.6146],[-73.8355,40.6146],[-73.8355,40.6147],[-73.8354,40.6147],[-73.8354,40.6148],[-73.8355,40.6149],[-73.8357,40.6151],[-73.8358,40.6152],[-73.8359,40.6152],[-73.836,40.6152],[-73.8362,40.6152],[-73.8362,40.6152],[-73.8362,40.6152],[-73.8361,40.6151],[-73.8362,40.6151],[-73.8363,40.6151],[-73.8363,40.6151],[-73.8363,40.6151],[-73.8363,40.6152],[-73.8363,40.6152],[-73.8363,40.6152],[-73.8364,40.6153],[-73.8365,40.6153],[-73.8365,40.6153],[-73.8366,40.6152],[-73.8366,40.6152],[-73.8366,40.6151],[-73.8367,40.6152],[-73.8368,40.6152],[-73.8369,40.6153],[-73.837,40.6153],[-73.8371,40.6153],[-73.8372,40.6153],[-73.8372,40.6153],[-73.8373,40.6153],[-73.8373,40.6153],[-73.8374,40.6154],[-73.8374,40.6154],[-73.8375,40.6154],[-73.8376,40.6155],[-73.8377,40.6155],[-73.8378,40.6155],[-73.8378,40.6156],[-73.8378,40.6156],[-73.8377,40.6157],[-73.8376,40.6157],[-73.8374,40.6158],[-73.8373,40.6158],[-73.8372,40.6159],[-73.837,40.616],[-73.8369,40.6161],[-73.8368,40.6162],[-73.8366,40.6161],[-73.8365,40.6161],[-73.8364,40.6162],[-73.8362,40.6163],[-73.8359,40.6165],[-73.8356,40.6169],[-73.8354,40.6171],[-73.8352,40.6174],[-73.8351,40.6175],[-73.835,40.6176],[-73.835,40.6178],[-73.8349,40.6179],[-73.835,40.6179],[-73.835,40.618],[-73.835,40.618],[-73.8351,40.618],[-73.8351,40.618],[-73.8352,40.618],[-73.8351,40.6181],[-73.8351,40.6181],[-73.8351,40.6181],[-73.835,40.6181],[-73.835,40.6182],[-73.835,40.6183],[-73.835,40.6185],[-73.835,40.6186],[-73.8351,40.6187],[-73.8351,40.6187],[-73.8352,40.6187],[-73.8353,40.6187],[-73.8353,40.6187],[-73.8354,40.6187],[-73.8353,40.6188],[-73.8354,40.6188],[-73.8354,40.6189],[-73.8355,40.6189],[-73.8355,40.6191],[-73.8355,40.6193],[-73.8355,40.6193],[-73.8355,40.6194],[-73.8356,40.6195],[-73.8357,40.6195],[-73.8357,40.6196],[-73.8357,40.6197],[-73.8357,40.6197],[-73.8356,40.6198],[-73.8356,40.6198],[-73.8355,40.6199],[-73.8355,40.6199],[-73.8355,40.62],[-73.8353,40.6199],[-73.8352,40.62],[-73.8352,40.6199],[-73.8351,40.6199],[-73.8351,40.6199],[-73.835,40.6199],[-73.835,40.6198],[-73.835,40.6198],[-73.835,40.6198],[-73.835,40.6198],[-73.835,40.6198],[-73.835,40.6198],[-73.835,40.6198],[-73.835,40.6198],[-73.835,40.6197],[-73.835,40.6197],[-73.835,40.6197],[-73.835,40.6197],[-73.835,40.6197],[-73.835,40.6197],[-73.835,40.6197],[-73.8351,40.6197],[-73.8351,40.6197],[-73.8351,40.6196],[-73.8351,40.6196],[-73.8351,40.6196],[-73.8351,40.6196],[-73.8351,40.6196],[-73.8351,40.6196],[-73.8351,40.6196],[-73.8351,40.6196],[-73.8351,40.6196],[-73.8351,40.6196],[-73.8351,40.6196],[-73.8351,40.6195],[-73.8351,40.6195],[-73.8351,40.6195],[-73.8351,40.6195],[-73.8351,40.6195],[-73.8351,40.6195],[-73.8351,40.6195],[-73.8351,40.6195],[-73.8351,40.6195],[-73.8351,40.6195],[-73.8351,40.6195],[-73.835,40.6195],[-73.835,40.6195],[-73.835,40.6196],[-73.835,40.6196],[-73.835,40.6196],[-73.835,40.6196],[-73.835,40.6196],[-73.8349,40.6196],[-73.8349,40.6196],[-73.8349,40.6196],[-73.8349,40.6196],[-73.8349,40.6196],[-73.8349,40.6196],[-73.8349,40.6196],[-73.8349,40.6196],[-73.8349,40.6197],[-73.8349,40.6197],[-73.8349,40.6197],[-73.8349,40.6197],[-73.8349,40.6197],[-73.8349,40.6197],[-73.8349,40.6197],[-73.8349,40.6197],[-73.8349,40.6197],[-73.8349,40.6198],[-73.8349,40.6198],[-73.8348,40.6198],[-73.8348,40.6198],[-73.8348,40.6198],[-73.8348,40.6198],[-73.8348,40.6198],[-73.8348,40.6198],[-73.8348,40.6198],[-73.8348,40.6198],[-73.8348,40.6199],[-73.8348,40.6199],[-73.8348,40.6199],[-73.8348,40.6199],[-73.8348,40.6199],[-73.8348,40.6199],[-73.8348,40.6199],[-73.8348,40.6199],[-73.8348,40.62],[-73.8348,40.62],[-73.8348,40.62],[-73.8349,40.62],[-73.8349,40.62],[-73.8349,40.62],[-73.8349,40.62],[-73.8349,40.62],[-73.8349,40.62],[-73.8349,40.62],[-73.8349,40.62],[-73.835,40.62],[-73.835,40.62],[-73.835,40.62],[-73.835,40.62],[-73.8351,40.62],[-73.8352,40.6201],[-73.8352,40.6201],[-73.8353,40.6201],[-73.8353,40.6201],[-73.8353,40.6202],[-73.8352,40.6202],[-73.8351,40.6203],[-73.835,40.6204],[-73.8349,40.6205],[-73.8349,40.6204],[-73.8348,40.6204],[-73.8347,40.6204],[-73.8347,40.6204],[-73.8346,40.6204],[-73.8345,40.6204],[-73.8346,40.6204],[-73.8347,40.6203],[-73.8347,40.6203],[-73.8347,40.6202],[-73.8347,40.6201],[-73.8346,40.6201],[-73.8345,40.62],[-73.8344,40.62],[-73.8344,40.6199],[-73.8344,40.6199],[-73.8344,40.6198],[-73.8343,40.6199],[-73.8342,40.6198],[-73.8341,40.6198],[-73.8341,40.6198],[-73.834,40.6197],[-73.8339,40.6197],[-73.8339,40.6196],[-73.8338,40.6197],[-73.8338,40.6197],[-73.8339,40.6198],[-73.834,40.6198],[-73.8341,40.6198],[-73.8341,40.6199],[-73.8341,40.6199],[-73.8341,40.62],[-73.8341,40.62],[-73.8341,40.62],[-73.8341,40.6199],[-73.8342,40.6199],[-73.8342,40.6199],[-73.8343,40.62],[-73.8343,40.62],[-73.8344,40.6201],[-73.8345,40.6201],[-73.8344,40.6202],[-73.8344,40.6202],[-73.8343,40.6202],[-73.8342,40.6203],[-73.8342,40.6204],[-73.8342,40.6204],[-73.8343,40.6205],[-73.8343,40.6206],[-73.8342,40.6207],[-73.8341,40.6207],[-73.834,40.6207],[-73.8338,40.6208],[-73.8337,40.6209],[-73.8336,40.621],[-73.8335,40.6211],[-73.8335,40.6211],[-73.8334,40.6212],[-73.8333,40.6212],[-73.8332,40.6212],[-73.8331,40.6213],[-73.833,40.6214],[-73.8328,40.6214],[-73.8328,40.6215],[-73.8327,40.6216],[-73.8326,40.6216],[-73.8326,40.6217],[-73.8325,40.6218],[-73.8325,40.6217],[-73.8323,40.6218],[-73.8323,40.6217],[-73.8321,40.6218],[-73.8321,40.6218],[-73.832,40.6218],[-73.8318,40.6219],[-73.8318,40.6219],[-73.8317,40.6219],[-73.8316,40.622],[-73.8316,40.622],[-73.8316,40.622],[-73.8317,40.6221],[-73.8318,40.622],[-73.8319,40.622],[-73.832,40.622],[-73.832,40.6219],[-73.8321,40.6219],[-73.8322,40.6219],[-73.8323,40.6219],[-73.8324,40.6219],[-73.8324,40.6219],[-73.8325,40.6219],[-73.8326,40.6219],[-73.8326,40.6219],[-73.8327,40.6219],[-73.8327,40.622],[-73.8328,40.6221],[-73.8329,40.6221],[-73.8329,40.6222],[-73.8329,40.6223],[-73.8328,40.6223],[-73.8328,40.6224],[-73.8327,40.6224],[-73.8327,40.6224],[-73.8328,40.6225],[-73.8327,40.6225],[-73.8327,40.6225],[-73.8326,40.6226],[-73.8326,40.6227],[-73.8326,40.6227],[-73.8325,40.6226],[-73.8325,40.6226],[-73.8325,40.6227],[-73.8325,40.6227],[-73.8324,40.6227],[-73.8323,40.6228],[-73.8323,40.6228],[-73.8321,40.6227],[-73.832,40.6226],[-73.8318,40.6226],[-73.8317,40.6225],[-73.8316,40.6225],[-73.8315,40.6224],[-73.8314,40.6224],[-73.8313,40.6225],[-73.8312,40.6226],[-73.8311,40.6227],[-73.8311,40.6228],[-73.8309,40.6228],[-73.8307,40.6226],[-73.8306,40.6225],[-73.8305,40.6224],[-73.8305,40.6223],[-73.8304,40.6225],[-73.8303,40.6226],[-73.8302,40.6226],[-73.8302,40.6228],[-73.8302,40.623],[-73.8301,40.623],[-73.8301,40.6232],[-73.8302,40.6233],[-73.8301,40.6234],[-73.8301,40.6234],[-73.83,40.6236],[-73.83,40.6236],[-73.8299,40.6237],[-73.8299,40.6235],[-73.8299,40.6234],[-73.8299,40.6235],[-73.8298,40.6237],[-73.8297,40.6237],[-73.8296,40.6237],[-73.8295,40.6238],[-73.8294,40.6238],[-73.8293,40.6239],[-73.8293,40.624],[-73.8292,40.6242],[-73.8292,40.6243],[-73.8293,40.6243],[-73.8294,40.6242],[-73.8295,40.6242],[-73.8297,40.6242],[-73.8298,40.6241],[-73.8298,40.624],[-73.8299,40.6239],[-73.83,40.6238],[-73.8301,40.6238],[-73.8301,40.6237],[-73.8302,40.6236],[-73.8302,40.6236],[-73.8302,40.6235],[-73.8303,40.6234],[-73.8303,40.6234],[-73.8303,40.6233],[-73.8304,40.6232],[-73.8304,40.6232],[-73.8304,40.6231],[-73.8304,40.623],[-73.8305,40.623],[-73.8305,40.6229],[-73.8305,40.6228],[-73.8304,40.6228],[-73.8303,40.6228],[-73.8303,40.6228],[-73.8304,40.6227],[-73.8304,40.6226],[-73.8305,40.6226],[-73.8306,40.6227],[-73.8308,40.6228],[-73.8309,40.6228],[-73.8309,40.6229],[-73.8308,40.6229],[-73.8309,40.623],[-73.8308,40.6231],[-73.8307,40.6231],[-73.8307,40.6232],[-73.8306,40.6233],[-73.8306,40.6233],[-73.8307,40.6235],[-73.8307,40.6235],[-73.8307,40.6236],[-73.8307,40.6237],[-73.8307,40.6237],[-73.8306,40.6238],[-73.8305,40.6239],[-73.8305,40.6239],[-73.8306,40.624],[-73.8305,40.624],[-73.8305,40.624],[-73.8306,40.624],[-73.8306,40.6239],[-73.8306,40.6238],[-73.8307,40.6238],[-73.8307,40.6237],[-73.8308,40.6236],[-73.8307,40.6236],[-73.8307,40.6235],[-73.8307,40.6234],[-73.8306,40.6233],[-73.8307,40.6232],[-73.8308,40.6231],[-73.8309,40.6231],[-73.831,40.6231],[-73.8311,40.623],[-73.8312,40.6229],[-73.8313,40.6229],[-73.8315,40.6229],[-73.8316,40.6229],[-73.8316,40.623],[-73.8317,40.6231],[-73.8318,40.6231],[-73.8318,40.6232],[-73.8319,40.6232],[-73.8319,40.6231],[-73.8319,40.6231],[-73.8318,40.623],[-73.8317,40.623],[-73.8317,40.6229],[-73.8318,40.6229],[-73.832,40.623],[-73.832,40.6231],[-73.8321,40.6231],[-73.8321,40.6232],[-73.832,40.6235],[-73.8319,40.6237],[-73.8318,40.6238],[-73.8316,40.624],[-73.8314,40.6242],[-73.8312,40.6243],[-73.8311,40.6245],[-73.831,40.6247],[-73.8309,40.6248],[-73.831,40.6249],[-73.8312,40.6249],[-73.8313,40.6251],[-73.8311,40.6252],[-73.8309,40.6252],[-73.8308,40.6253],[-73.8308,40.6254],[-73.8309,40.6255],[-73.831,40.6255],[-73.8309,40.6256],[-73.8308,40.6257],[-73.8307,40.6258],[-73.8306,40.626],[-73.8306,40.6262],[-73.8307,40.6264],[-73.8307,40.6266],[-73.8308,40.6268],[-73.8309,40.6269],[-73.8311,40.6269],[-73.8313,40.6269],[-73.8314,40.627],[-73.8316,40.6271],[-73.8318,40.6271],[-73.832,40.627],[-73.8322,40.627],[-73.8323,40.6271],[-73.8323,40.6273],[-73.8322,40.6273],[-73.8322,40.6274],[-73.8324,40.6274],[-73.8325,40.6275],[-73.8325,40.6277],[-73.8324,40.6278],[-73.8324,40.6279],[-73.8323,40.6281],[-73.8322,40.6282],[-73.832,40.6281],[-73.8318,40.6281],[-73.8317,40.6282],[-73.8317,40.6283],[-73.8316,40.6284],[-73.8316,40.6285],[-73.8316,40.6287],[-73.8317,40.6288],[-73.8318,40.6289],[-73.8318,40.6288],[-73.8317,40.6287],[-73.8317,40.6286],[-73.8317,40.6284],[-73.8318,40.6284],[-73.8319,40.6283],[-73.8319,40.6282],[-73.8321,40.6282],[-73.8321,40.6283],[-73.8323,40.6283],[-73.8325,40.6283],[-73.8326,40.6283],[-73.8326,40.6282],[-73.8327,40.6282],[-73.8328,40.6281],[-73.8329,40.628],[-73.8331,40.6279],[-73.833,40.6281],[-73.833,40.6282],[-73.8329,40.6284],[-73.8329,40.6286],[-73.8329,40.6289],[-73.8327,40.629],[-73.8322,40.6294],[-73.8319,40.63],[-73.8319,40.6306],[-73.8317,40.6314],[-73.8315,40.6318],[-73.8314,40.6321],[-73.8312,40.6324],[-73.8312,40.6326],[-73.8311,40.6328],[-73.8312,40.6329],[-73.8312,40.6331],[-73.8313,40.6334],[-73.8316,40.6338],[-73.8319,40.6342],[-73.8319,40.6346],[-73.8321,40.6351],[-73.8325,40.6356],[-73.8326,40.6363],[-73.8331,40.6374],[-73.833,40.6388],[-73.8328,40.6389],[-73.8294,40.6371],[-73.8281,40.6359],[-73.8267,40.6358],[-73.8264,40.6358],[-73.8261,40.6357],[-73.8258,40.6358],[-73.8255,40.6358],[-73.8252,40.6359],[-73.8249,40.636],[-73.8247,40.6361],[-73.8244,40.6362],[-73.8246,40.6394],[-73.8234,40.639],[-73.8226,40.6354],[-73.8224,40.6349],[-73.8222,40.6345],[-73.8221,40.6341],[-73.822,40.6336],[-73.8219,40.6332],[-73.8219,40.6327],[-73.8218,40.6323],[-73.8211,40.6297],[-73.8206,40.6289],[-73.8201,40.6283],[-73.8199,40.6278],[-73.8195,40.6276],[-73.818,40.6265],[-73.8171,40.6254],[-73.8161,40.6243],[-73.8167,40.6239],[-73.8189,40.6231],[-73.8178,40.6219],[-73.817,40.6215],[-73.8165,40.622],[-73.8156,40.6207],[-73.8164,40.6196],[-73.8172,40.6193],[-73.8174,40.6181],[-73.8178,40.6175],[-73.8176,40.617],[-73.8172,40.6158],[-73.8165,40.6149],[-73.8208,40.6152],[-73.8216,40.6149],[-73.8217,40.6148],[-73.8224,40.6143],[-73.8238,40.6115],[-73.8238,40.6115]]],[[[-73.8784,40.6389],[-73.8775,40.6407],[-73.8771,40.6416],[-73.8765,40.6426],[-73.8762,40.6433],[-73.8762,40.6433],[-73.8755,40.6444],[-73.875,40.6451],[-73.8739,40.6464],[-73.8738,40.6463],[-73.8737,40.6461],[-73.8735,40.6459],[-73.8734,40.6457],[-73.8733,40.6456],[-73.8733,40.6452],[-73.8734,40.645],[-73.8734,40.6448],[-73.8734,40.6446],[-73.8734,40.6443],[-73.8734,40.6441],[-73.8733,40.6439],[-73.873,40.6438],[-73.872,40.6424],[-73.8709,40.6408],[-73.8706,40.6404],[-73.8701,40.6398],[-73.8699,40.6389],[-73.8695,40.6386],[-73.8696,40.6386],[-73.8696,40.6385],[-73.8696,40.6384],[-73.8695,40.6383],[-73.8695,40.6383],[-73.8695,40.6381],[-73.8695,40.638],[-73.8696,40.6379],[-73.87,40.6378],[-73.8703,40.6377],[-73.8706,40.6376],[-73.8709,40.6375],[-73.8712,40.6373],[-73.8715,40.6372],[-73.8724,40.6365],[-73.8727,40.6364],[-73.8729,40.6364],[-73.8732,40.6363],[-73.8735,40.6363],[-73.8739,40.6364],[-73.8743,40.6366],[-73.8746,40.6367],[-73.875,40.6369],[-73.8753,40.6372],[-73.8756,40.6374],[-73.8759,40.6378],[-73.8763,40.6381],[-73.877,40.6386],[-73.8771,40.6386],[-73.8773,40.6387],[-73.8774,40.6388],[-73.8776,40.6388],[-73.8779,40.6388],[-73.8781,40.6388],[-73.8784,40.6389],[-73.8784,40.6389]]],[[[-73.999,40.669],[-73.999,40.6692],[-73.999,40.669]]],[[[-73.9988,40.6696],[-73.9989,40.6697],[-73.9989,40.6699],[-73.9987,40.6707],[-73.9987,40.6715],[-73.9987,40.6717],[-73.9985,40.6717],[-73.9982,40.6712],[-73.9983,40.6709],[-73.9988,40.6696]]],[[[-73.8918,40.7749],[-73.8917,40.7752],[-73.8915,40.7755],[-73.8914,40.7761],[-73.8915,40.7765],[-73.8911,40.777],[-73.8911,40.7772],[-73.8907,40.7773],[-73.8905,40.7775],[-73.8905,40.7777],[-73.8902,40.7779],[-73.89,40.7772],[-73.8895,40.7757],[-73.8896,40.7753],[-73.8896,40.775],[-73.8896,40.7748],[-73.8898,40.7741],[-73.8901,40.774],[-73.8901,40.7736],[-73.8918,40.7749],[-73.8918,40.7749]]],[[[-73.9889,40.7799],[-73.9889,40.7801],[-73.9889,40.7801],[-73.9884,40.781],[-73.9882,40.7812],[-73.9881,40.7814],[-73.988,40.7813],[-73.9874,40.7811],[-73.9874,40.781],[-73.9879,40.7805],[-73.9882,40.7802],[-73.9885,40.7798],[-73.9886,40.7798],[-73.9889,40.7799]]],[[[-73.988,40.7816],[-73.9881,40.7816],[-73.988,40.7816],[-73.988,40.7816]]],[[[-73.8918,40.7767],[-73.892,40.7765],[-73.8921,40.7763],[-73.8923,40.7761],[-73.8923,40.7758],[-73.8925,40.7774],[-73.8923,40.7772],[-73.892,40.777],[-73.8918,40.7767]]],[[[-73.9752,40.6587],[-73.9796,40.6609],[-73.9797,40.6608],[-73.9798,40.6607],[-73.98,40.6608],[-73.9801,40.6608],[-73.9802,40.6609],[-73.9802,40.661],[-73.9802,40.6611],[-73.9801,40.6612],[-73.98,40.6612],[-73.9799,40.6613],[-73.9798,40.6613],[-73.9797,40.6613],[-73.9794,40.6616],[-73.9784,40.6628],[-73.9773,40.664],[-73.9763,40.6652],[-73.9753,40.6664],[-73.9743,40.6676],[-73.9733,40.6688],[-73.9723,40.67],[-73.9713,40.6712],[-73.9705,40.6724],[-73.97,40.6726],[-73.9692,40.6728],[-73.9629,40.6638],[-73.9638,40.6634],[-73.9639,40.6633],[-73.964,40.6632],[-73.964,40.6631],[-73.964,40.663],[-73.9641,40.6629],[-73.9644,40.6621],[-73.9644,40.662],[-73.9646,40.662],[-73.9647,40.662],[-73.9648,40.6621],[-73.965,40.6621],[-73.9646,40.6613],[-73.9637,40.6597],[-73.9636,40.6595],[-73.9635,40.6592],[-73.9635,40.6589],[-73.9634,40.6587],[-73.9634,40.6585],[-73.9629,40.6575],[-73.9628,40.6572],[-73.9628,40.6569],[-73.9628,40.6567],[-73.9628,40.6564],[-73.9629,40.6561],[-73.963,40.6559],[-73.9632,40.6557],[-73.9631,40.6556],[-73.9631,40.6554],[-73.963,40.6553],[-73.9629,40.6553],[-73.9628,40.6552],[-73.9626,40.6552],[-73.9624,40.6551],[-73.9641,40.654],[-73.9715,40.6511],[-73.9717,40.6511],[-73.9717,40.651],[-73.9717,40.6509],[-73.9718,40.6508],[-73.9718,40.6508],[-73.9719,40.6507],[-73.972,40.6507],[-73.9721,40.6507],[-73.9723,40.6507],[-73.9724,40.6507],[-73.9725,40.6507],[-73.9726,40.6508],[-73.9726,40.6508],[-73.9727,40.6509],[-73.9727,40.651],[-73.9727,40.651],[-73.9727,40.6511],[-73.9726,40.6512],[-73.9726,40.6513],[-73.9725,40.6514],[-73.9724,40.6514],[-73.9724,40.6515],[-73.9727,40.6526],[-73.9733,40.6546],[-73.9738,40.6564],[-73.9741,40.6575],[-73.9742,40.6579],[-73.9744,40.6582],[-73.9752,40.6587],[-73.9752,40.6587]]],[[[-73.9025,40.8045],[-73.9023,40.8046],[-73.9023,40.8046],[-73.9025,40.8045],[-73.9025,40.8045]]],[[[-73.806,40.8214],[-73.806,40.8218],[-73.806,40.822],[-73.8062,40.8226],[-73.8061,40.8223],[-73.8059,40.8219],[-73.8058,40.8217],[-73.8059,40.8215],[-73.806,40.8214]]],[[[-73.8767,40.8154],[-73.878,40.8158],[-73.8786,40.816],[-73.8789,40.8161],[-73.8793,40.8163],[-73.8795,40.8165],[-73.8798,40.8169],[-73.88,40.817],[-73.8802,40.8171],[-73.8808,40.8177],[-73.882,40.8186],[-73.883,40.8195],[-73.8839,40.8215],[-73.8841,40.8218],[-73.8843,40.8221],[-73.8844,40.8223],[-73.8844,40.8225],[-73.8842,40.8226],[-73.8841,40.8226],[-73.8838,40.8225],[-73.8835,40.822],[-73.8832,40.8214],[-73.8829,40.8208],[-73.8826,40.8203],[-73.8821,40.8195],[-73.8816,40.8191],[-73.8806,40.8185],[-73.8776,40.8165],[-73.8766,40.8157],[-73.8767,40.8154]]],[[[-73.982,40.7684],[-73.9819,40.7684],[-73.9818,40.7684],[-73.9817,40.7684],[-73.9806,40.7699],[-73.9797,40.7712],[-73.9787,40.7724],[-73.9778,40.7737],[-73.9769,40.7749],[-73.976,40.7762],[-73.975,40.7775],[-73.9745,40.7782],[-73.9741,40.7788],[-73.9717,40.782],[-73.9708,40.7833],[-73.9698,40.7846],[-73.9688,40.786],[-73.9679,40.7872],[-73.967,40.7885],[-73.9661,40.7897],[-73.9652,40.791],[-73.9642,40.7924],[-73.9637,40.793],[-73.9631,40.7939],[-73.9628,40.7942],[-73.9619,40.7955],[-73.961,40.7967],[-73.9605,40.7974],[-73.9595,40.7987],[-73.9586,40.8],[-73.9582,40.8006],[-73.9554,40.7995],[-73.9553,40.7994],[-73.9528,40.7984],[-73.9525,40.7982],[-73.9509,40.7976],[-73.9492,40.7969],[-73.9497,40.7962],[-73.9506,40.795],[-73.9516,40.7936],[-73.9525,40.7923],[-73.9531,40.7916],[-73.9534,40.7911],[-73.9539,40.7905],[-73.9548,40.7892],[-73.9553,40.7886],[-73.9563,40.7872],[-73.9572,40.786],[-73.9581,40.7847],[-73.959,40.7835],[-73.9599,40.7822],[-73.9609,40.7809],[-73.9618,40.7796],[-73.9628,40.7783],[-73.9637,40.777],[-73.9642,40.7763],[-73.9651,40.775],[-73.9661,40.7738],[-73.967,40.7725],[-73.968,40.7711],[-73.9689,40.7699],[-73.9695,40.7691],[-73.9703,40.768],[-73.9712,40.7668],[-73.9721,40.7655],[-73.973,40.7643],[-73.9742,40.7648],[-73.9784,40.7666],[-73.9815,40.7679],[-73.9816,40.7678],[-73.9817,40.7678],[-73.9818,40.7677],[-73.9819,40.7677],[-73.982,40.7677],[-73.9821,40.7677],[-73.9822,40.7678],[-73.9823,40.7679],[-73.9824,40.7679],[-73.9824,40.768],[-73.9824,40.7681],[-73.9823,40.7682],[-73.9823,40.7683],[-73.9822,40.7684],[-73.982,40.7684],[-73.982,40.7684]]],[[[-73.9096,40.8371],[-73.9095,40.8372],[-73.9093,40.8373],[-73.9092,40.8375],[-73.909,40.8379],[-73.9089,40.8384],[-73.9089,40.8389],[-73.9089,40.8394],[-73.9091,40.8399],[-73.9094,40.8413],[-73.9096,40.8428],[-73.9077,40.8427],[-73.906,40.8426],[-73.9051,40.8425],[-73.905,40.8423],[-73.9052,40.8407],[-73.9054,40.8403],[-73.9056,40.8398],[-73.9058,40.8396],[-73.9065,40.8387],[-73.9067,40.8384],[-73.9068,40.8383],[-73.907,40.8381],[-73.9072,40.8379],[-73.9074,40.8378],[-73.9076,40.8377],[-73.9078,40.8373],[-73.9079,40.8372],[-73.908,40.8372],[-73.9081,40.8371],[-73.9096,40.8371],[-73.9096,40.8371]]],[[[-73.897,40.8343],[-73.8985,40.8347],[-73.9012,40.8354],[-73.9006,40.8366],[-73.9004,40.837],[-73.9003,40.8371],[-73.9002,40.8373],[-73.9,40.8375],[-73.899,40.8393],[-73.8975,40.8421],[-73.8965,40.8437],[-73.8976,40.8438],[-73.8975,40.844],[-73.8974,40.8442],[-73.8962,40.8467],[-73.8943,40.8465],[-73.8939,40.8465],[-73.8934,40.8464],[-73.894,40.8447],[-73.8948,40.8437],[-73.8948,40.8436],[-73.8953,40.8429],[-73.895,40.8427],[-73.8948,40.8426],[-73.8932,40.8416],[-73.8902,40.8399],[-73.8887,40.8392],[-73.8875,40.8396],[-73.8873,40.8381],[-73.8887,40.838],[-73.8907,40.8368],[-73.8911,40.8367],[-73.8915,40.8367],[-73.8936,40.8365],[-73.8941,40.8363],[-73.8945,40.8361],[-73.8949,40.8358],[-73.8951,40.8354],[-73.8956,40.8351],[-73.8961,40.8347],[-73.8967,40.8345],[-73.897,40.8343]]],[[[-73.8164,40.8612],[-73.8167,40.8612],[-73.8167,40.8612],[-73.8168,40.8612],[-73.8168,40.8612],[-73.8169,40.8612],[-73.8169,40.8612],[-73.8169,40.8611],[-73.8169,40.861],[-73.817,40.861],[-73.817,40.8609],[-73.8171,40.8609],[-73.8172,40.8608],[-73.8174,40.8609],[-73.8175,40.8609],[-73.8177,40.861],[-73.8178,40.8611],[-73.818,40.8611],[-73.8181,40.8611],[-73.8183,40.861],[-73.8184,40.861],[-73.8185,40.8609],[-73.8186,40.8608],[-73.8186,40.8607],[-73.8186,40.8606],[-73.8186,40.8604],[-73.8185,40.8602],[-73.8185,40.86],[-73.8184,40.8598],[-73.8186,40.8595],[-73.8188,40.8594],[-73.8191,40.8593],[-73.8194,40.8593],[-73.8197,40.8593],[-73.8201,40.8593],[-73.8203,40.8593],[-73.8203,40.8592],[-73.8205,40.8591],[-73.8213,40.8592],[-73.8218,40.8592],[-73.822,40.8594],[-73.8217,40.8595],[-73.8216,40.8596],[-73.8218,40.8598],[-73.8222,40.8598],[-73.8224,40.8598],[-73.8221,40.86],[-73.8219,40.86],[-73.822,40.8601],[-73.8224,40.8601],[-73.8226,40.8601],[-73.8227,40.8602],[-73.8224,40.8603],[-73.8223,40.8603],[-73.822,40.8604],[-73.8218,40.8606],[-73.8216,40.8605],[-73.8217,40.8602],[-73.8216,40.86],[-73.8214,40.8598],[-73.8214,40.8596],[-73.8214,40.8594],[-73.8212,40.8594],[-73.821,40.8593],[-73.8209,40.8595],[-73.821,40.8596],[-73.821,40.8598],[-73.821,40.86],[-73.8208,40.86],[-73.8207,40.8598],[-73.8204,40.8598],[-73.8201,40.8599],[-73.82,40.8599],[-73.8202,40.86],[-73.8205,40.8603],[-73.8204,40.8606],[-73.8203,40.8608],[-73.8203,40.8609],[-73.8203,40.8611],[-73.8202,40.8612],[-73.8201,40.8612],[-73.8199,40.8613],[-73.8198,40.8614],[-73.8195,40.8615],[-73.8194,40.8617],[-73.8194,40.8618],[-73.819,40.8622],[-73.8189,40.8622],[-73.8189,40.8624],[-73.8189,40.8624],[-73.8176,40.8636],[-73.8166,40.8642],[-73.8152,40.8656],[-73.8152,40.8648],[-73.815,40.8642],[-73.8149,40.8637],[-73.8151,40.8631],[-73.8164,40.8612],[-73.8164,40.8612]]],[[[-73.8807,40.8608],[-73.8808,40.861],[-73.881,40.8613],[-73.8838,40.8642],[-73.8839,40.8644],[-73.884,40.8647],[-73.8839,40.8649],[-73.8838,40.8652],[-73.8837,40.8654],[-73.8834,40.8656],[-73.8827,40.866],[-73.8826,40.8661],[-73.8822,40.8663],[-73.882,40.8664],[-73.8816,40.8665],[-73.8812,40.8666],[-73.8809,40.8668],[-73.8808,40.867],[-73.8806,40.8671],[-73.8804,40.8672],[-73.88,40.8674],[-73.8791,40.868],[-73.8793,40.868],[-73.8795,40.868],[-73.8795,40.868],[-73.8797,40.868],[-73.8799,40.8684],[-73.8777,40.8696],[-73.8762,40.8705],[-73.8744,40.8727],[-73.8716,40.8769],[-73.8703,40.8784],[-73.8701,40.8783],[-73.8698,40.8782],[-73.8695,40.8781],[-73.8695,40.878],[-73.8702,40.8764],[-73.8702,40.8763],[-73.8703,40.8761],[-73.8703,40.8758],[-73.8703,40.8756],[-73.8704,40.8733],[-73.8705,40.8697],[-73.8705,40.8695],[-73.8705,40.8693],[-73.8705,40.8688],[-73.8705,40.8682],[-73.8705,40.868],[-73.8704,40.8654],[-73.8704,40.8648],[-73.8704,40.8643],[-73.8704,40.8638],[-73.8704,40.8633],[-73.8709,40.8589],[-73.871,40.8578],[-73.8711,40.8573],[-73.871,40.8573],[-73.8709,40.8573],[-73.8709,40.8573],[-73.8695,40.8577],[-73.8684,40.8578],[-73.8689,40.8572],[-73.8693,40.8567],[-73.8702,40.8566],[-73.8705,40.8564],[-73.8707,40.8562],[-73.8709,40.856],[-73.8711,40.8557],[-73.8713,40.8554],[-73.8715,40.8552],[-73.8716,40.855],[-73.8717,40.8548],[-73.8718,40.8546],[-73.8718,40.8541],[-73.8718,40.8539],[-73.8717,40.8533],[-73.8716,40.853],[-73.8715,40.8519],[-73.8714,40.8512],[-73.8713,40.8474],[-73.8713,40.8472],[-73.8714,40.8463],[-73.8714,40.8458],[-73.8717,40.8446],[-73.8717,40.8442],[-73.8719,40.8437],[-73.874,40.8425],[-73.8746,40.8415],[-73.8768,40.8423],[-73.8769,40.8423],[-73.8782,40.8426],[-73.8772,40.8441],[-73.8768,40.8447],[-73.8767,40.8449],[-73.8766,40.845],[-73.8765,40.8454],[-73.8764,40.846],[-73.8762,40.8466],[-73.8759,40.8471],[-73.8755,40.8479],[-73.8754,40.8482],[-73.8753,40.8484],[-73.8752,40.8494],[-73.8751,40.8499],[-73.8751,40.85],[-73.8751,40.8502],[-73.8752,40.8507],[-73.8753,40.8508],[-73.8753,40.8509],[-73.8753,40.851],[-73.8752,40.8512],[-73.8749,40.8518],[-73.8743,40.8527],[-73.8747,40.8536],[-73.8748,40.8539],[-73.8751,40.8538],[-73.8752,40.8538],[-73.8756,40.8538],[-73.8761,40.8541],[-73.8764,40.8542],[-73.8769,40.8544],[-73.8772,40.8546],[-73.8771,40.8551],[-73.877,40.8552],[-73.877,40.8554],[-73.8774,40.8555],[-73.8779,40.8556],[-73.8784,40.8558],[-73.8792,40.8564],[-73.8808,40.8575],[-73.8809,40.8577],[-73.881,40.8581],[-73.881,40.8585],[-73.8808,40.8594],[-73.8806,40.8605],[-73.8807,40.8608],[-73.8807,40.8608]]]]}}]}